#
# A fatal error has been detected by the Java Runtime Environment:
#
#  EXCEPTION_ACCESS_VIOLATION (0xc0000005) at pc=0x00007ff87484466d, pid=14192, tid=8000
#
# JRE version: OpenJDK Runtime Environment Temurin-21.0.1+12 (21.0.1+12) (build 21.0.1+12-LTS)
# Java VM: OpenJDK 64-Bit Server VM Temurin-21.0.1+12 (21.0.1+12-LTS, mixed mode, sharing, tiered, compressed oops, compressed class ptrs, g1 gc, windows-amd64)
# Problematic frame:
# C  [xv_isl_iostreams.dll+0x2b466d]
#
# No core dump will be written. Minidumps are not enabled by default on client versions of Windows
#
# If you would like to submit a bug report, please visit:
#   https://github.com/adoptium/adoptium-support/issues
# The crash happened outside the Java Virtual Machine in native code.
# See problematic frame for where to report the bug.
#

---------------  S U M M A R Y ------------

Command Line: -Dsun.java2d.pmoffscreen=false -Dhttps.protocols=TLSv1,TLSv1.1,TLSv1.2 -Dsun.java2d.xrender=false -Dsun.java2d.d3d=false -Dsun.awt.nopixfmt=true -Dsun.java2d.dpiaware=true -Dsun.java2d.uiScale.enabled=false -Dswing.aatext=true -XX:-UsePerfData -Djdk.map.althashing.threshold=512 -XX:StringTableSize=4072 -XX:+UseStringDeduplication -XX:MaxGCPauseMillis=200 -XX:ParallelGCThreads=4 -XX:+ParallelRefProcEnabled --add-opens=java.desktop/javax.swing.plaf.synth=ALL-UNNAMED --add-opens=java.base/java.nio=ALL-UNNAMED --add-opens=java.desktop/sun.swing=ALL-UNNAMED --add-opens=java.desktop/javax.swing=ALL-UNNAMED --add-opens=java.desktop/javax.swing.tree=ALL-UNNAMED --add-opens=java.desktop/javax.swing.plaf.basic=ALL-UNNAMED --add-opens=java.desktop/javax.swing.plaf.synth=ALL-UNNAMED --add-opens=java.desktop/javax.swing.plaf.basic=ALL-UNNAMED --add-opens=java.desktop/javax.swing=ALL-UNNAMED --add-opens=java.desktop/javax.swing.tree=ALL-UNNAMED --add-opens=java.desktop/java.awt.event=ALL-UNNAMED --add-exports=java.desktop/javax.swing.plaf.synth=ALL-UNNAMED --add-exports=java.base/java.nio=ALL-UNNAMED --add-exports=java.desktop/sun.swing=ALL-UNNAMED --add-exports=java.desktop/javax.swing=ALL-UNNAMED --add-exports=java.desktop/javax.swing.tree=ALL-UNNAMED --add-exports=java.desktop/javax.swing.plaf.basic=ALL-UNNAMED --add-exports=java.desktop/sun.swing=ALL-UNNAMED --add-exports=java.desktop/sun.swing.table=ALL-UNNAMED --add-exports=java.desktop/sun.swing.plaf.synth=ALL-UNNAMED --add-exports=java.desktop/sun.awt.shell=ALL-UNNAMED --add-exports=java.base/sun.security.action=ALL-UNNAMED --add-exports=java.desktop/sun.font=ALL-UNNAMED -XX:NewSize=80m -XX:MaxNewSize=80m -Xms812m -Xmx6144m -Xss10m 

Host: 12th Gen Intel(R) Core(TM) i7-12700K, 20 cores, 31G,  Windows 11 , 64 bit Build 26100 (10.0.26100.9444)
Time: Tue Oct  6 14:26:14 2026 Mitteleuropäische Sommerzeit elapsed time: 20.500868 seconds (0d 0h 0m 20s)

---------------  T H R E A D  ---------------

Current thread (0x00000130907cb040):  JavaThread "NewProject Thread"        [_thread_in_native, id=8000, stack(0x00000011dd900000,0x00000011de300000) (10240K)]

Stack: [0x00000011dd900000,0x00000011de300000],  sp=0x00000011de2fe490,  free space=10233k
Native frames: (J=compiled Java code, j=interpreted, Vv=VM code, C=native code)
C  [xv_isl_iostreams.dll+0x2b466d]
C  [xv_isl_iostreams.dll+0x2e7fa4]
C  [xv_isl_iostreams.dll+0x2e3563]
C  [xv_isl_iostreams.dll+0x26a57c]
C  [xv_isl_iostreams.dll+0x2690de]
C  [xv_common.dll+0x8c2029]
C  [xv_common.dll+0x719624]
C  [xv_common.dll+0x71967d]
C  0x00007ff84470f1cd
C  0x00007ff844710ec3
C  0x00007ff84470f7d4
C  0x00007ff8446aa192
C  0x00007ff8447125ea
C  0x00007ff84470d8f5
C  0x00007ff84469f49f
C  0x00007ff844700d22
C  0x0000013035ddce0b

The last pc belongs to native method entry point (kind = native) (printed below).
Java frames: (J=compiled Java code, j=interpreted, Vv=VM code)
j  ui.frmwork.xhub.xhubi.XHubSwigIntf_getStore(Ljava/lang/String;)J+0
j  ui.frmwork.xhub.r.adB(Ljava/lang/String;)Lui/frmwork/xhub/q;+1
j  ui.utils.az.adB(Ljava/lang/String;)Lui/frmwork/xhub/q;+1
j  ui.views.c.v.g.Me()V+15
j  ui.views.i.construct()Ljava/lang/Object;+4
j  ui.frmwork.D.run()V+23
j  java.lang.Thread.runWith(Ljava/lang/Object;Ljava/lang/Runnable;)V+5 java.base@21.0.1
j  java.lang.Thread.run()V+19 java.base@21.0.1
v  ~StubRoutines::call_stub 0x0000013035dd100d

siginfo: EXCEPTION_ACCESS_VIOLATION (0xc0000005), writing address 0x00000000035bcd60


Registers:
RAX=0x0000013099624b80, RBX=0x00007ff8755df7b0, RCX=0x0000000000000000, RDX=0x00000000019603a7
RSP=0x00000011de2fe490, RBP=0x00000011de2fe660, RSI=0x0000000000000003, RDI=0x0000000000000003
R8 =0x7caf9dd7ff3ffafe, R9 =0x00000000000001b2, R10=0x0000000000000000, R11=0x000000000000002f
R12=0x00000000035bcd80, R13=0x0000000000000000, R14=0x0000013099624b80, R15=0x00000000035bcd60
RIP=0x00007ff87484466d, EFLAGS=0x0000000000010246


Register to memory mapping:

RAX=0x0000013099624b80 points into unknown readable memory: 0x0055002f003a0043 | 43 00 3a 00 2f 00 55 00
RBX=0x00007ff8755df7b0 xv_isl_iostreams.dll
RCX=0x0 is null
RDX=0x00000000019603a7 is an unknown value
RSP=0x00000011de2fe490 is pointing into the stack for thread: 0x00000130907cb040
RBP=0x00000011de2fe660 is pointing into the stack for thread: 0x00000130907cb040
RSI=0x0000000000000003 is an unknown value
RDI=0x0000000000000003 is an unknown value
R8 =0x7caf9dd7ff3ffafe is an unknown value
R9 =0x00000000000001b2 is an unknown value
R10=0x0 is null
R11=0x000000000000002f is an unknown value
R12=0x00000000035bcd80 is an unknown value
R13=0x0 is null
R14=0x0000013099624b80 points into unknown readable memory: 0x0055002f003a0043 | 43 00 3a 00 2f 00 55 00
R15=0x00000000035bcd60 is an unknown value

Top of Stack: (sp=0x00000011de2fe490)
0x00000011de2fe490:   00000011de2fe528 00007ff988842d7b
0x00000011de2fe4a0:   00000011de2fe6f0 00007ff96b9934a5
0x00000011de2fe4b0:   00000000035bcd80 0000013099624b80
0x00000011de2fe4c0:   0000000000000001 00000011de2fe948
0x00000011de2fe4d0:   00000011de2fe978 00000011de2fe998
0x00000011de2fe4e0:   00007ff874b47380 0000000000000000
0x00000011de2fe4f0:   000000000000000f 00007ff874877fa4
0x00000011de2fe500:   00007ff8755df7b0 00000011de2fe660
0x00000011de2fe510:   00000011de2fe520 0000000000000003
0x00000011de2fe520:   000000786963782e 0000000000000000
0x00000011de2fe530:   0000000000000005 000000000000000f
0x00000011de2fe540:   0000fc2e81da2a6b 00000011de2fe998
0x00000011de2fe550:   00000011de2fe6f0 00007ff874873563
0x00000011de2fe560:   0000000000000000 00000011de2fe6f0
0x00000011de2fe570:   0000000000000000 0000000000000000
0x00000011de2fe580:   00000011de2fe970 0000000000000101
0x00000011de2fe590:   00000011de2fe6f0 00007ff800000003
0x00000011de2fe5a0:   00000011de2fe948 00000011de2fe998
0x00000011de2fe5b0:   0000000000000001 0000000100000003
0x00000011de2fe5c0:   00007ff98166c630 00000011de2fe970
0x00000011de2fe5d0:   0000013095ff9620 0000001100000001
0x00000011de2fe5e0:   0000013095ff9620 00000011de2fe948
0x00000011de2fe5f0:   0000013094c2db50 0000000000000000
0x00000011de2fe600:   00000000000000af 00000000000000af
0x00000011de2fe610:   00000000002f3a43 000001301ba802d0
0x00000011de2fe620:   0000000000000003 000000000000000f
0x00000011de2fe630:   0000000000000000 00000000000000c0
0x00000011de2fe640:   0000000000000000 000000000000000f
0x00000011de2fe650:   0000000000000000 0000000000000000
0x00000011de2fe660:   0000000000000000 000000000000000f
0x00000011de2fe670:   000001308ecbc3a0 000001301bba0000
0x00000011de2fe680:   00000000000000af 00000000000000af 

Instructions: (pc=0x00007ff87484466d)
0x00007ff87484456d:   cc cc cc c2 00 00 cc cc cc cc cc cc cc cc cc cc
0x00007ff87484457d:   cc cc cc c2 00 00 cc cc cc cc cc cc cc cc cc cc
0x00007ff87484458d:   cc cc cc 48 8b 41 08 4c 8b c1 33 c9 48 89 08 48
0x00007ff87484459d:   89 48 10 48 89 48 18 0f 10 02 0f 11 00 0f 10 4a
0x00007ff8748445ad:   10 0f 11 48 10 48 89 4a 10 88 0a 48 c7 42 18 0f
0x00007ff8748445bd:   00 00 00 49 8b 40 08 48 8d 48 20 49 89 48 08 c3
0x00007ff8748445cd:   cc cc cc 4c 89 44 24 18 48 89 4c 24 08 53 56 57
0x00007ff8748445dd:   41 54 41 55 41 56 41 57 48 83 ec 30 4c 8b ea 48
0x00007ff8748445ed:   8b d9 48 8b 01 4c 8b fa 4c 2b f8 48 8b 71 08 48
0x00007ff8748445fd:   2b f0 48 c1 fe 05 48 bf ff ff ff ff ff ff ff 07
0x00007ff87484460d:   48 3b f7 0f 84 3f 01 00 00 48 ff c6 48 8b 49 10
0x00007ff87484461d:   48 2b c8 48 c1 f9 05 48 8b d1 48 d1 ea 48 8b c7
0x00007ff87484462d:   48 2b c2 48 3b c8 77 0b 48 8d 3c 0a 48 3b fe 48
0x00007ff87484463d:   0f 42 fe 48 89 bc 24 88 00 00 00 48 8b d7 48 8b
0x00007ff87484464d:   cb e8 6d 5d f3 ff 4c 8b f0 48 89 44 24 28 49 83
0x00007ff87484465d:   e7 e0 4c 03 f8 4d 8d 67 20 4c 89 64 24 20 33 c9
0x00007ff87484466d:   49 89 0f 49 89 4f 10 49 89 4f 18 48 8b 84 24 80
0x00007ff87484467d:   00 00 00 0f 10 00 41 0f 11 07 0f 10 48 10 41 0f
0x00007ff87484468d:   11 4f 10 48 89 48 10 48 c7 40 18 0f 00 00 00 88
0x00007ff87484469d:   08 4c 89 7c 24 78 48 8b 53 08 48 8b 0b 4c 3b ea
0x00007ff8748446ad:   75 05 4d 8b e6 eb 1a 4c 8b cb 4d 8b c6 49 8b d5
0x00007ff8748446bd:   e8 de 14 f3 ff 4c 89 74 24 78 48 8b 53 08 49 8b
0x00007ff8748446cd:   cd 4c 8b cb 4d 8b c4 e8 c7 14 f3 ff 90 48 8b 0b
0x00007ff8748446dd:   48 85 c9 74 40 4c 8b c3 48 8b 53 08 e8 42 03 f3
0x00007ff8748446ed:   ff 48 8b 0b 48 8b 53 10 48 2b d1 48 83 e2 e0 48
0x00007ff8748446fd:   81 fa 00 10 00 00 72 18 48 83 c2 27 4c 8b 41 f8
0x00007ff87484470d:   49 2b c8 48 8d 41 f8 48 83 f8 1f 77 34 49 8b c8
0x00007ff87484471d:   e8 f2 cb 1f 00 4c 89 33 48 c1 e6 05 49 03 f6 48
0x00007ff87484472d:   89 73 08 48 c1 e7 05 49 03 fe 48 89 7b 10 49 8b
0x00007ff87484473d:   c7 48 83 c4 30 41 5f 41 5e 41 5d 41 5c 5f 5e 5b
0x00007ff87484474d:   c3 ff 15 5c 01 22 00 cc e8 b6 5b f3 ff cc cc cc
0x00007ff87484475d:   cc cc cc 48 8b 01 c3 cc cc cc cc cc cc cc cc cc 


Stack slot to memory mapping:

stack at sp + 0 slots: 0x00000011de2fe528 is pointing into the stack for thread: 0x00000130907cb040
stack at sp + 1 slots: 0x00007ff988842d7b ucrtbase.dll
stack at sp + 2 slots: 0x00000011de2fe6f0 is pointing into the stack for thread: 0x00000130907cb040
stack at sp + 3 slots: 0x00007ff96b9934a5 MSVCP140.dll
stack at sp + 4 slots: 0x00000000035bcd80 is an unknown value
stack at sp + 5 slots: 0x0000013099624b80 points into unknown readable memory: 0x0055002f003a0043 | 43 00 3a 00 2f 00 55 00
stack at sp + 6 slots: 0x0000000000000001 is an unknown value
stack at sp + 7 slots: 0x00000011de2fe948 is pointing into the stack for thread: 0x00000130907cb040

native method entry point (kind = native)  [0x0000013035ddc9e0, 0x0000013035ddd508]  2856 bytes
[MachCode]
  0x0000013035ddc9e0: 488b 4b08 | 0fb7 492e | 584c 8d74 | ccf8 6800 | 0000 0068 | 0000 0000 | 5055 488b | ec41 5568 
  0x0000013035ddca00: 0000 0000 | 4c8b 6b08 | 4d8d 6d38 | 5348 8b53 | 0848 8b52 | 0848 8b52 | 1848 8b52 | 7048 8b12 
  0x0000013035ddca20: 5248 8b53 | 1048 85d2 | 0f84 0700 | 0000 4881 | c208 0100 | 0052 488b | 5308 488b | 5208 488b 
  0x0000013035ddca40: 5210 5249 | 8bc6 482b | c548 c1e8 | 0350 6800 | 0000 0068 | 0000 0000 | 4889 2424 | 41c6 8779 
  0x0000013035ddca60: 0400 0001 | 488b 4310 | 4885 c074 | 208b 88cc | 0000 0083 | c102 8988 | cc00 0000 | 2388 e000 
  0x0000013035ddca80: 0000 0f84 | cb09 0000 | e9cf 0000 | 0048 8b43 | 1848 85c0 | 0f85 b000 | 0000 e805 | 0000 00e9 
  0x0000013035ddcaa0: 9900 0000 | 488b d348 | 8d44 2408 | 4c89 6dc0 | 498b cfc5 | f877 4989 | afa8 0300 | 0049 8987 
  0x0000013035ddcac0: 9803 0000 | 4883 ec20 | 40f6 c40f | 0f84 1900 | 0000 4883 | ec08 48b8 | 301a a96f | f87f 0000 
  0x0000013035ddcae0: ffd0 4883 | c408 e90c | 0000 0048 | b830 1aa9 | 6ff8 7f00 | 00ff d048 | 83c4 2049 | c787 9803 
  0x0000013035ddcb00: 0000 0000 | 0000 49c7 | 87a8 0300 | 0000 0000 | 0049 c787 | a003 0000 | 0000 0000 | c5f8 7749 
  0x0000013035ddcb20: 837f 0800 | 0f84 0500 | 0000 e9d1 | 43ff ff4c | 8b6d c04c | 8b75 c84e | 8d74 f500 | c348 8b43 
  0x0000013035ddcb40: 1848 85c0 | 0f84 1200 | 0000 8b48 | 0883 c102 | 8948 0823 | 481c 0f84 | f708 0000 | 493b a7e8 
  0x0000013035ddcb60: 0400 000f | 8748 0000 | 0089 8424 | 00f0 ffff | 8984 2400 | e0ff ff89 | 8424 00d0 | ffff 8984 
  0x0000013035ddcb80: 2400 c0ff | ff89 8424 | 00b0 ffff | 8984 2400 | a0ff ff89 | 8424 0090 | ffff 8984 | 2400 80ff 
  0x0000013035ddcba0: ff49 3ba7 | e004 0000 | 7607 4989 | a7e8 0400 | 0041 c687 | 7904 0000 | 0049 baae | 9a34 70f8 
  0x0000013035ddcbc0: 7f00 0041 | 803a 000f | 843e 0000 | 0048 8b55 | e849 8bcf | 4883 ec20 | 40f6 c40f | 0f84 1900 
  0x0000013035ddcbe0: 0000 4883 | ec08 48b8 | a0d6 de6f | f87f 0000 | ffd0 4883 | c408 e90c | 0000 0048 | b8a0 d6de 
  0x0000013035ddcc00: 6ff8 7f00 | 00ff d048 | 83c4 2048 | 8b5d e84c | 8b5b 0845 | 0fb7 5b2e | 41c1 e303 | 492b e348 
  0x0000013035ddcc20: 83ec 2048 | 83e4 f04c | 8b5b 604d | 85db 0f85 | ab00 0000 | e805 0000 | 00e9 9900 | 0000 488b 
  0x0000013035ddcc40: d348 8d44 | 2408 4c89 | 6dc0 498b | cfc5 f877 | 4989 afa8 | 0300 0049 | 8987 9803 | 0000 4883 
  0x0000013035ddcc60: ec20 40f6 | c40f 0f84 | 1900 0000 | 4883 ec08 | 48b8 1041 | a96f f87f | 0000 ffd0 | 4883 c408 
  0x0000013035ddcc80: e90c 0000 | 0048 b810 | 41a9 6ff8 | 7f00 00ff | d048 83c4 | 2049 c787 | 9803 0000 | 0000 0000 
  0x0000013035ddcca0: 49c7 87a8 | 0300 0000 | 0000 0049 | c787 a003 | 0000 0000 | 0000 c5f8 | 7749 837f | 0800 0f84 
  0x0000013035ddccc0: 0500 0000 | e937 42ff | ff4c 8b6d | c04c 8b75 | c84e 8d74 | f500 c348 | 8b5d e84c | 8b5b 6041 
  0x0000013035ddcce0: ffd3 488b | 5de8 4889 | 4518 448b | 5b28 41f6 | c308 0f84 | 1b00 0000 | 4c8b 5b08 | 4d8b 5b08 
  0x0000013035ddcd00: 4d8b 5b18 | 4d8b 5b70 | 4d8b 1b4c | 895d 1048 | 8d55 1048 | 8b43 5849 | baf0 2bdf | 6ff8 7f00 
  0x0000013035ddcd20: 0049 3bc2 | 0f85 ab00 | 0000 e805 | 0000 00e9 | 9900 0000 | 488b d348 | 8d44 2408 | 4c89 6dc0 
  0x0000013035ddcd40: 498b cfc5 | f877 4989 | afa8 0300 | 0049 8987 | 9803 0000 | 4883 ec20 | 40f6 c40f | 0f84 1900 
  0x0000013035ddcd60: 0000 4883 | ec08 48b8 | 1041 a96f | f87f 0000 | ffd0 4883 | c408 e90c | 0000 0048 | b810 41a9 
  0x0000013035ddcd80: 6ff8 7f00 | 00ff d048 | 83c4 2049 | c787 9803 | 0000 0000 | 0000 49c7 | 87a8 0300 | 0000 0000 
  0x0000013035ddcda0: 0049 c787 | a003 0000 | 0000 0000 | c5f8 7749 | 837f 0800 | 0f84 0500 | 0000 e941 | 41ff ff4c 
  0x0000013035ddcdc0: 8b6d c04c | 8b75 c84e | 8d74 f500 | c348 8b5d | e848 8b43 | 5849 8d8f | b803 0000 | c5f8 7749 
  0x0000013035ddcde0: 89af a803 | 0000 49ba | dccd dd35 | 3001 0000 | 4d89 97a0 | 0300 0049 | 89a7 9803 | 0000 41c7 
  0x0000013035ddce00: 874c 0400 | 0004 0000 | 00ff d0c5 | f877 4883 | ec10 c5fb | 1104 2448 | 83ec 1048 | 8904 2448 
  0x0000013035ddce20: c744 2408 | 0000 0000 | 41c7 874c | 0400 0005 | 0000 00f0 | 8344 24c0 | 0049 3baf | 5004 0000 
  0x0000013035ddce40: 0f87 0e00 | 0000 4183 | bf48 0400 | 0000 0f84 | 2000 0000 | 498b cf4c | 8be4 4883 | ec20 4883 
  0x0000013035ddce60: e4f0 48b8 | 2099 aa6f | f87f 0000 | ffd0 498b | e44d 33e4 | 41c7 874c | 0400 0008 | 0000 0049 
  0x0000013035ddce80: c787 9803 | 0000 0000 | 0000 49c7 | 87a8 0300 | 0000 0000 | 0049 c787 | a003 0000 | 0000 0000 
  0x0000013035ddcea0: c5f8 774d | 8b9f 2804 | 0000 41c7 | 8300 0100 | 0000 0000 | 0049 bb9a | a3dd 3530 | 0100 004c 
  0x0000013035ddcec0: 3b5d 180f | 8524 0200 | 0048 8b04 | 2448 83c4 | 1048 85c0 | 0f84 fe01 | 0000 a803 | 0f85 0800 
  0x0000013035ddcee0: 0000 488b | 00e9 ee01 | 0000 a801 | 0f85 0900 | 0000 488b | 40fe e9dd | 0100 0048 | 8b40 ff41 
  0x0000013035ddcf00: 807f 4000 | 0f84 ce01 | 0000 4883 | f800 0f84 | c401 0000 | 4d8b 5f28 | 4983 fb00 | 0f84 1400 
  0x0000013035ddcf20: 0000 4983 | eb08 4d89 | 5f28 4d03 | 5f38 4989 | 03e9 a201 | 0000 4881 | ecd0 0000 | 0048 8904 
  0x0000013035ddcf40: 2448 894c | 2408 4889 | 5424 1048 | 8974 2418 | 4889 7c24 | 204c 8944 | 2428 4c89 | 4c24 304c 
  0x0000013035ddcf60: 8954 2438 | 4c89 5c24 | 40c5 fb11 | 4424 50c5 | fb11 4c24 | 58c5 fb11 | 5424 60c5 | fb11 5c24 
  0x0000013035ddcf80: 68c5 fb11 | 6424 70c5 | fb11 6c24 | 78c5 fb11 | b424 8000 | 0000 c5fb | 11bc 2488 | 0000 00c5 
  0x0000013035ddcfa0: 7b11 8424 | 9000 0000 | c57b 118c | 2498 0000 | 00c5 7b11 | 9424 a000 | 0000 c57b | 119c 24a8 
  0x0000013035ddcfc0: 0000 00c5 | 7b11 a424 | b000 0000 | c57b 11ac | 24b8 0000 | 00c5 7b11 | b424 c000 | 0000 c57b 
  0x0000013035ddcfe0: 11bc 24c8 | 0000 0049 | 8bd7 488b | c848 83ec | 2040 f6c4 | 0f0f 8419 | 0000 0048 | 83ec 0848 
  0x0000013035ddd000: b8e0 089e | 6ff8 7f00 | 00ff d048 | 83c4 08e9 | 0c00 0000 | 48b8 e008 | 9e6f f87f | 0000 ffd0 
  0x0000013035ddd020: 4883 c420 | c57b 10bc | 24c8 0000 | 00c5 7b10 | b424 c000 | 0000 c57b | 10ac 24b8 | 0000 00c5 
  0x0000013035ddd040: 7b10 a424 | b000 0000 | c57b 109c | 24a8 0000 | 00c5 7b10 | 9424 a000 | 0000 c57b | 108c 2498 
  0x0000013035ddd060: 0000 00c5 | 7b10 8424 | 9000 0000 | c5fb 10bc | 2488 0000 | 00c5 fb10 | b424 8000 | 0000 c5fb 
  0x0000013035ddd080: 106c 2478 | c5fb 1064 | 2470 c5fb | 105c 2468 | c5fb 1054 | 2460 c5fb | 104c 2458 | c5fb 1044 
  0x0000013035ddd0a0: 2450 4c8b | 5c24 404c | 8b54 2438 | 4c8b 4c24 | 304c 8b44 | 2428 488b | 7c24 2048 | 8b74 2418 
  0x0000013035ddd0c0: 488b 5424 | 1048 8b4c | 2408 488b | 0424 4881 | c4d0 0000 | 00c5 f877 | 4889 4510 | 4883 ec10 
  0x0000013035ddd0e0: 4889 0424 | 48c7 4424 | 0800 0000 | 0041 83bf | c804 0000 | 020f 85bf | 0000 0048 | 81ec 8000 
  0x0000013035ddd100: 0000 4889 | 4424 7848 | 894c 2470 | 4889 5424 | 6848 895c | 2460 4889 | 6c24 5048 | 8974 2448 
  0x0000013035ddd120: 4889 7c24 | 404c 8944 | 2438 4c89 | 4c24 304c | 8954 2428 | 4c89 5c24 | 204c 8964 | 2418 4c89 
  0x0000013035ddd140: 6c24 104c | 8974 2408 | 4c89 3c24 | 4c8b e448 | 83ec 2048 | 83e4 f048 | b880 0edf | 6ff8 7f00 
  0x0000013035ddd160: 00ff d049 | 8be4 4c8b | 3c24 4c8b | 7424 084c | 8b6c 2410 | 4c8b 6424 | 184c 8b5c | 2420 4c8b 
  0x0000013035ddd180: 5424 284c | 8b4c 2430 | 4c8b 4424 | 3848 8b7c | 2440 488b | 7424 4848 | 8b6c 2450 | 488b 5c24 
  0x0000013035ddd1a0: 6048 8b54 | 2468 488b | 4c24 7048 | 8b44 2478 | 4881 c480 | 0000 004d | 33e4 488b | 5de8 4c8b 
  0x0000013035ddd1c0: 6b08 4d8d | 6d38 4983 | 7f08 000f | 84bb 0000 | 00e8 0500 | 0000 e996 | 0000 0048 | 8d44 2408 
  0x0000013035ddd1e0: 4c89 6dc0 | 498b cfc5 | f877 4989 | afa8 0300 | 0049 8987 | 9803 0000 | 4883 ec20 | 40f6 c40f 
  0x0000013035ddd200: 0f84 1900 | 0000 4883 | ec08 48b8 | b05e a96f | f87f 0000 | ffd0 4883 | c408 e90c | 0000 0048 
  0x0000013035ddd220: b8b0 5ea9 | 6ff8 7f00 | 00ff d048 | 83c4 2049 | c787 9803 | 0000 0000 | 0000 49c7 | 87a8 0300 
  0x0000013035ddd240: 0000 0000 | 0049 c787 | a003 0000 | 0000 0000 | c5f8 7749 | 837f 0800 | 0f84 0500 | 0000 e99d 
  0x0000013035ddd260: 3cff ff4c | 8b6d c04c | 8b75 c84e | 8d74 f500 | c348 b950 | e00a 70f8 | 7f00 0048 | 83e4 f048 
  0x0000013035ddd280: b850 efcd | 6ff8 7f00 | 00ff d0f4 | 448b 5b28 | 41f6 c320 | 0f84 4401 | 0000 488d | 55a8 4c8b 
  0x0000013035ddd2a0: 5a08 4d85 | db0f 85bb | 0000 00e8 | 0500 0000 | e996 0000 | 0048 8d44 | 2408 4c89 | 6dc0 498b 
  0x0000013035ddd2c0: cfc5 f877 | 4989 afa8 | 0300 0049 | 8987 9803 | 0000 4883 | ec20 40f6 | c40f 0f84 | 1900 0000 
  0x0000013035ddd2e0: 4883 ec08 | 48b8 e05d | a96f f87f | 0000 ffd0 | 4883 c408 | e90c 0000 | 0048 b8e0 | 5da9 6ff8 
  0x0000013035ddd300: 7f00 00ff | d048 83c4 | 2049 c787 | 9803 0000 | 0000 0000 | 49c7 87a8 | 0300 0000 | 0000 0049 
  0x0000013035ddd320: c787 a003 | 0000 0000 | 0000 c5f8 | 7749 837f | 0800 0f84 | 0500 0000 | e9c3 3bff | ff4c 8b6d 
  0x0000013035ddd340: c04c 8b75 | c84e 8d74 | f500 c348 | b950 e00a | 70f8 7f00 | 0048 83e4 | f048 b850 | efcd 6ff8 
  0x0000013035ddd360: 7f00 00ff | d0f4 4c89 | 6dc0 488d | 024c 8b4a | 0848 c742 | 0800 0000 | 004c 8b00 | 4d85 c00f 
  0x0000013035ddd380: 840b 0000 | 00f0 4d0f | b101 0f85 | 0c00 0000 | 49ff 8f50 | 0500 00e9 | 3e00 0000 | 4c89 4a08 
  0x0000013035ddd3a0: 488b ca48 | 83ec 2040 | f6c4 0f0f | 8419 0000 | 0048 83ec | 0848 b800 | 31a9 6ff8 | 7f00 00ff 
  0x0000013035ddd3c0: d048 83c4 | 08e9 0c00 | 0000 48b8 | 0031 a96f | f87f 0000 | ffd0 4883 | c420 4c8b | 6dc0 49ba 
  0x0000013035ddd3e0: ae9a 3470 | f87f 0000 | 4180 3a00 | 0f84 3e00 | 0000 488b | 55e8 498b | cf48 83ec | 2040 f6c4 
  0x0000013035ddd400: 0f0f 8419 | 0000 0048 | 83ec 0848 | b8a0 d6de | 6ff8 7f00 | 00ff d048 | 83c4 08e9 | 0c00 0000 
  0x0000013035ddd420: 48b8 a0d6 | de6f f87f | 0000 ffd0 | 4883 c420 | 488b 0424 | 4883 c410 | c5fb 1004 | 2448 83c4 
  0x0000013035ddd440: 104c 8b5d | 1841 ffd3 | 4c8b 5df8 | c95f 498b | e3ff e7ba | 0000 0000 | e805 0000 | 00e9 9600 
  0x0000013035ddd460: 0000 488d | 4424 084c | 896d c049 | 8bcf c5f8 | 7749 89af | a803 0000 | 4989 8798 | 0300 0048 
  0x0000013035ddd480: 83ec 2040 | f6c4 0f0f | 8419 0000 | 0048 83ec | 0848 b8c0 | 24a9 6ff8 | 7f00 00ff | d048 83c4 
  0x0000013035ddd4a0: 08e9 0c00 | 0000 48b8 | c024 a96f | f87f 0000 | ffd0 4883 | c420 49c7 | 8798 0300 | 0000 0000 
  0x0000013035ddd4c0: 0049 c787 | a803 0000 | 0000 0000 | 49c7 87a0 | 0300 0000 | 0000 00c5 | f877 4983 | 7f08 000f 
  0x0000013035ddd4e0: 8405 0000 | 00e9 163a | ffff 4c8b | 6dc0 4c8b | 75c8 4e8d | 74f5 00c3 | 488b 5de8 | e95b f6ff 
  0x0000013035ddd500: ff0f 1f80 | 0000 0000 
[/MachCode]

---------------  P R O C E S S  ---------------

Threads class SMR info:
_java_thread_list=0x00000130978d8ba0, length=35, elements={
0x000001301c1e20a0, 0x00000130260ea190, 0x0000013024c9c930, 0x000001302611ea40,
0x00000130261254c0, 0x0000013026125f20, 0x000001302612a990, 0x000001302613e850,
0x000001302614a170, 0x000001302614e070, 0x000001308d03c750, 0x000001308d064870,
0x0000013026289920, 0x000001308d9fd180, 0x000001308fa17dc0, 0x0000013090509010,
0x0000013090509680, 0x00000130903c4d30, 0x000001309071ec40, 0x0000013090720d10,
0x000001309071f960, 0x0000013090720680, 0x00000130907c88e0, 0x00000130261d66a0,
0x000001308e9b65b0, 0x00000130959b86d0, 0x00000130907cb040, 0x00000130906182a0,
0x00000130907c9c90, 0x00000130907ca320, 0x00000130907cbd60, 0x00000130907c9600,
0x00000130907cc3f0, 0x00000130907cf1e0, 0x00000130907cca80
}

Java Threads: ( => current thread )
  0x000001301c1e20a0 JavaThread "main"                              [_thread_blocked, id=3684, stack(0x00000011cf100000,0x00000011cf200000) (1024K)]
  0x00000130260ea190 JavaThread "Reference Handler"          daemon [_thread_blocked, id=16548, stack(0x00000011cf900000,0x00000011d0300000) (10240K)]
  0x0000013024c9c930 JavaThread "Finalizer"                  daemon [_thread_blocked, id=5856, stack(0x00000011d0300000,0x00000011d0d00000) (10240K)]
  0x000001302611ea40 JavaThread "Signal Dispatcher"          daemon [_thread_blocked, id=18640, stack(0x00000011d0d00000,0x00000011d1700000) (10240K)]
  0x00000130261254c0 JavaThread "Attach Listener"            daemon [_thread_blocked, id=2396, stack(0x00000011d1700000,0x00000011d2100000) (10240K)]
  0x0000013026125f20 JavaThread "Service Thread"             daemon [_thread_blocked, id=2888, stack(0x00000011d2100000,0x00000011d2b00000) (10240K)]
  0x000001302612a990 JavaThread "Monitor Deflation Thread"   daemon [_thread_blocked, id=9144, stack(0x00000011d2b00000,0x00000011d3500000) (10240K)]
  0x000001302613e850 JavaThread "C2 CompilerThread0"         daemon [_thread_blocked, id=20768, stack(0x00000011d3500000,0x00000011d3600000) (1024K)]
  0x000001302614a170 JavaThread "C1 CompilerThread0"         daemon [_thread_blocked, id=25680, stack(0x00000011d3600000,0x00000011d3700000) (1024K)]
  0x000001302614e070 JavaThread "StringDedupThread"          daemon [_thread_blocked, id=23604, stack(0x00000011d3700000,0x00000011d4100000) (10240K)]
  0x000001308d03c750 JavaThread "Common-Cleaner"             daemon [_thread_blocked, id=6348, stack(0x00000011d4400000,0x00000011d4e00000) (10240K)]
  0x000001308d064870 JavaThread "Notification Thread"        daemon [_thread_blocked, id=6980, stack(0x00000011d4e00000,0x00000011d5800000) (10240K)]
  0x0000013026289920 JavaThread "Java2D Disposer"            daemon [_thread_blocked, id=18292, stack(0x00000011d5800000,0x00000011d6200000) (10240K)]
  0x000001308d9fd180 JavaThread "AWT-Windows"                daemon [_thread_in_native, id=5184, stack(0x00000011d6c00000,0x00000011d7600000) (10240K)]
  0x000001308fa17dc0 JavaThread "TimerQueue"                 daemon [_thread_blocked, id=22404, stack(0x00000011d6200000,0x00000011d6c00000) (10240K)]
  0x0000013090509010 JavaThread "AWT-Shutdown"                      [_thread_blocked, id=3480, stack(0x00000011d7b00000,0x00000011d8500000) (10240K)]
  0x0000013090509680 JavaThread "AWT-EventQueue-0"                  [_thread_in_native, id=18440, stack(0x00000011d8500000,0x00000011d8f00000) (10240K)]
  0x00000130903c4d30 JavaThread "Thread-0"                   daemon [_thread_blocked, id=22904, stack(0x00000011d8f00000,0x00000011d9900000) (10240K)]
  0x000001309071ec40 JavaThread "Thread-1"                          [_thread_in_native, id=4420, stack(0x00000011cd900000,0x00000011ced00000) (20480K)]
  0x0000013090720d10 JavaThread "Process Messages Thread"           [_thread_blocked, id=25132, stack(0x00000011da700000,0x00000011db100000) (10240K)]
  0x000001309071f960 JavaThread "Batik CleanerThread"        daemon [_thread_blocked, id=26372, stack(0x00000011d9c00000,0x00000011da600000) (10240K)]
  0x0000013090720680 JavaThread "SyntheticaCleanerThread"    daemon [_thread_blocked, id=17944, stack(0x00000011dbb00000,0x00000011dc500000) (10240K)]
  0x00000130907c88e0 JavaThread "Image Fetcher 0"            daemon [_thread_blocked, id=6616, stack(0x00000011dc500000,0x00000011dcf00000) (10240K)]
  0x00000130261d66a0 JavaThread "C1 CompilerThread1"         daemon [_thread_blocked, id=14604, stack(0x00000011d4100000,0x00000011d4200000) (1024K)]
  0x000001308e9b65b0 JavaThread "C1 CompilerThread2"         daemon [_thread_blocked, id=9664, stack(0x00000011d4200000,0x00000011d4300000) (1024K)]
  0x00000130959b86d0 JavaThread "C1 CompilerThread3"         daemon [_thread_blocked, id=25984, stack(0x00000011d4300000,0x00000011d4400000) (1024K)]
=>0x00000130907cb040 JavaThread "NewProject Thread"                 [_thread_in_native, id=8000, stack(0x00000011dd900000,0x00000011de300000) (10240K)]
  0x00000130906182a0 JavaThread "C2 CompilerThread1"         daemon [_thread_blocked, id=4408, stack(0x00000011d7600000,0x00000011d7700000) (1024K)]
  0x00000130907c9c90 JavaThread "Timer-0"                           [_thread_blocked, id=6496, stack(0x00000011db100000,0x00000011dbb00000) (10240K)]
  0x00000130907ca320 JavaThread "Monitor File Timestamp Swing Worker Thread"        [_thread_blocked, id=6908, stack(0x00000011dcf00000,0x00000011dd900000) (10240K)]
  0x00000130907cbd60 JavaThread "Monitor HEventQueue for Sluggish Gui Thread"        [_thread_blocked, id=1836, stack(0x00000011de300000,0x00000011ded00000) (10240K)]
  0x00000130907c9600 JavaThread "SyntheticaAnimation 50"     daemon [_thread_blocked, id=18484, stack(0x00000011ded00000,0x00000011df700000) (10240K)]
  0x00000130907cc3f0 JavaThread "SyntheticaAnimation 25"     daemon [_thread_blocked, id=11536, stack(0x00000011df700000,0x00000011e0100000) (10240K)]
  0x00000130907cf1e0 JavaThread "Open Project Thread"               [_thread_in_native, id=14588, stack(0x00000011e0100000,0x00000011e0b00000) (10240K)]
  0x00000130907cca80 JavaThread "SyntheticaAnimation 70"     daemon [_thread_blocked, id=11836, stack(0x00000011e0b00000,0x00000011e1500000) (10240K)]
Total: 35

Other Threads:
  0x000001302084f420 VMThread "VM Thread"                           [id=8176, stack(0x00000011cf800000,0x00000011cf900000) (1024K)]
  0x0000013024e94060 WatcherThread "VM Periodic Task Thread"        [id=12044, stack(0x00000011cf700000,0x00000011cf800000) (1024K)]
  0x000001302084f7c0 WorkerThread "GC Thread#0"                     [id=7916, stack(0x00000011cf200000,0x00000011cf300000) (1024K)]
  0x000001302084fb60 WorkerThread "GC Thread#1"                     [id=22976, stack(0x00000011d7800000,0x00000011d7900000) (1024K)]
  0x00000130208502a0 WorkerThread "GC Thread#2"                     [id=15528, stack(0x00000011d7900000,0x00000011d7a00000) (1024K)]
  0x000001301c1a4160 WorkerThread "GC Thread#3"                     [id=7312, stack(0x00000011d7a00000,0x00000011d7b00000) (1024K)]
  0x0000013024f46c50 ConcurrentGCThread "G1 Main Marker"            [id=11160, stack(0x00000011cf300000,0x00000011cf400000) (1024K)]
  0x00000130208509e0 WorkerThread "G1 Conc#0"                       [id=11912, stack(0x00000011cf400000,0x00000011cf500000) (1024K)]
  0x0000013025ff1740 ConcurrentGCThread "G1 Refine#0"               [id=7248, stack(0x00000011cf500000,0x00000011cf600000) (1024K)]
  0x0000013024a90c20 ConcurrentGCThread "G1 Service"                [id=7192, stack(0x00000011cf600000,0x00000011cf700000) (1024K)]
Total: 10

Threads with active compile tasks:
Total: 0

VM state: not at safepoint (normal execution)

VM Mutex/Monitor currently owned by a thread: None

Heap address: 0x0000000680000000, size: 6144 MB, Compressed Oops mode: Zero based, Oop shift amount: 3

CDS archive(s) mapped at: [0x0000013048000000-0x0000013048c90000-0x0000013048c90000), size 13172736, SharedBaseAddress: 0x0000013048000000, ArchiveRelocationMode: 1.
Compressed class space mapped at: 0x0000013049000000-0x0000013089000000, reserved size: 1073741824
Narrow klass base: 0x0000013048000000, Narrow klass shift: 0, Narrow klass range: 0x100000000

GC Precious Log:
 CardTable entry size: 512
 Card Set container configuration: InlinePtr #cards 4 size 8 Array Of Cards #cards 32 size 80 Howl #buckets 8 coarsen threshold 7372 Howl Bitmap #cards 1024 size 144 coarsen threshold 921 Card regions per heap region 1 cards per card region 8192
 CPUs: 20 total, 20 available
 Memory: 32541M
 Large Page Support: Disabled
 NUMA Support: Disabled
 Compressed Oops: Enabled (Zero based)
 Heap Region Size: 4M
 Heap Min Capacity: 812M
 Heap Initial Capacity: 812M
 Heap Max Capacity: 6G
 Pre-touch: Disabled
 Parallel Workers: 4
 Concurrent Workers: 1
 Concurrent Refinement Workers: 4
 Periodic GC: Disabled
 String Deduplication is enabled

Heap:
 garbage-first heap   total 831488K, used 145204K [0x0000000680000000, 0x0000000800000000)
  region size 4096K, 20 young (81920K), 3 survivors (12288K)
 Metaspace       used 57800K, committed 58240K, reserved 1114112K
  class space    used 7622K, committed 7808K, reserved 1048576K

Heap Regions: E=young(eden), S=young(survivor), O=old, HS=humongous(starts), HC=humongous(continues), CS=collection set, F=free, TAMS=top-at-mark-start, PB=parsable bottom
|   0|0x0000000680000000, 0x0000000680400000, 0x0000000680400000|100%| O|  |TAMS 0x0000000680000000| PB 0x0000000680000000| Untracked 
|   1|0x0000000680400000, 0x0000000680800000, 0x0000000680800000|100%| O|  |TAMS 0x0000000680400000| PB 0x0000000680400000| Untracked 
|   2|0x0000000680800000, 0x0000000680c00000, 0x0000000680c00000|100%| O|  |TAMS 0x0000000680800000| PB 0x0000000680800000| Untracked 
|   3|0x0000000680c00000, 0x0000000681000000, 0x0000000681000000|100%| O|  |TAMS 0x0000000680c00000| PB 0x0000000680c00000| Untracked 
|   4|0x0000000681000000, 0x0000000681400000, 0x0000000681400000|100%| O|  |TAMS 0x0000000681000000| PB 0x0000000681000000| Untracked 
|   5|0x0000000681400000, 0x0000000681800000, 0x0000000681800000|100%| O|  |TAMS 0x0000000681400000| PB 0x0000000681400000| Untracked 
|   6|0x0000000681800000, 0x0000000681800000, 0x0000000681c00000|  0%| F|  |TAMS 0x0000000681800000| PB 0x0000000681800000| Untracked 
|   7|0x0000000681c00000, 0x0000000682000000, 0x0000000682000000|100%| O|  |TAMS 0x0000000681c00000| PB 0x0000000681c00000| Untracked 
|   8|0x0000000682000000, 0x0000000682400000, 0x0000000682400000|100%| O|  |TAMS 0x0000000682000000| PB 0x0000000682000000| Untracked 
|   9|0x0000000682400000, 0x0000000682800000, 0x0000000682800000|100%| O|  |TAMS 0x0000000682400000| PB 0x0000000682400000| Untracked 
|  10|0x0000000682800000, 0x0000000682c00000, 0x0000000682c00000|100%|HS|  |TAMS 0x0000000682800000| PB 0x0000000682800000| Complete 
|  11|0x0000000682c00000, 0x0000000683000000, 0x0000000683000000|100%|HC|  |TAMS 0x0000000682c00000| PB 0x0000000682c00000| Complete 
|  12|0x0000000683000000, 0x0000000683400000, 0x0000000683400000|100%|HC|  |TAMS 0x0000000683000000| PB 0x0000000683000000| Complete 
|  13|0x0000000683400000, 0x0000000683800000, 0x0000000683800000|100%| O|  |TAMS 0x0000000683400000| PB 0x0000000683400000| Untracked 
|  14|0x0000000683800000, 0x0000000683962fc0, 0x0000000683c00000| 34%| O|  |TAMS 0x0000000683800000| PB 0x0000000683800000| Untracked 
|  15|0x0000000683c00000, 0x0000000684000000, 0x0000000684000000|100%|HS|  |TAMS 0x0000000683c00000| PB 0x0000000683c00000| Complete 
|  16|0x0000000684000000, 0x0000000684400000, 0x0000000684400000|100%|HC|  |TAMS 0x0000000684000000| PB 0x0000000684000000| Complete 
|  17|0x0000000684400000, 0x0000000684800000, 0x0000000684800000|100%|HC|  |TAMS 0x0000000684400000| PB 0x0000000684400000| Complete 
|  18|0x0000000684800000, 0x0000000684c00000, 0x0000000684c00000|100%|HC|  |TAMS 0x0000000684800000| PB 0x0000000684800000| Complete 
|  19|0x0000000684c00000, 0x0000000684c00000, 0x0000000685000000|  0%| F|  |TAMS 0x0000000684c00000| PB 0x0000000684c00000| Untracked 
|  20|0x0000000685000000, 0x0000000685000000, 0x0000000685400000|  0%| F|  |TAMS 0x0000000685000000| PB 0x0000000685000000| Untracked 
|  21|0x0000000685400000, 0x0000000685400000, 0x0000000685800000|  0%| F|  |TAMS 0x0000000685400000| PB 0x0000000685400000| Untracked 
|  22|0x0000000685800000, 0x0000000685800000, 0x0000000685c00000|  0%| F|  |TAMS 0x0000000685800000| PB 0x0000000685800000| Untracked 
|  23|0x0000000685c00000, 0x0000000685c00000, 0x0000000686000000|  0%| F|  |TAMS 0x0000000685c00000| PB 0x0000000685c00000| Untracked 
|  24|0x0000000686000000, 0x0000000686000000, 0x0000000686400000|  0%| F|  |TAMS 0x0000000686000000| PB 0x0000000686000000| Untracked 
|  25|0x0000000686400000, 0x0000000686400000, 0x0000000686800000|  0%| F|  |TAMS 0x0000000686400000| PB 0x0000000686400000| Untracked 
|  26|0x0000000686800000, 0x0000000686800000, 0x0000000686c00000|  0%| F|  |TAMS 0x0000000686800000| PB 0x0000000686800000| Untracked 
|  27|0x0000000686c00000, 0x0000000686c00000, 0x0000000687000000|  0%| F|  |TAMS 0x0000000686c00000| PB 0x0000000686c00000| Untracked 
|  28|0x0000000687000000, 0x0000000687000000, 0x0000000687400000|  0%| F|  |TAMS 0x0000000687000000| PB 0x0000000687000000| Untracked 
|  29|0x0000000687400000, 0x0000000687400000, 0x0000000687800000|  0%| F|  |TAMS 0x0000000687400000| PB 0x0000000687400000| Untracked 
|  30|0x0000000687800000, 0x0000000687800000, 0x0000000687c00000|  0%| F|  |TAMS 0x0000000687800000| PB 0x0000000687800000| Untracked 
|  31|0x0000000687c00000, 0x0000000687c00000, 0x0000000688000000|  0%| F|  |TAMS 0x0000000687c00000| PB 0x0000000687c00000| Untracked 
|  32|0x0000000688000000, 0x0000000688000000, 0x0000000688400000|  0%| F|  |TAMS 0x0000000688000000| PB 0x0000000688000000| Untracked 
|  33|0x0000000688400000, 0x0000000688400000, 0x0000000688800000|  0%| F|  |TAMS 0x0000000688400000| PB 0x0000000688400000| Untracked 
|  34|0x0000000688800000, 0x0000000688800000, 0x0000000688c00000|  0%| F|  |TAMS 0x0000000688800000| PB 0x0000000688800000| Untracked 
|  35|0x0000000688c00000, 0x0000000688c00000, 0x0000000689000000|  0%| F|  |TAMS 0x0000000688c00000| PB 0x0000000688c00000| Untracked 
|  36|0x0000000689000000, 0x0000000689000000, 0x0000000689400000|  0%| F|  |TAMS 0x0000000689000000| PB 0x0000000689000000| Untracked 
|  37|0x0000000689400000, 0x0000000689400000, 0x0000000689800000|  0%| F|  |TAMS 0x0000000689400000| PB 0x0000000689400000| Untracked 
|  38|0x0000000689800000, 0x0000000689800000, 0x0000000689c00000|  0%| F|  |TAMS 0x0000000689800000| PB 0x0000000689800000| Untracked 
|  39|0x0000000689c00000, 0x0000000689c00000, 0x000000068a000000|  0%| F|  |TAMS 0x0000000689c00000| PB 0x0000000689c00000| Untracked 
|  40|0x000000068a000000, 0x000000068a000000, 0x000000068a400000|  0%| F|  |TAMS 0x000000068a000000| PB 0x000000068a000000| Untracked 
|  41|0x000000068a400000, 0x000000068a400000, 0x000000068a800000|  0%| F|  |TAMS 0x000000068a400000| PB 0x000000068a400000| Untracked 
|  42|0x000000068a800000, 0x000000068a800000, 0x000000068ac00000|  0%| F|  |TAMS 0x000000068a800000| PB 0x000000068a800000| Untracked 
|  43|0x000000068ac00000, 0x000000068ac00000, 0x000000068b000000|  0%| F|  |TAMS 0x000000068ac00000| PB 0x000000068ac00000| Untracked 
|  44|0x000000068b000000, 0x000000068b000000, 0x000000068b400000|  0%| F|  |TAMS 0x000000068b000000| PB 0x000000068b000000| Untracked 
|  45|0x000000068b400000, 0x000000068b400000, 0x000000068b800000|  0%| F|  |TAMS 0x000000068b400000| PB 0x000000068b400000| Untracked 
|  46|0x000000068b800000, 0x000000068b800000, 0x000000068bc00000|  0%| F|  |TAMS 0x000000068b800000| PB 0x000000068b800000| Untracked 
|  47|0x000000068bc00000, 0x000000068bc00000, 0x000000068c000000|  0%| F|  |TAMS 0x000000068bc00000| PB 0x000000068bc00000| Untracked 
|  48|0x000000068c000000, 0x000000068c000000, 0x000000068c400000|  0%| F|  |TAMS 0x000000068c000000| PB 0x000000068c000000| Untracked 
|  49|0x000000068c400000, 0x000000068c400000, 0x000000068c800000|  0%| F|  |TAMS 0x000000068c400000| PB 0x000000068c400000| Untracked 
|  50|0x000000068c800000, 0x000000068c800000, 0x000000068cc00000|  0%| F|  |TAMS 0x000000068c800000| PB 0x000000068c800000| Untracked 
|  51|0x000000068cc00000, 0x000000068cc00000, 0x000000068d000000|  0%| F|  |TAMS 0x000000068cc00000| PB 0x000000068cc00000| Untracked 
|  52|0x000000068d000000, 0x000000068d000000, 0x000000068d400000|  0%| F|  |TAMS 0x000000068d000000| PB 0x000000068d000000| Untracked 
|  53|0x000000068d400000, 0x000000068d400000, 0x000000068d800000|  0%| F|  |TAMS 0x000000068d400000| PB 0x000000068d400000| Untracked 
|  54|0x000000068d800000, 0x000000068d800000, 0x000000068dc00000|  0%| F|  |TAMS 0x000000068d800000| PB 0x000000068d800000| Untracked 
|  55|0x000000068dc00000, 0x000000068dc00000, 0x000000068e000000|  0%| F|  |TAMS 0x000000068dc00000| PB 0x000000068dc00000| Untracked 
|  56|0x000000068e000000, 0x000000068e000000, 0x000000068e400000|  0%| F|  |TAMS 0x000000068e000000| PB 0x000000068e000000| Untracked 
|  57|0x000000068e400000, 0x000000068e400000, 0x000000068e800000|  0%| F|  |TAMS 0x000000068e400000| PB 0x000000068e400000| Untracked 
|  58|0x000000068e800000, 0x000000068e800000, 0x000000068ec00000|  0%| F|  |TAMS 0x000000068e800000| PB 0x000000068e800000| Untracked 
|  59|0x000000068ec00000, 0x000000068ec00000, 0x000000068f000000|  0%| F|  |TAMS 0x000000068ec00000| PB 0x000000068ec00000| Untracked 
|  60|0x000000068f000000, 0x000000068f000000, 0x000000068f400000|  0%| F|  |TAMS 0x000000068f000000| PB 0x000000068f000000| Untracked 
|  61|0x000000068f400000, 0x000000068f400000, 0x000000068f800000|  0%| F|  |TAMS 0x000000068f400000| PB 0x000000068f400000| Untracked 
|  62|0x000000068f800000, 0x000000068f800000, 0x000000068fc00000|  0%| F|  |TAMS 0x000000068f800000| PB 0x000000068f800000| Untracked 
|  63|0x000000068fc00000, 0x000000068fc00000, 0x0000000690000000|  0%| F|  |TAMS 0x000000068fc00000| PB 0x000000068fc00000| Untracked 
|  64|0x0000000690000000, 0x0000000690000000, 0x0000000690400000|  0%| F|  |TAMS 0x0000000690000000| PB 0x0000000690000000| Untracked 
|  65|0x0000000690400000, 0x0000000690400000, 0x0000000690800000|  0%| F|  |TAMS 0x0000000690400000| PB 0x0000000690400000| Untracked 
|  66|0x0000000690800000, 0x0000000690800000, 0x0000000690c00000|  0%| F|  |TAMS 0x0000000690800000| PB 0x0000000690800000| Untracked 
|  67|0x0000000690c00000, 0x0000000690c00000, 0x0000000691000000|  0%| F|  |TAMS 0x0000000690c00000| PB 0x0000000690c00000| Untracked 
|  68|0x0000000691000000, 0x0000000691000000, 0x0000000691400000|  0%| F|  |TAMS 0x0000000691000000| PB 0x0000000691000000| Untracked 
|  69|0x0000000691400000, 0x0000000691400000, 0x0000000691800000|  0%| F|  |TAMS 0x0000000691400000| PB 0x0000000691400000| Untracked 
|  70|0x0000000691800000, 0x0000000691800000, 0x0000000691c00000|  0%| F|  |TAMS 0x0000000691800000| PB 0x0000000691800000| Untracked 
|  71|0x0000000691c00000, 0x0000000691c00000, 0x0000000692000000|  0%| F|  |TAMS 0x0000000691c00000| PB 0x0000000691c00000| Untracked 
|  72|0x0000000692000000, 0x0000000692000000, 0x0000000692400000|  0%| F|  |TAMS 0x0000000692000000| PB 0x0000000692000000| Untracked 
|  73|0x0000000692400000, 0x0000000692400000, 0x0000000692800000|  0%| F|  |TAMS 0x0000000692400000| PB 0x0000000692400000| Untracked 
|  74|0x0000000692800000, 0x0000000692800000, 0x0000000692c00000|  0%| F|  |TAMS 0x0000000692800000| PB 0x0000000692800000| Untracked 
|  75|0x0000000692c00000, 0x0000000692c00000, 0x0000000693000000|  0%| F|  |TAMS 0x0000000692c00000| PB 0x0000000692c00000| Untracked 
|  76|0x0000000693000000, 0x0000000693000000, 0x0000000693400000|  0%| F|  |TAMS 0x0000000693000000| PB 0x0000000693000000| Untracked 
|  77|0x0000000693400000, 0x0000000693400000, 0x0000000693800000|  0%| F|  |TAMS 0x0000000693400000| PB 0x0000000693400000| Untracked 
|  78|0x0000000693800000, 0x0000000693800000, 0x0000000693c00000|  0%| F|  |TAMS 0x0000000693800000| PB 0x0000000693800000| Untracked 
|  79|0x0000000693c00000, 0x0000000693c00000, 0x0000000694000000|  0%| F|  |TAMS 0x0000000693c00000| PB 0x0000000693c00000| Untracked 
|  80|0x0000000694000000, 0x0000000694000000, 0x0000000694400000|  0%| F|  |TAMS 0x0000000694000000| PB 0x0000000694000000| Untracked 
|  81|0x0000000694400000, 0x0000000694400000, 0x0000000694800000|  0%| F|  |TAMS 0x0000000694400000| PB 0x0000000694400000| Untracked 
|  82|0x0000000694800000, 0x0000000694800000, 0x0000000694c00000|  0%| F|  |TAMS 0x0000000694800000| PB 0x0000000694800000| Untracked 
|  83|0x0000000694c00000, 0x0000000694c00000, 0x0000000695000000|  0%| F|  |TAMS 0x0000000694c00000| PB 0x0000000694c00000| Untracked 
|  84|0x0000000695000000, 0x0000000695000000, 0x0000000695400000|  0%| F|  |TAMS 0x0000000695000000| PB 0x0000000695000000| Untracked 
|  85|0x0000000695400000, 0x0000000695400000, 0x0000000695800000|  0%| F|  |TAMS 0x0000000695400000| PB 0x0000000695400000| Untracked 
|  86|0x0000000695800000, 0x0000000695800000, 0x0000000695c00000|  0%| F|  |TAMS 0x0000000695800000| PB 0x0000000695800000| Untracked 
|  87|0x0000000695c00000, 0x0000000695c00000, 0x0000000696000000|  0%| F|  |TAMS 0x0000000695c00000| PB 0x0000000695c00000| Untracked 
|  88|0x0000000696000000, 0x0000000696000000, 0x0000000696400000|  0%| F|  |TAMS 0x0000000696000000| PB 0x0000000696000000| Untracked 
|  89|0x0000000696400000, 0x0000000696400000, 0x0000000696800000|  0%| F|  |TAMS 0x0000000696400000| PB 0x0000000696400000| Untracked 
|  90|0x0000000696800000, 0x0000000696800000, 0x0000000696c00000|  0%| F|  |TAMS 0x0000000696800000| PB 0x0000000696800000| Untracked 
|  91|0x0000000696c00000, 0x0000000696c00000, 0x0000000697000000|  0%| F|  |TAMS 0x0000000696c00000| PB 0x0000000696c00000| Untracked 
|  92|0x0000000697000000, 0x0000000697000000, 0x0000000697400000|  0%| F|  |TAMS 0x0000000697000000| PB 0x0000000697000000| Untracked 
|  93|0x0000000697400000, 0x0000000697400000, 0x0000000697800000|  0%| F|  |TAMS 0x0000000697400000| PB 0x0000000697400000| Untracked 
|  94|0x0000000697800000, 0x0000000697800000, 0x0000000697c00000|  0%| F|  |TAMS 0x0000000697800000| PB 0x0000000697800000| Untracked 
|  95|0x0000000697c00000, 0x0000000697c00000, 0x0000000698000000|  0%| F|  |TAMS 0x0000000697c00000| PB 0x0000000697c00000| Untracked 
|  96|0x0000000698000000, 0x0000000698000000, 0x0000000698400000|  0%| F|  |TAMS 0x0000000698000000| PB 0x0000000698000000| Untracked 
|  97|0x0000000698400000, 0x0000000698400000, 0x0000000698800000|  0%| F|  |TAMS 0x0000000698400000| PB 0x0000000698400000| Untracked 
|  98|0x0000000698800000, 0x0000000698800000, 0x0000000698c00000|  0%| F|  |TAMS 0x0000000698800000| PB 0x0000000698800000| Untracked 
|  99|0x0000000698c00000, 0x0000000698c00000, 0x0000000699000000|  0%| F|  |TAMS 0x0000000698c00000| PB 0x0000000698c00000| Untracked 
| 100|0x0000000699000000, 0x0000000699000000, 0x0000000699400000|  0%| F|  |TAMS 0x0000000699000000| PB 0x0000000699000000| Untracked 
| 101|0x0000000699400000, 0x0000000699400000, 0x0000000699800000|  0%| F|  |TAMS 0x0000000699400000| PB 0x0000000699400000| Untracked 
| 102|0x0000000699800000, 0x0000000699800000, 0x0000000699c00000|  0%| F|  |TAMS 0x0000000699800000| PB 0x0000000699800000| Untracked 
| 103|0x0000000699c00000, 0x0000000699c00000, 0x000000069a000000|  0%| F|  |TAMS 0x0000000699c00000| PB 0x0000000699c00000| Untracked 
| 104|0x000000069a000000, 0x000000069a000000, 0x000000069a400000|  0%| F|  |TAMS 0x000000069a000000| PB 0x000000069a000000| Untracked 
| 105|0x000000069a400000, 0x000000069a400000, 0x000000069a800000|  0%| F|  |TAMS 0x000000069a400000| PB 0x000000069a400000| Untracked 
| 106|0x000000069a800000, 0x000000069a800000, 0x000000069ac00000|  0%| F|  |TAMS 0x000000069a800000| PB 0x000000069a800000| Untracked 
| 107|0x000000069ac00000, 0x000000069ac00000, 0x000000069b000000|  0%| F|  |TAMS 0x000000069ac00000| PB 0x000000069ac00000| Untracked 
| 108|0x000000069b000000, 0x000000069b000000, 0x000000069b400000|  0%| F|  |TAMS 0x000000069b000000| PB 0x000000069b000000| Untracked 
| 109|0x000000069b400000, 0x000000069b400000, 0x000000069b800000|  0%| F|  |TAMS 0x000000069b400000| PB 0x000000069b400000| Untracked 
| 110|0x000000069b800000, 0x000000069b800000, 0x000000069bc00000|  0%| F|  |TAMS 0x000000069b800000| PB 0x000000069b800000| Untracked 
| 111|0x000000069bc00000, 0x000000069bc00000, 0x000000069c000000|  0%| F|  |TAMS 0x000000069bc00000| PB 0x000000069bc00000| Untracked 
| 112|0x000000069c000000, 0x000000069c000000, 0x000000069c400000|  0%| F|  |TAMS 0x000000069c000000| PB 0x000000069c000000| Untracked 
| 113|0x000000069c400000, 0x000000069c400000, 0x000000069c800000|  0%| F|  |TAMS 0x000000069c400000| PB 0x000000069c400000| Untracked 
| 114|0x000000069c800000, 0x000000069c800000, 0x000000069cc00000|  0%| F|  |TAMS 0x000000069c800000| PB 0x000000069c800000| Untracked 
| 115|0x000000069cc00000, 0x000000069cc00000, 0x000000069d000000|  0%| F|  |TAMS 0x000000069cc00000| PB 0x000000069cc00000| Untracked 
| 116|0x000000069d000000, 0x000000069d000000, 0x000000069d400000|  0%| F|  |TAMS 0x000000069d000000| PB 0x000000069d000000| Untracked 
| 117|0x000000069d400000, 0x000000069d400000, 0x000000069d800000|  0%| F|  |TAMS 0x000000069d400000| PB 0x000000069d400000| Untracked 
| 118|0x000000069d800000, 0x000000069d800000, 0x000000069dc00000|  0%| F|  |TAMS 0x000000069d800000| PB 0x000000069d800000| Untracked 
| 119|0x000000069dc00000, 0x000000069dc00000, 0x000000069e000000|  0%| F|  |TAMS 0x000000069dc00000| PB 0x000000069dc00000| Untracked 
| 120|0x000000069e000000, 0x000000069e000000, 0x000000069e400000|  0%| F|  |TAMS 0x000000069e000000| PB 0x000000069e000000| Untracked 
| 121|0x000000069e400000, 0x000000069e400000, 0x000000069e800000|  0%| F|  |TAMS 0x000000069e400000| PB 0x000000069e400000| Untracked 
| 122|0x000000069e800000, 0x000000069e800000, 0x000000069ec00000|  0%| F|  |TAMS 0x000000069e800000| PB 0x000000069e800000| Untracked 
| 123|0x000000069ec00000, 0x000000069ec00000, 0x000000069f000000|  0%| F|  |TAMS 0x000000069ec00000| PB 0x000000069ec00000| Untracked 
| 124|0x000000069f000000, 0x000000069f000000, 0x000000069f400000|  0%| F|  |TAMS 0x000000069f000000| PB 0x000000069f000000| Untracked 
| 125|0x000000069f400000, 0x000000069f400000, 0x000000069f800000|  0%| F|  |TAMS 0x000000069f400000| PB 0x000000069f400000| Untracked 
| 126|0x000000069f800000, 0x000000069f800000, 0x000000069fc00000|  0%| F|  |TAMS 0x000000069f800000| PB 0x000000069f800000| Untracked 
| 127|0x000000069fc00000, 0x000000069fc00000, 0x00000006a0000000|  0%| F|  |TAMS 0x000000069fc00000| PB 0x000000069fc00000| Untracked 
| 128|0x00000006a0000000, 0x00000006a0000000, 0x00000006a0400000|  0%| F|  |TAMS 0x00000006a0000000| PB 0x00000006a0000000| Untracked 
| 129|0x00000006a0400000, 0x00000006a0400000, 0x00000006a0800000|  0%| F|  |TAMS 0x00000006a0400000| PB 0x00000006a0400000| Untracked 
| 130|0x00000006a0800000, 0x00000006a0800000, 0x00000006a0c00000|  0%| F|  |TAMS 0x00000006a0800000| PB 0x00000006a0800000| Untracked 
| 131|0x00000006a0c00000, 0x00000006a0c00000, 0x00000006a1000000|  0%| F|  |TAMS 0x00000006a0c00000| PB 0x00000006a0c00000| Untracked 
| 132|0x00000006a1000000, 0x00000006a1000000, 0x00000006a1400000|  0%| F|  |TAMS 0x00000006a1000000| PB 0x00000006a1000000| Untracked 
| 133|0x00000006a1400000, 0x00000006a1400000, 0x00000006a1800000|  0%| F|  |TAMS 0x00000006a1400000| PB 0x00000006a1400000| Untracked 
| 134|0x00000006a1800000, 0x00000006a1800000, 0x00000006a1c00000|  0%| F|  |TAMS 0x00000006a1800000| PB 0x00000006a1800000| Untracked 
| 135|0x00000006a1c00000, 0x00000006a1c00000, 0x00000006a2000000|  0%| F|  |TAMS 0x00000006a1c00000| PB 0x00000006a1c00000| Untracked 
| 136|0x00000006a2000000, 0x00000006a2000000, 0x00000006a2400000|  0%| F|  |TAMS 0x00000006a2000000| PB 0x00000006a2000000| Untracked 
| 137|0x00000006a2400000, 0x00000006a2400000, 0x00000006a2800000|  0%| F|  |TAMS 0x00000006a2400000| PB 0x00000006a2400000| Untracked 
| 138|0x00000006a2800000, 0x00000006a2800000, 0x00000006a2c00000|  0%| F|  |TAMS 0x00000006a2800000| PB 0x00000006a2800000| Untracked 
| 139|0x00000006a2c00000, 0x00000006a2c00000, 0x00000006a3000000|  0%| F|  |TAMS 0x00000006a2c00000| PB 0x00000006a2c00000| Untracked 
| 140|0x00000006a3000000, 0x00000006a3000000, 0x00000006a3400000|  0%| F|  |TAMS 0x00000006a3000000| PB 0x00000006a3000000| Untracked 
| 141|0x00000006a3400000, 0x00000006a3400000, 0x00000006a3800000|  0%| F|  |TAMS 0x00000006a3400000| PB 0x00000006a3400000| Untracked 
| 142|0x00000006a3800000, 0x00000006a3800000, 0x00000006a3c00000|  0%| F|  |TAMS 0x00000006a3800000| PB 0x00000006a3800000| Untracked 
| 143|0x00000006a3c00000, 0x00000006a3c00000, 0x00000006a4000000|  0%| F|  |TAMS 0x00000006a3c00000| PB 0x00000006a3c00000| Untracked 
| 144|0x00000006a4000000, 0x00000006a4000000, 0x00000006a4400000|  0%| F|  |TAMS 0x00000006a4000000| PB 0x00000006a4000000| Untracked 
| 145|0x00000006a4400000, 0x00000006a4400000, 0x00000006a4800000|  0%| F|  |TAMS 0x00000006a4400000| PB 0x00000006a4400000| Untracked 
| 146|0x00000006a4800000, 0x00000006a4800000, 0x00000006a4c00000|  0%| F|  |TAMS 0x00000006a4800000| PB 0x00000006a4800000| Untracked 
| 147|0x00000006a4c00000, 0x00000006a4c00000, 0x00000006a5000000|  0%| F|  |TAMS 0x00000006a4c00000| PB 0x00000006a4c00000| Untracked 
| 148|0x00000006a5000000, 0x00000006a5000000, 0x00000006a5400000|  0%| F|  |TAMS 0x00000006a5000000| PB 0x00000006a5000000| Untracked 
| 149|0x00000006a5400000, 0x00000006a5400000, 0x00000006a5800000|  0%| F|  |TAMS 0x00000006a5400000| PB 0x00000006a5400000| Untracked 
| 150|0x00000006a5800000, 0x00000006a5800000, 0x00000006a5c00000|  0%| F|  |TAMS 0x00000006a5800000| PB 0x00000006a5800000| Untracked 
| 151|0x00000006a5c00000, 0x00000006a5c00000, 0x00000006a6000000|  0%| F|  |TAMS 0x00000006a5c00000| PB 0x00000006a5c00000| Untracked 
| 152|0x00000006a6000000, 0x00000006a6000000, 0x00000006a6400000|  0%| F|  |TAMS 0x00000006a6000000| PB 0x00000006a6000000| Untracked 
| 153|0x00000006a6400000, 0x00000006a6400000, 0x00000006a6800000|  0%| F|  |TAMS 0x00000006a6400000| PB 0x00000006a6400000| Untracked 
| 154|0x00000006a6800000, 0x00000006a6800000, 0x00000006a6c00000|  0%| F|  |TAMS 0x00000006a6800000| PB 0x00000006a6800000| Untracked 
| 155|0x00000006a6c00000, 0x00000006a6c00000, 0x00000006a7000000|  0%| F|  |TAMS 0x00000006a6c00000| PB 0x00000006a6c00000| Untracked 
| 156|0x00000006a7000000, 0x00000006a7000000, 0x00000006a7400000|  0%| F|  |TAMS 0x00000006a7000000| PB 0x00000006a7000000| Untracked 
| 157|0x00000006a7400000, 0x00000006a7400000, 0x00000006a7800000|  0%| F|  |TAMS 0x00000006a7400000| PB 0x00000006a7400000| Untracked 
| 158|0x00000006a7800000, 0x00000006a7800000, 0x00000006a7c00000|  0%| F|  |TAMS 0x00000006a7800000| PB 0x00000006a7800000| Untracked 
| 159|0x00000006a7c00000, 0x00000006a7c00000, 0x00000006a8000000|  0%| F|  |TAMS 0x00000006a7c00000| PB 0x00000006a7c00000| Untracked 
| 160|0x00000006a8000000, 0x00000006a8000000, 0x00000006a8400000|  0%| F|  |TAMS 0x00000006a8000000| PB 0x00000006a8000000| Untracked 
| 161|0x00000006a8400000, 0x00000006a8400000, 0x00000006a8800000|  0%| F|  |TAMS 0x00000006a8400000| PB 0x00000006a8400000| Untracked 
| 162|0x00000006a8800000, 0x00000006a8800000, 0x00000006a8c00000|  0%| F|  |TAMS 0x00000006a8800000| PB 0x00000006a8800000| Untracked 
| 163|0x00000006a8c00000, 0x00000006a8c00000, 0x00000006a9000000|  0%| F|  |TAMS 0x00000006a8c00000| PB 0x00000006a8c00000| Untracked 
| 164|0x00000006a9000000, 0x00000006a9000000, 0x00000006a9400000|  0%| F|  |TAMS 0x00000006a9000000| PB 0x00000006a9000000| Untracked 
| 165|0x00000006a9400000, 0x00000006a9400000, 0x00000006a9800000|  0%| F|  |TAMS 0x00000006a9400000| PB 0x00000006a9400000| Untracked 
| 166|0x00000006a9800000, 0x00000006a9800000, 0x00000006a9c00000|  0%| F|  |TAMS 0x00000006a9800000| PB 0x00000006a9800000| Untracked 
| 167|0x00000006a9c00000, 0x00000006a9c00000, 0x00000006aa000000|  0%| F|  |TAMS 0x00000006a9c00000| PB 0x00000006a9c00000| Untracked 
| 168|0x00000006aa000000, 0x00000006aa000000, 0x00000006aa400000|  0%| F|  |TAMS 0x00000006aa000000| PB 0x00000006aa000000| Untracked 
| 169|0x00000006aa400000, 0x00000006aa400000, 0x00000006aa800000|  0%| F|  |TAMS 0x00000006aa400000| PB 0x00000006aa400000| Untracked 
| 170|0x00000006aa800000, 0x00000006aa800000, 0x00000006aac00000|  0%| F|  |TAMS 0x00000006aa800000| PB 0x00000006aa800000| Untracked 
| 171|0x00000006aac00000, 0x00000006aac00000, 0x00000006ab000000|  0%| F|  |TAMS 0x00000006aac00000| PB 0x00000006aac00000| Untracked 
| 172|0x00000006ab000000, 0x00000006ab000000, 0x00000006ab400000|  0%| F|  |TAMS 0x00000006ab000000| PB 0x00000006ab000000| Untracked 
| 173|0x00000006ab400000, 0x00000006ab400000, 0x00000006ab800000|  0%| F|  |TAMS 0x00000006ab400000| PB 0x00000006ab400000| Untracked 
| 174|0x00000006ab800000, 0x00000006ab800000, 0x00000006abc00000|  0%| F|  |TAMS 0x00000006ab800000| PB 0x00000006ab800000| Untracked 
| 175|0x00000006abc00000, 0x00000006abc00000, 0x00000006ac000000|  0%| F|  |TAMS 0x00000006abc00000| PB 0x00000006abc00000| Untracked 
| 176|0x00000006ac000000, 0x00000006ac000000, 0x00000006ac400000|  0%| F|  |TAMS 0x00000006ac000000| PB 0x00000006ac000000| Untracked 
| 177|0x00000006ac400000, 0x00000006ac400000, 0x00000006ac800000|  0%| F|  |TAMS 0x00000006ac400000| PB 0x00000006ac400000| Untracked 
| 178|0x00000006ac800000, 0x00000006ac800000, 0x00000006acc00000|  0%| F|  |TAMS 0x00000006ac800000| PB 0x00000006ac800000| Untracked 
| 179|0x00000006acc00000, 0x00000006acc00000, 0x00000006ad000000|  0%| F|  |TAMS 0x00000006acc00000| PB 0x00000006acc00000| Untracked 
| 180|0x00000006ad000000, 0x00000006ad000000, 0x00000006ad400000|  0%| F|  |TAMS 0x00000006ad000000| PB 0x00000006ad000000| Untracked 
| 181|0x00000006ad400000, 0x00000006ad400000, 0x00000006ad800000|  0%| F|  |TAMS 0x00000006ad400000| PB 0x00000006ad400000| Untracked 
| 182|0x00000006ad800000, 0x00000006ad800000, 0x00000006adc00000|  0%| F|  |TAMS 0x00000006ad800000| PB 0x00000006ad800000| Untracked 
| 183|0x00000006adc00000, 0x00000006adc6a0f8, 0x00000006ae000000| 10%| S|CS|TAMS 0x00000006adc00000| PB 0x00000006adc00000| Complete 
| 184|0x00000006ae000000, 0x00000006ae400000, 0x00000006ae400000|100%| S|CS|TAMS 0x00000006ae000000| PB 0x00000006ae000000| Complete 
| 185|0x00000006ae400000, 0x00000006ae800000, 0x00000006ae800000|100%| S|CS|TAMS 0x00000006ae400000| PB 0x00000006ae400000| Complete 
| 186|0x00000006ae800000, 0x00000006ae8e0710, 0x00000006aec00000| 21%| E|  |TAMS 0x00000006ae800000| PB 0x00000006ae800000| Complete 
| 187|0x00000006aec00000, 0x00000006af000000, 0x00000006af000000|100%| E|CS|TAMS 0x00000006aec00000| PB 0x00000006aec00000| Complete 
| 188|0x00000006af000000, 0x00000006af400000, 0x00000006af400000|100%| E|CS|TAMS 0x00000006af000000| PB 0x00000006af000000| Complete 
| 189|0x00000006af400000, 0x00000006af800000, 0x00000006af800000|100%| E|CS|TAMS 0x00000006af400000| PB 0x00000006af400000| Complete 
| 190|0x00000006af800000, 0x00000006afc00000, 0x00000006afc00000|100%| E|CS|TAMS 0x00000006af800000| PB 0x00000006af800000| Complete 
| 191|0x00000006afc00000, 0x00000006b0000000, 0x00000006b0000000|100%| E|CS|TAMS 0x00000006afc00000| PB 0x00000006afc00000| Complete 
| 192|0x00000006b0000000, 0x00000006b0400000, 0x00000006b0400000|100%| E|CS|TAMS 0x00000006b0000000| PB 0x00000006b0000000| Complete 
| 193|0x00000006b0400000, 0x00000006b0800000, 0x00000006b0800000|100%| E|CS|TAMS 0x00000006b0400000| PB 0x00000006b0400000| Complete 
| 194|0x00000006b0800000, 0x00000006b0c00000, 0x00000006b0c00000|100%| E|CS|TAMS 0x00000006b0800000| PB 0x00000006b0800000| Complete 
| 195|0x00000006b0c00000, 0x00000006b1000000, 0x00000006b1000000|100%| E|CS|TAMS 0x00000006b0c00000| PB 0x00000006b0c00000| Complete 
| 196|0x00000006b1000000, 0x00000006b1400000, 0x00000006b1400000|100%| E|CS|TAMS 0x00000006b1000000| PB 0x00000006b1000000| Complete 
| 197|0x00000006b1400000, 0x00000006b1800000, 0x00000006b1800000|100%| E|CS|TAMS 0x00000006b1400000| PB 0x00000006b1400000| Complete 
| 198|0x00000006b1800000, 0x00000006b1c00000, 0x00000006b1c00000|100%| E|CS|TAMS 0x00000006b1800000| PB 0x00000006b1800000| Complete 
| 199|0x00000006b1c00000, 0x00000006b2000000, 0x00000006b2000000|100%| E|CS|TAMS 0x00000006b1c00000| PB 0x00000006b1c00000| Complete 
| 200|0x00000006b2000000, 0x00000006b2400000, 0x00000006b2400000|100%| E|CS|TAMS 0x00000006b2000000| PB 0x00000006b2000000| Complete 
| 201|0x00000006b2400000, 0x00000006b2800000, 0x00000006b2800000|100%| E|CS|TAMS 0x00000006b2400000| PB 0x00000006b2400000| Complete 
| 202|0x00000006b2800000, 0x00000006b2c00000, 0x00000006b2c00000|100%| E|CS|TAMS 0x00000006b2800000| PB 0x00000006b2800000| Complete 

Card table byte_map: [0x000001303e580000,0x000001303f180000] _byte_map_base: 0x000001303b180000

Marking Bits: (CMBitMap*) 0x0000013025ef2d00
 Bits: [0x000001303f180000, 0x0000013045180000)

Polling page: 0x000001301d980000

Metaspace:

Usage:
  Non-class:     49.00 MB used.
      Class:      7.44 MB used.
       Both:     56.45 MB used.

Virtual space:
  Non-class space:       64.00 MB reserved,      49.25 MB ( 77%) committed,  1 nodes.
      Class space:        1.00 GB reserved,       7.62 MB ( <1%) committed,  1 nodes.
             Both:        1.06 GB reserved,      56.88 MB (  5%) committed. 

Chunk freelists:
   Non-Class:  13.97 MB
       Class:  8.33 MB
        Both:  22.30 MB

MaxMetaspaceSize: unlimited
CompressedClassSpaceSize: 1.00 GB
Initial GC threshold: 21.00 MB
Current GC threshold: 60.25 MB
CDS: on
 - commit_granule_bytes: 65536.
 - commit_granule_words: 8192.
 - virtual_space_node_default_size: 8388608.
 - enlarge_chunks_in_place: 1.
 - use_allocation_guard: 0.


Internal statistics:

num_allocs_failed_limit: 12.
num_arena_births: 512.
num_arena_deaths: 0.
num_vsnodes_births: 2.
num_vsnodes_deaths: 0.
num_space_committed: 902.
num_space_uncommitted: 0.
num_chunks_returned_to_freelist: 12.
num_chunks_taken_from_freelist: 1811.
num_chunk_merges: 12.
num_chunk_splits: 1319.
num_chunks_enlarged: 954.
num_inconsistent_stats: 0.

CodeHeap 'non-profiled nmethods': size=119168Kb used=6175Kb max_used=6175Kb free=112992Kb
 bounds [0x0000013036520000, 0x0000013036b30000, 0x000001303d980000]
CodeHeap 'profiled nmethods': size=119104Kb used=21962Kb max_used=21962Kb free=97141Kb
 bounds [0x000001302e980000, 0x000001302ff00000, 0x0000013035dd0000]
CodeHeap 'non-nmethods': size=7488Kb used=3710Kb max_used=3756Kb free=3777Kb
 bounds [0x0000013035dd0000, 0x0000013036190000, 0x0000013036520000]
 total_blobs=10106 nmethods=9112 adapters=894
 compilation: enabled
              stopped_count=0, restarted_count=0
 full_count=0

Compilation events (20 events):
Event: 20.451 Thread 0x000001308e9b65b0 9550       1       de.javasoft.plaf.synthetica.painter.AnimationThreadFactory$AnimationThread$ComponentAnimation::access$1 (5 bytes)
Event: 20.451 Thread 0x00000130959b86d0 nmethod 9549 0x0000013036b16a90 code [0x0000013036b16c20, 0x0000013036b16cd0]
Event: 20.451 Thread 0x000001308e9b65b0 nmethod 9550 0x0000013036b16d90 code [0x0000013036b16f20, 0x0000013036b16fd0]
Event: 20.459 Thread 0x00000130959b86d0 9551       3       javax.swing.text.html.StyleSheet$CssParser::handleValue (87 bytes)
Event: 20.460 Thread 0x000001302614a170 9552       3       javax.swing.text.html.ParagraphView::getStyleSheet (13 bytes)
Event: 20.460 Thread 0x00000130959b86d0 nmethod 9551 0x000001302fea6290 code [0x000001302fea64e0, 0x000001302fea6ed0]
Event: 20.460 Thread 0x000001302614a170 nmethod 9552 0x000001302fea7210 code [0x000001302fea73e0, 0x000001302fea7990]
Event: 20.462 Thread 0x000001308e9b65b0 9553   !   3       javax.swing.text.html.StyleSheet$ViewAttributeSet::<init> (290 bytes)
Event: 20.463 Thread 0x00000130959b86d0 9554       1       javax.swing.text.html.HTML$Tag::isBlock (5 bytes)
Event: 20.463 Thread 0x00000130959b86d0 nmethod 9554 0x0000013036b17090 code [0x0000013036b17220, 0x0000013036b172f0]
Event: 20.463 Thread 0x000001302614a170 9555       3       javax.swing.text.SimpleAttributeSet::hashCode (8 bytes)
Event: 20.463 Thread 0x000001302614a170 nmethod 9555 0x000001302fea7b10 code [0x000001302fea7cc0, 0x000001302fea7e98]
Event: 20.464 Thread 0x00000130261d66a0 9556       3       javax.swing.text.html.StyleSheet::removeHTMLTags (85 bytes)
Event: 20.464 Thread 0x00000130959b86d0 9557       3       javax.swing.text.html.StyleSheet::cleanSelectorString (105 bytes)
Event: 20.464 Thread 0x000001308e9b65b0 nmethod 9553 0x000001302fea7f90 code [0x000001302fea8500, 0x000001302feac1c8]
Event: 20.464 Thread 0x00000130261d66a0 nmethod 9556 0x000001302feada10 code [0x000001302feadc60, 0x000001302feae8e8]
Event: 20.464 Thread 0x00000130959b86d0 nmethod 9557 0x000001302feaeb90 code [0x000001302feaee00, 0x000001302feaf7a0]
Event: 20.466 Thread 0x00000130959b86d0 9558       3       javax.swing.text.StyleConstants::getFontSize (25 bytes)
Event: 20.466 Thread 0x00000130959b86d0 nmethod 9558 0x000001302feafb90 code [0x000001302feafd60, 0x000001302feb00a0]
Event: 20.466 Thread 0x000001302614a170 9559   !   3       javax.swing.text.html.CSS$LengthValue::parseCssValue (158 bytes)

GC Heap History (16 events):
Event: 5.834 GC heap before
{Heap before GC invocations=0 (full 0):
 garbage-first heap   total 831488K, used 81920K [0x0000000680000000, 0x0000000800000000)
  region size 4096K, 20 young (81920K), 0 survivors (0K)
 Metaspace       used 6938K, committed 7168K, reserved 1114112K
  class space    used 634K, committed 768K, reserved 1048576K
}
Event: 5.841 GC heap after
{Heap after GC invocations=1 (full 0):
 garbage-first heap   total 831488K, used 18888K [0x0000000680000000, 0x0000000800000000)
  region size 4096K, 3 young (12288K), 3 survivors (12288K)
 Metaspace       used 6938K, committed 7168K, reserved 1114112K
  class space    used 634K, committed 768K, reserved 1048576K
}
Event: 8.156 GC heap before
{Heap before GC invocations=1 (full 0):
 garbage-first heap   total 831488K, used 88520K [0x0000000680000000, 0x0000000800000000)
  region size 4096K, 20 young (81920K), 3 survivors (12288K)
 Metaspace       used 20500K, committed 20736K, reserved 1114112K
  class space    used 2060K, committed 2176K, reserved 1048576K
}
Event: 8.163 GC heap after
{Heap after GC invocations=2 (full 0):
 garbage-first heap   total 831488K, used 29549K [0x0000000680000000, 0x0000000800000000)
  region size 4096K, 3 young (12288K), 3 survivors (12288K)
 Metaspace       used 20500K, committed 20736K, reserved 1114112K
  class space    used 2060K, committed 2176K, reserved 1048576K
}
Event: 8.273 GC heap before
{Heap before GC invocations=2 (full 0):
 garbage-first heap   total 831488K, used 37741K [0x0000000680000000, 0x0000000800000000)
  region size 4096K, 6 young (24576K), 3 survivors (12288K)
 Metaspace       used 21336K, committed 21504K, reserved 1114112K
  class space    used 2156K, committed 2240K, reserved 1048576K
}
Event: 8.277 GC heap after
{Heap after GC invocations=3 (full 0):
 garbage-first heap   total 831488K, used 30015K [0x0000000680000000, 0x0000000800000000)
  region size 4096K, 1 young (4096K), 1 survivors (4096K)
 Metaspace       used 21336K, committed 21504K, reserved 1114112K
  class space    used 2156K, committed 2240K, reserved 1048576K
}
Event: 10.683 GC heap before
{Heap before GC invocations=4 (full 0):
 garbage-first heap   total 831488K, used 120127K [0x0000000680000000, 0x0000000800000000)
  region size 4096K, 13 young (53248K), 1 survivors (4096K)
 Metaspace       used 35819K, committed 36096K, reserved 1114112K
  class space    used 4086K, committed 4224K, reserved 1048576K
}
Event: 10.689 GC heap after
{Heap after GC invocations=5 (full 0):
 garbage-first heap   total 831488K, used 47582K [0x0000000680000000, 0x0000000800000000)
  region size 4096K, 2 young (8192K), 2 survivors (8192K)
 Metaspace       used 35819K, committed 36096K, reserved 1114112K
  class space    used 4086K, committed 4224K, reserved 1048576K
}
Event: 10.716 GC heap before
{Heap before GC invocations=5 (full 0):
 garbage-first heap   total 831488K, used 47582K [0x0000000680000000, 0x0000000800000000)
  region size 4096K, 3 young (12288K), 2 survivors (8192K)
 Metaspace       used 36128K, committed 36416K, reserved 1114112K
  class space    used 4201K, committed 4352K, reserved 1048576K
}
Event: 10.721 GC heap after
{Heap after GC invocations=6 (full 0):
 garbage-first heap   total 831488K, used 46752K [0x0000000680000000, 0x0000000800000000)
  region size 4096K, 2 young (8192K), 2 survivors (8192K)
 Metaspace       used 36128K, committed 36416K, reserved 1114112K
  class space    used 4201K, committed 4352K, reserved 1048576K
}
Event: 10.761 GC heap before
{Heap before GC invocations=6 (full 0):
 garbage-first heap   total 831488K, used 46752K [0x0000000680000000, 0x0000000800000000)
  region size 4096K, 3 young (12288K), 2 survivors (8192K)
 Metaspace       used 36479K, committed 36736K, reserved 1114112K
  class space    used 4259K, committed 4352K, reserved 1048576K
}
Event: 10.766 GC heap after
{Heap after GC invocations=7 (full 0):
 garbage-first heap   total 831488K, used 47948K [0x0000000680000000, 0x0000000800000000)
  region size 4096K, 2 young (8192K), 2 survivors (8192K)
 Metaspace       used 36479K, committed 36736K, reserved 1114112K
  class space    used 4259K, committed 4352K, reserved 1048576K
}
Event: 15.428 GC heap before
{Heap before GC invocations=8 (full 0):
 garbage-first heap   total 831488K, used 117580K [0x0000000680000000, 0x0000000800000000)
  region size 4096K, 20 young (81920K), 2 survivors (8192K)
 Metaspace       used 46114K, committed 46528K, reserved 1114112K
  class space    used 5681K, committed 5888K, reserved 1048576K
}
Event: 15.437 GC heap after
{Heap after GC invocations=9 (full 0):
 garbage-first heap   total 831488K, used 56140K [0x0000000680000000, 0x0000000800000000)
  region size 4096K, 3 young (12288K), 3 survivors (12288K)
 Metaspace       used 46114K, committed 46528K, reserved 1114112K
  class space    used 5681K, committed 5888K, reserved 1048576K
}
Event: 17.489 GC heap before
{Heap before GC invocations=9 (full 0):
 garbage-first heap   total 831488K, used 125772K [0x0000000680000000, 0x0000000800000000)
  region size 4096K, 20 young (81920K), 3 survivors (12288K)
 Metaspace       used 50404K, committed 50816K, reserved 1114112K
  class space    used 6477K, committed 6656K, reserved 1048576K
}
Event: 17.502 GC heap after
{Heap after GC invocations=10 (full 0):
 garbage-first heap   total 831488K, used 63284K [0x0000000680000000, 0x0000000800000000)
  region size 4096K, 3 young (12288K), 3 survivors (12288K)
 Metaspace       used 50404K, committed 50816K, reserved 1114112K
  class space    used 6477K, committed 6656K, reserved 1048576K
}

Dll operation events (20 events):
Event: 6.223 Loaded shared library C:\Xilinx\2025.1\Vivado\lib\win64.o\xv_coretasks.dll
Event: 6.224 Loaded shared library C:\Xilinx\2025.1\Vivado\lib\win64.o\xv_tcltasks.dll
Event: 6.294 Loaded shared library C:\Xilinx\2025.1\Vivado\lib\win64.o\xv_labtoolstasks.dll
Event: 6.335 Loaded shared library C:\Xilinx\2025.1\Vivado\lib\win64.o\xv_simtcltasks.dll
Event: 6.415 Loaded shared library C:\Xilinx\2025.1\Vivado\lib\win64.o\xv_ipservicestasks.dll
Event: 6.417 Loaded shared library C:\Xilinx\2025.1\Vivado\lib\win64.o\xv_vivadotasks.dll
Event: 6.419 Loaded shared library C:\Xilinx\2025.1\Vivado\lib\win64.o\xv_board.dll
Event: 6.420 Loaded shared library C:\Xilinx\2025.1\Vivado\lib\win64.o\xv_boarddep.dll
Event: 6.422 Loaded shared library C:\Xilinx\2025.1\Vivado\lib\win64.o\xv_boardcommontasks.dll
Event: 6.423 Loaded shared library C:\Xilinx\2025.1\Vivado\lib\win64.o\xv_ptgen.dll
Event: 6.425 Loaded shared library C:\Xilinx\2025.1\Vivado\lib\win64.o\xv_ip.dll
Event: 6.427 Loaded shared library C:\Xilinx\2025.1\Vivado\lib\win64.o\xv_mig.dll
Event: 6.430 Loaded shared library C:\Xilinx\2025.1\Vivado\lib\win64.o\xv_implflow.dll
Event: 6.431 Loaded shared library C:\Xilinx\2025.1\Vivado\lib\win64.o\xv_xhubtasks.dll
Event: 6.514 Loaded shared library C:\Xilinx\2025.1\Vivado\lib\win64.o\xv_iptasks.dll
Event: 6.516 Loaded shared library C:\Xilinx\2025.1\Vivado\lib\win64.o\xv_synth.dll
Event: 7.900 Loaded shared library C:\Xilinx\2025.1\Vivado\tps\win64\jre21.0.1_12\bin\verify.dll
Event: 7.961 Loaded shared library C:\Xilinx\2025.1\Vivado\tps\win64\jre21.0.1_12\bin\freetype.dll
Event: 7.965 Loaded shared library C:\Xilinx\2025.1\Vivado\tps\win64\jre21.0.1_12\bin\fontmanager.dll
Event: 16.101 Loaded shared library C:\Xilinx\2025.1\Vivado\lib\win64.o\xv_xhub.dll

Deoptimization events (20 events):
Event: 20.412 Thread 0x0000013090509680 DEOPT PACKING pc=0x0000013036ae5434 sp=0x00000011d8efd720
Event: 20.412 Thread 0x0000013090509680 DEOPT UNPACKING pc=0x0000013035e246a2 sp=0x00000011d8efd6a8 mode 2
Event: 20.412 Thread 0x0000013090509680 Uncommon trap: trap_request=0xffffffde fr.pc=0x0000013036ae5434 relative=0x0000000000000094
Event: 20.412 Thread 0x0000013090509680 Uncommon trap: reason=class_check action=maybe_recompile pc=0x0000013036ae5434 method=javax.swing.SwingUtilities.getWindowAncestor(Ljava/awt/Component;)Ljava/awt/Window; @ 17 c2
Event: 20.412 Thread 0x0000013090509680 DEOPT PACKING pc=0x0000013036ae5434 sp=0x00000011d8efd4a0
Event: 20.412 Thread 0x0000013090509680 DEOPT UNPACKING pc=0x0000013035e246a2 sp=0x00000011d8efd428 mode 2
Event: 20.412 Thread 0x0000013090509680 Uncommon trap: trap_request=0xffffffde fr.pc=0x0000013036ae5434 relative=0x0000000000000094
Event: 20.412 Thread 0x0000013090509680 Uncommon trap: reason=class_check action=maybe_recompile pc=0x0000013036ae5434 method=javax.swing.SwingUtilities.getWindowAncestor(Ljava/awt/Component;)Ljava/awt/Window; @ 17 c2
Event: 20.412 Thread 0x0000013090509680 DEOPT PACKING pc=0x0000013036ae5434 sp=0x00000011d8efd240
Event: 20.412 Thread 0x0000013090509680 DEOPT UNPACKING pc=0x0000013035e246a2 sp=0x00000011d8efd1c8 mode 2
Event: 20.412 Thread 0x0000013090509680 Uncommon trap: trap_request=0xffffffde fr.pc=0x0000013036ae5434 relative=0x0000000000000094
Event: 20.412 Thread 0x0000013090509680 Uncommon trap: reason=class_check action=maybe_recompile pc=0x0000013036ae5434 method=javax.swing.SwingUtilities.getWindowAncestor(Ljava/awt/Component;)Ljava/awt/Window; @ 17 c2
Event: 20.412 Thread 0x0000013090509680 DEOPT PACKING pc=0x0000013036ae5434 sp=0x00000011d8efd050
Event: 20.412 Thread 0x0000013090509680 DEOPT UNPACKING pc=0x0000013035e246a2 sp=0x00000011d8efcfd8 mode 2
Event: 20.435 Thread 0x0000013090509680 DEOPT PACKING pc=0x000001302f6d60d3 sp=0x00000011d8efbd40
Event: 20.435 Thread 0x0000013090509680 DEOPT UNPACKING pc=0x0000013035e24e42 sp=0x00000011d8efb1d0 mode 0
Event: 20.447 Thread 0x0000013090509680 Uncommon trap: trap_request=0xffffff45 fr.pc=0x0000013036755c28 relative=0x0000000000000088
Event: 20.447 Thread 0x0000013090509680 Uncommon trap: reason=unstable_if action=reinterpret pc=0x0000013036755c28 method=sun.awt.SunToolkit.getAppContext(Ljava/lang/Object;)Lsun/awt/AppContext; @ 4 c2
Event: 20.447 Thread 0x0000013090509680 DEOPT PACKING pc=0x0000013036755c28 sp=0x00000011d8efd1a0
Event: 20.447 Thread 0x0000013090509680 DEOPT UNPACKING pc=0x0000013035e246a2 sp=0x00000011d8efd138 mode 2

Classes loaded (20 events):
Event: 20.394 Loading class java/util/regex/Matcher$ImmutableMatchResult done
Event: 20.395 Loading class sun/awt/windows/WPrintDialogPeer done
Event: 20.401 Loading class java/awt/ModalEventFilter$1
Event: 20.401 Loading class java/awt/ModalEventFilter$1 done
Event: 20.401 Loading class java/awt/ModalEventFilter$ApplicationModalEventFilter
Event: 20.401 Loading class java/awt/ModalEventFilter$ApplicationModalEventFilter done
Event: 20.401 Loading class sun/awt/ModalityEvent
Event: 20.401 Loading class sun/awt/ModalityEvent done
Event: 20.402 Loading class java/awt/WaitDispatchSupport
Event: 20.403 Loading class java/awt/SecondaryLoop
Event: 20.403 Loading class java/awt/SecondaryLoop done
Event: 20.403 Loading class java/awt/WaitDispatchSupport done
Event: 20.403 Loading class java/awt/WaitDispatchSupport$5
Event: 20.403 Loading class java/awt/WaitDispatchSupport$5 done
Event: 20.403 Loading class java/awt/WaitDispatchSupport$1
Event: 20.404 Loading class java/awt/WaitDispatchSupport$1 done
Event: 20.404 Loading class java/awt/WaitDispatchSupport$2
Event: 20.404 Loading class java/awt/WaitDispatchSupport$2 done
Event: 20.404 Loading class java/awt/WaitDispatchSupport$4
Event: 20.404 Loading class java/awt/WaitDispatchSupport$4 done

Classes unloaded (0 events):
No events

Classes redefined (0 events):
No events

Internal exceptions (20 events):
Event: 10.773 Thread 0x0000013090509680 Implicit null exception at 0x0000013036758278 to 0x0000013036758e10
Event: 10.928 Thread 0x0000013090509680 Exception <a 'java/lang/NoSuchMethodError'{0x00000006b2088720}: 'java.lang.Object java.lang.invoke.DirectMethodHandle$Holder.newInvokeSpecial(java.lang.Object, java.lang.Object, java.lang.Object, java.lang.Object, java.lang.Object, java.lang.Object)'> (0x00000006b2088720) 
thrown [s\src\hotspot\share\interpreter\linkResolver.cpp, line 773]
Event: 11.304 Thread 0x00000130907c8f70 Implicit null exception at 0x00000130367790a2 to 0x00000130367794c0
Event: 11.421 Thread 0x000001309071ec40 Implicit null exception at 0x000001303660fbde to 0x000001303660fc1c
Event: 11.480 Thread 0x000001309071ec40 Exception <a 'java/lang/ClassNotFoundException'{0x00000006b0d0f6d8}: com/sun/org/apache/xml/internal/serializer/spi/XMLEntitiesProvider> (0x00000006b0d0f6d8) 
thrown [s\src\hotspot\share\classfile\systemDictionary.cpp, line 312]
Event: 11.555 Thread 0x000001309071ec40 Exception <a 'java/lang/ClassNotFoundException'{0x00000006b0e1fc60}: com/sun/org/apache/xml/internal/serializer/utils/spi/SerializerMessagesProvider> (0x00000006b0e1fc60) 
thrown [s\src\hotspot\share\classfile\systemDictionary.cpp, line 312]
Event: 14.600 Thread 0x0000013090509680 Implicit null exception at 0x000001303670995a to 0x0000013036709fc4
Event: 14.900 Thread 0x0000013090509680 Implicit null exception at 0x0000013036607a0d to 0x00000130366096b8
Event: 17.467 Thread 0x0000013090509680 Implicit null exception at 0x00000130368f6fcb to 0x00000130368f704d
Event: 18.016 Thread 0x0000013090509680 Implicit null exception at 0x0000013036953337 to 0x0000013036953684
Event: 18.508 Thread 0x0000013090509680 Exception <a 'java/lang/NoSuchMethodError'{0x00000006b18faf48}: 'java.lang.Object java.lang.invoke.DirectMethodHandle$Holder.invokeSpecial(java.lang.Object, java.lang.Object, java.lang.Object, int, java.lang.Object)'> (0x00000006b18faf48) 
thrown [s\src\hotspot\share\interpreter\linkResolver.cpp, line 773]
Event: 18.724 Thread 0x0000013090509680 Implicit null exception at 0x00000130369904b2 to 0x000001303699058d
Event: 19.046 Thread 0x000001309071ec40 Exception <a 'java/lang/NoSuchMethodError'{0x00000006b08e8dd8}: 'void java.lang.invoke.DirectMethodHandle$Holder.invokeSpecial(java.lang.Object, java.lang.Object, long)'> (0x00000006b08e8dd8) 
thrown [s\src\hotspot\share\interpreter\linkResolver.cpp, line 773]
Event: 19.046 Thread 0x000001309071ec40 Exception <a 'java/lang/NoSuchMethodError'{0x00000006b08ede60}: 'java.lang.Object java.lang.invoke.DirectMethodHandle$Holder.newInvokeSpecial(java.lang.Object, java.lang.Object, long)'> (0x00000006b08ede60) 
thrown [s\src\hotspot\share\interpreter\linkResolver.cpp, line 773]
Event: 19.047 Thread 0x000001309071ec40 Exception <a 'java/lang/NoSuchMethodError'{0x00000006b08f14a8}: 'java.lang.Object java.lang.invoke.Invokers$Holder.linkToTargetMethod(java.lang.Object, long, java.lang.Object)'> (0x00000006b08f14a8) 
thrown [s\src\hotspot\share\interpreter\linkResolver.cpp, line 773]
Event: 19.099 Thread 0x0000013090509680 Exception <a 'java/lang/NoSuchMethodError'{0x00000006b097a758}: 'java.lang.Object java.lang.invoke.DirectMethodHandle$Holder.invokeSpecial(java.lang.Object, java.lang.Object, java.lang.Object, int, int)'> (0x00000006b097a758) 
thrown [s\src\hotspot\share\interpreter\linkResolver.cpp, line 773]
Event: 19.887 Thread 0x0000013090509680 Exception <a 'java/lang/NoSuchMethodError'{0x00000006afbbdbe8}: 'void java.lang.invoke.Invokers$Holder.invokeExact_MT(java.lang.Object, java.lang.Object, java.lang.Object, java.lang.Object)'> (0x00000006afbbdbe8) 
thrown [s\src\hotspot\share\interpreter\linkResolver.cpp, line 773]
Event: 20.380 Thread 0x0000013090509680 Implicit null exception at 0x0000013036963c7e to 0x0000013036963d60
Event: 20.390 Thread 0x00000130907cf1e0 Implicit null exception at 0x00000130368fc8e4 to 0x00000130368fc9c4
Event: 20.402 Thread 0x0000013090509680 Exception <a 'java/lang/NoSuchMethodError'{0x00000006af300dc8}: 'int java.lang.invoke.DirectMethodHandle$Holder.invokeStatic(java.lang.Object)'> (0x00000006af300dc8) 
thrown [s\src\hotspot\share\interpreter\linkResolver.cpp, line 773]

ZGC Phase Switch (0 events):
No events

VM Operations (20 events):
Event: 19.242 Executing VM operation: HandshakeAllThreads (Deoptimize)
Event: 19.242 Executing VM operation: HandshakeAllThreads (Deoptimize) done
Event: 19.313 Executing VM operation: HandshakeAllThreads (Deoptimize)
Event: 19.313 Executing VM operation: HandshakeAllThreads (Deoptimize) done
Event: 19.646 Executing VM operation: ICBufferFull
Event: 19.664 Executing VM operation: ICBufferFull done
Event: 19.884 Executing VM operation: HandshakeAllThreads (Deoptimize)
Event: 19.884 Executing VM operation: HandshakeAllThreads (Deoptimize) done
Event: 19.916 Executing VM operation: HandshakeAllThreads (Deoptimize)
Event: 19.916 Executing VM operation: HandshakeAllThreads (Deoptimize) done
Event: 19.942 Executing VM operation: HandshakeAllThreads (Deoptimize)
Event: 19.942 Executing VM operation: HandshakeAllThreads (Deoptimize) done
Event: 20.099 Executing VM operation: ICBufferFull
Event: 20.099 Executing VM operation: ICBufferFull done
Event: 20.336 Executing VM operation: HandshakeAllThreads (Deoptimize)
Event: 20.336 Executing VM operation: HandshakeAllThreads (Deoptimize) done
Event: 20.378 Executing VM operation: HandshakeAllThreads (Deoptimize)
Event: 20.378 Executing VM operation: HandshakeAllThreads (Deoptimize) done
Event: 20.391 Executing VM operation: ICBufferFull
Event: 20.392 Executing VM operation: ICBufferFull done

Events (20 events):
Event: 16.058 Thread 0x000001309174d7d0 Thread added: 0x000001309174d7d0
Event: 16.097 Thread 0x00000130907cb040 Thread added: 0x00000130907cb040
Event: 16.175 Thread 0x000001309174d7d0 Thread exited: 0x000001309174d7d0
Event: 16.353 Thread 0x00000130907ca320 Thread exited: 0x00000130907ca320
Event: 16.353 Thread 0x000001309071df20 Thread exited: 0x000001309071df20
Event: 16.631 Thread 0x00000130906182a0 Thread exited: 0x00000130906182a0
Event: 16.817 Thread 0x00000130906182a0 Thread added: 0x00000130906182a0
Event: 17.070 Thread 0x0000013098bb4510 Thread added: 0x0000013098bb4510
Event: 17.671 Thread 0x00000130907c9c90 Thread added: 0x00000130907c9c90
Event: 17.671 Thread 0x00000130907ca320 Thread added: 0x00000130907ca320
Event: 18.368 Thread 0x0000013098bb4510 Thread exited: 0x0000013098bb4510
Event: 18.545 Thread 0x0000013098bb4510 Thread added: 0x0000013098bb4510
Event: 18.594 Thread 0x000001308e2c7990 Thread added: 0x000001308e2c7990
Event: 18.778 Thread 0x000001308e2c7990 Thread exited: 0x000001308e2c7990
Event: 19.044 Thread 0x00000130907cbd60 Thread added: 0x00000130907cbd60
Event: 19.132 Thread 0x00000130907c9600 Thread added: 0x00000130907c9600
Event: 19.287 Thread 0x000001301f24d360 Thread added: 0x000001301f24d360
Event: 19.890 Thread 0x00000130907cc3f0 Thread added: 0x00000130907cc3f0
Event: 20.383 Thread 0x00000130907cf1e0 Thread added: 0x00000130907cf1e0
Event: 20.441 Thread 0x00000130907cca80 Thread added: 0x00000130907cca80


Dynamic libraries:
0x00007ff699f10000 - 0x00007ff699f18000 	C:\Xilinx\2025.1\Vivado\bin\unwrapped\win64.o\vivado.exe
0x00007ff98b4c0000 - 0x00007ff98b727000 	C:\WINDOWS\SYSTEM32\ntdll.dll
0x00007ff989d80000 - 0x00007ff989e4b000 	C:\WINDOWS\System32\KERNEL32.DLL
0x00007ff988a50000 - 0x00007ff988e52000 	C:\WINDOWS\System32\KERNELBASE.dll
0x00007ff9854f0000 - 0x00007ff98558f000 	C:\WINDOWS\SYSTEM32\apphelp.dll
0x00007ff988830000 - 0x00007ff98897c000 	C:\WINDOWS\System32\ucrtbase.dll
0x00007ff96b950000 - 0x00007ff96b9ed000 	C:\WINDOWS\SYSTEM32\MSVCP140.dll
0x00007ff96bda0000 - 0x00007ff96bdcc000 	C:\WINDOWS\SYSTEM32\VCRUNTIME140.dll
0x00007ff975720000 - 0x00007ff97572c000 	C:\WINDOWS\SYSTEM32\VCRUNTIME140_1.dll
0x00007ff981680000 - 0x00007ff9816a7000 	C:\Xilinx\2025.1\Vivado\lib\win64.o\xv_commonmain.dll
0x00007ff8d3c40000 - 0x00007ff8d3e90000 	C:\Xilinx\2025.1\Vivado\lib\win64.o\xv_commonxillic.dll
0x00007ff98aa70000 - 0x00007ff98aaf0000 	C:\WINDOWS\System32\WS2_32.dll
0x00007ff989e50000 - 0x00007ff989f68000 	C:\WINDOWS\System32\RPCRT4.dll
0x00007ff989aa0000 - 0x00007ff989c6f000 	C:\WINDOWS\System32\USER32.dll
0x00007ff988ff0000 - 0x00007ff989017000 	C:\WINDOWS\System32\win32u.dll
0x00007ff98af30000 - 0x00007ff98af5b000 	C:\WINDOWS\System32\GDI32.dll
0x00007ff9890b0000 - 0x00007ff9891d9000 	C:\WINDOWS\System32\gdi32full.dll
0x00007ff988780000 - 0x00007ff988823000 	C:\WINDOWS\System32\msvcp_win.dll
0x00007ff98a400000 - 0x00007ff98a4bc000 	C:\WINDOWS\System32\ADVAPI32.dll
0x00007ff989ca0000 - 0x00007ff989d49000 	C:\WINDOWS\System32\msvcrt.dll
0x00007ff98a720000 - 0x00007ff98a7c9000 	C:\WINDOWS\System32\sechost.dll
0x00007ff981650000 - 0x00007ff98167a000 	C:\Xilinx\2025.1\Vivado\lib\win64.o\boost_filesystem.dll
0x00007ff985420000 - 0x00007ff98542c000 	C:\Xilinx\2025.1\Vivado\lib\win64.o\xv_commonversion.dll
0x00007ff875620000 - 0x00007ff875d6b000 	C:\Xilinx\2025.1\Vivado\lib\win64.o\python313.dll
0x00007ff9829c0000 - 0x00007ff9829ca000 	C:\WINDOWS\SYSTEM32\WSOCK32.dll
0x00007ff874590000 - 0x00007ff87561a000 	C:\Xilinx\2025.1\Vivado\lib\win64.o\xv_isl_iostreams.dll
0x00007ff890da0000 - 0x00007ff8910b6000 	C:\Xilinx\2025.1\Vivado\lib\win64.o\libXil_lmgr11.dll
0x00007ff98a620000 - 0x00007ff98a715000 	C:\WINDOWS\System32\COMDLG32.dll
0x00007ff98ab00000 - 0x00007ff98ae85000 	C:\WINDOWS\System32\combase.dll
0x00007ff98a970000 - 0x00007ff98aa6b000 	C:\WINDOWS\System32\shcore.dll
0x00007ff98ae90000 - 0x00007ff98aef6000 	C:\WINDOWS\System32\SHLWAPI.dll
0x00007ff9891e0000 - 0x00007ff989978000 	C:\WINDOWS\System32\SHELL32.dll
0x00007ff989f70000 - 0x00007ff98a049000 	C:\WINDOWS\System32\OLEAUT32.dll
0x00007ff98a7d0000 - 0x00007ff98a96a000 	C:\WINDOWS\System32\ole32.dll
0x00007ff989020000 - 0x00007ff9890a2000 	C:\WINDOWS\System32\WINTRUST.dll
0x00007ff988e60000 - 0x00007ff988fde000 	C:\WINDOWS\System32\CRYPT32.dll
0x00007ff8e34f0000 - 0x00007ff8e3634000 	C:\Xilinx\2025.1\Vivado\lib\win64.o\boost_regex.dll
0x00007ff9885b0000 - 0x00007ff9885da000 	C:\WINDOWS\SYSTEM32\bcrypt.dll
0x00007ff88fde0000 - 0x00007ff88ff81000 	C:\Xilinx\2025.1\Vivado\lib\win64.o\tcl86t.dll
0x00007ff9814a0000 - 0x00007ff9814ab000 	C:\WINDOWS\SYSTEM32\VERSION.dll
0x00007ff981630000 - 0x00007ff98164c000 	C:\Xilinx\2025.1\Vivado\lib\win64.o\xv_isl_iosutils.dll
0x00007ff981600000 - 0x00007ff981627000 	C:\Xilinx\2025.1\Vivado\lib\win64.o\boost_thread.dll
0x00007ff9815e0000 - 0x00007ff9815f9000 	C:\Xilinx\2025.1\Vivado\lib\win64.o\boost_date_time.dll
0x00007ff95f4b0000 - 0x00007ff95f4d1000 	C:\Xilinx\2025.1\Vivado\lib\win64.o\boost_iostreams.dll
0x00007ff97b4b0000 - 0x00007ff97b4ca000 	C:\WINDOWS\SYSTEM32\NETAPI32.dll
0x00007ff958970000 - 0x00007ff958a25000 	C:\WINDOWS\WinSxS\amd64_microsoft.windows.common-controls_6595b64144ccf1df_5.82.26100.8328_none_87eede957a2ccddd\COMCTL32.dll
0x00007ff9814b0000 - 0x00007ff9814d5000 	C:\WINDOWS\SYSTEM32\dhcpcsvc.DLL
0x00007ff9879a0000 - 0x00007ff9879d4000 	C:\WINDOWS\SYSTEM32\USERENV.dll
0x00007ff872ee0000 - 0x00007ff874587000 	C:\Xilinx\2025.1\Vivado\lib\win64.o\xv_common.dll
0x00007ff9795a0000 - 0x00007ff979833000 	C:\WINDOWS\SYSTEM32\WININET.dll
0x00007ff981c40000 - 0x00007ff981d6a000 	C:\WINDOWS\SYSTEM32\WINHTTP.dll
0x00007ff976870000 - 0x00007ff976a4c000 	C:\WINDOWS\SYSTEM32\urlmon.dll
0x00007ff94f290000 - 0x00007ff94f2b3000 	C:\Xilinx\2025.1\Vivado\lib\win64.o\librdizlib.dll
0x00007ff926d10000 - 0x00007ff926da4000 	C:\Xilinx\2025.1\Vivado\lib\win64.o\boost_program_options.dll
0x00007ff944ee0000 - 0x00007ff944f04000 	C:\Xilinx\2025.1\Vivado\lib\win64.o\xv_isl_sysinfo.dll
0x00007ff91c6d0000 - 0x00007ff91c787000 	C:\Xilinx\2025.1\Vivado\lib\win64.o\libzstd.dll
0x00007ff93d960000 - 0x00007ff93d98a000 	C:\Xilinx\2025.1\Vivado\lib\win64.o\zlib1.dll
0x00007ff9829b0000 - 0x00007ff9829c0000 	C:\Xilinx\2025.1\Vivado\lib\win64.o\xv_boost_xilinx.dll
0x00007ff872a40000 - 0x00007ff872ee0000 	C:\Xilinx\2025.1\Vivado\lib\win64.o\xv_COIN-all.dll
0x00007ff9815c0000 - 0x00007ff9815dc000 	C:\Xilinx\2025.1\Vivado\lib\win64.o\librdiconfig.dll
0x00007ff8fa330000 - 0x00007ff8fa3d5000 	C:\Xilinx\2025.1\Vivado\lib\win64.o\libhdxml.dll
0x00007ff9264d0000 - 0x00007ff926547000 	C:\Xilinx\2025.1\Vivado\lib\win64.o\xv_lmx.dll
0x00007ff981570000 - 0x00007ff98158a000 	C:\Xilinx\2025.1\Vivado\lib\win64.o\pthreadVC2.dll
0x00007ff93c350000 - 0x00007ff93c385000 	C:\WINDOWS\SYSTEM32\VCOMP140.DLL
0x00007ff975cc0000 - 0x00007ff975f84000 	C:\WINDOWS\SYSTEM32\iertutil.dll
0x00007ff986100000 - 0x00007ff9869ae000 	C:\WINDOWS\SYSTEM32\windows.storage.dll
0x00007ff975c90000 - 0x00007ff975cb9000 	C:\WINDOWS\SYSTEM32\srvcli.dll
0x00007ff986ce0000 - 0x00007ff986ced000 	C:\WINDOWS\SYSTEM32\netutils.dll
0x00007ff9876a0000 - 0x00007ff9876e7000 	C:\WINDOWS\SYSTEM32\LOGONCLI.DLL
0x00007ff986c70000 - 0x00007ff986c8c000 	C:\WINDOWS\SYSTEM32\SAMCLI.DLL
0x00007ff870b20000 - 0x00007ff872a37000 	C:\Xilinx\2025.1\Vivado\lib\win64.o\gurobi90.dll
0x00007ff98a5a0000 - 0x00007ff98a614000 	C:\WINDOWS\System32\WLDAP32.dll
0x00007ff98af00000 - 0x00007ff98af08000 	C:\WINDOWS\System32\Normaliz.dll
0x00007ff8e4100000 - 0x00007ff8e4182000 	C:\Xilinx\2025.1\Vivado\lib\win64.o\libhdlpsolve.dll
0x00007ff88fb10000 - 0x00007ff88fdd1000 	C:\Xilinx\2025.1\Vivado\lib\win64.o\xerces-c_3_2.dll
0x00007ff9878f0000 - 0x00007ff98795c000 	C:\WINDOWS\SYSTEM32\MSWSOCK.DLL
0x00007ff98a560000 - 0x00007ff98a591000 	C:\WINDOWS\System32\IMM32.DLL
0x00007ff987d80000 - 0x00007ff987d93000 	C:\WINDOWS\SYSTEM32\MSASN1.dll
0x00007ff987d10000 - 0x00007ff987d2b000 	C:\WINDOWS\SYSTEM32\CRYPTSP.dll
0x00007ff9872b0000 - 0x00007ff9872e9000 	C:\WINDOWS\system32\rsaenh.dll
0x00007ff987b50000 - 0x00007ff987b5c000 	C:\WINDOWS\SYSTEM32\CRYPTBASE.dll
0x00007ff9886c0000 - 0x00007ff98876c000 	C:\WINDOWS\System32\bcryptPrimitives.dll
0x00007ff989d50000 - 0x00007ff989d70000 	C:\WINDOWS\System32\imagehlp.dll
0x00007ff987350000 - 0x00007ff98736b000 	C:\WINDOWS\SYSTEM32\kernel.appcore.dll
0x00007ff987970000 - 0x00007ff987995000 	C:\WINDOWS\SYSTEM32\gpapi.dll
0x00007ff870450000 - 0x00007ff870b20000 	C:\Xilinx\2025.1\Vivado\lib\win64.o\xv_commontasks.dll
0x00007ff86f6c0000 - 0x00007ff870441000 	C:\Xilinx\2025.1\Vivado\tps\win64\jre21.0.1_12\bin\server\jvm.dll
0x00007ff988520000 - 0x00007ff98857e000 	C:\WINDOWS\SYSTEM32\POWRPROF.dll
0x00007ff97c9d0000 - 0x00007ff97ca06000 	C:\WINDOWS\SYSTEM32\WINMM.dll
0x00007ff86f1c0000 - 0x00007ff86f6b9400 	C:\Xilinx\2025.1\Vivado\lib\win64.o\xv_sio.dll
0x00007ff986d00000 - 0x00007ff986d33000 	C:\WINDOWS\SYSTEM32\IPHLPAPI.DLL
0x00007ff988500000 - 0x00007ff988515000 	C:\WINDOWS\SYSTEM32\UMPDC.dll
0x00007ff981320000 - 0x00007ff98135b000 	C:\Windows\System32\cryptnet.dll
0x00007ff9885e0000 - 0x00007ff988609000 	C:\WINDOWS\SYSTEM32\profapi.dll
0x00007ff985740000 - 0x00007ff98574e000 	C:\WINDOWS\SYSTEM32\WINNSI.DLL
0x00007ff989c90000 - 0x00007ff989c9a000 	C:\WINDOWS\System32\NSI.dll
0x00007ff987610000 - 0x00007ff987659000 	C:\WINDOWS\SYSTEM32\SspiCli.dll
0x00007ff94bd40000 - 0x00007ff94bd58000 	C:\WINDOWS\system32\napinsp.dll
0x00007ff986d40000 - 0x00007ff986e98000 	C:\WINDOWS\SYSTEM32\DNSAPI.dll
0x00007ff9876f0000 - 0x00007ff9876fd000 	C:\WINDOWS\SYSTEM32\DSPARSE.dll
0x00007ff94bd60000 - 0x00007ff94bd73000 	C:\WINDOWS\System32\winrnr.dll
0x00007ff94be40000 - 0x00007ff94be67000 	C:\WINDOWS\system32\nlansp_c.dll
0x00007ff94be90000 - 0x00007ff94bea6000 	C:\WINDOWS\system32\wshbth.dll
0x00007ff980f60000 - 0x00007ff980f7b000 	C:\WINDOWS\SYSTEM32\wkscli.dll
0x00007ff958640000 - 0x00007ff958653000 	C:\WINDOWS\SYSTEM32\cscapi.dll
0x00007ff86b0e0000 - 0x00007ff86f1b1000 	C:\Xilinx\2025.1\Vivado\lib\win64.o\xv_tcltasks.dll
0x00007ff8d6c60000 - 0x00007ff8d6d39000 	C:\Xilinx\2025.1\Vivado\lib\win64.o\xv_xhubtasks.dll
0x00007ff86a280000 - 0x00007ff86b0d2000 	C:\Xilinx\2025.1\Vivado\lib\win64.o\xv_power.dll
0x00007ff869580000 - 0x00007ff86a274000 	C:\Xilinx\2025.1\Vivado\lib\win64.o\xv_project.dll
0x00007ff8677a0000 - 0x00007ff869579000 	C:\Xilinx\2025.1\Vivado\lib\win64.o\xv_implflow.dll
0x00007ff866b10000 - 0x00007ff867797000 	C:\Xilinx\2025.1\Vivado\lib\win64.o\xv_lopt.dll
0x00007ff8665a0000 - 0x00007ff866b03000 	C:\Xilinx\2025.1\Vivado\lib\win64.o\xv_dfximpl.dll
0x00007ff860bc0000 - 0x00007ff86659c000 	C:\Xilinx\2025.1\Vivado\lib\win64.o\xv_route.dll
0x00007ff8603e0000 - 0x00007ff860bb3000 	C:\Xilinx\2025.1\Vivado\lib\win64.o\xv_runs.dll
0x00007ff8955a0000 - 0x00007ff895707000 	C:\Xilinx\2025.1\Vivado\lib\win64.o\xv_chipscope.dll
0x00007ff85f760000 - 0x00007ff8603da000 	C:\Xilinx\2025.1\Vivado\lib\win64.o\xv_rsb.dll
0x00007ff85ea80000 - 0x00007ff85f751000 	C:\Xilinx\2025.1\Vivado\lib\win64.o\xv_drc.dll
0x00007ff8916a0000 - 0x00007ff8917ac000 	C:\Xilinx\2025.1\Vivado\lib\win64.o\xv_dsp.dll
0x00007ff85bdf0000 - 0x00007ff85ea72000 	C:\Xilinx\2025.1\Vivado\lib\win64.o\xv_mig.dll
0x00007ff85bb60000 - 0x00007ff85bde6000 	C:\Xilinx\2025.1\Vivado\lib\win64.o\xv_chipscopeimpl.dll
0x00007ff890150000 - 0x00007ff8902d2000 	C:\Xilinx\2025.1\Vivado\lib\win64.o\xv_vsta.dll
0x00007ff85a1e0000 - 0x00007ff85bb5c000 	C:\Xilinx\2025.1\Vivado\lib\win64.o\xv_timing.dll
0x00007ff859d20000 - 0x00007ff85a1dc000 	C:\Xilinx\2025.1\Vivado\lib\win64.o\xv_dlyest.dll
0x00007ff854010000 - 0x00007ff859d15000 	C:\Xilinx\2025.1\Vivado\lib\win64.o\xv_place.dll
0x00007ff853950000 - 0x00007ff854010000 	C:\Xilinx\2025.1\Vivado\lib\win64.o\xv_memdata.dll
0x00007ff8af5d0000 - 0x00007ff8af652000 	C:\Xilinx\2025.1\Vivado\lib\win64.o\xv_pfi.dll
0x00007ff853250000 - 0x00007ff85394b000 	C:\Xilinx\2025.1\Vivado\lib\win64.o\xv_bitstream.dll
0x00007ff895180000 - 0x00007ff89521e000 	C:\Xilinx\2025.1\Vivado\lib\win64.o\xv_boarddep.dll

dbghelp: loaded successfully - version: 4.0.5 - missing functions: none
symbol engine: initialized successfully - sym options: 0x614 - pdb path: .;C:\Xilinx\2025.1\Vivado\bin\unwrapped\win64.o;C:\WINDOWS\SYSTEM32;C:\Xilinx\2025.1\Vivado\lib\win64.o;C:\WINDOWS\WinSxS\amd64_microsoft.windows.common-controls_6595b64144ccf1df_5.82.26100.8328_none_87eede957a2ccddd;C:\Xilinx\2025.1\Vivado\tps\win64\jre21.0.1_12\bin\server;C:\Xilinx\2025.1\Vivado\tps\win64\jre21.0.1_12\bin;C:\WINDOWS\WinSxS\amd64_microsoft.windows.common-controls_6595b64144ccf1df_6.0.26100.9278_none_3e0d1ba8e3303201

VM Arguments:
jvm_args: -Dsun.java2d.pmoffscreen=false -Dhttps.protocols=TLSv1,TLSv1.1,TLSv1.2 -Dsun.java2d.xrender=false -Dsun.java2d.d3d=false -Dsun.awt.nopixfmt=true -Dsun.java2d.dpiaware=true -Dsun.java2d.uiScale.enabled=false -Dswing.aatext=true -XX:-UsePerfData -Djdk.map.althashing.threshold=512 -XX:StringTableSize=4072 -XX:+UseStringDeduplication -XX:MaxGCPauseMillis=200 -XX:ParallelGCThreads=4 -XX:+ParallelRefProcEnabled --add-opens=java.desktop/javax.swing.plaf.synth=ALL-UNNAMED --add-opens=java.base/java.nio=ALL-UNNAMED --add-opens=java.desktop/sun.swing=ALL-UNNAMED --add-opens=java.desktop/javax.swing=ALL-UNNAMED --add-opens=java.desktop/javax.swing.tree=ALL-UNNAMED --add-opens=java.desktop/javax.swing.plaf.basic=ALL-UNNAMED --add-opens=java.desktop/javax.swing.plaf.synth=ALL-UNNAMED --add-opens=java.desktop/javax.swing.plaf.basic=ALL-UNNAMED --add-opens=java.desktop/javax.swing=ALL-UNNAMED --add-opens=java.desktop/javax.swing.tree=ALL-UNNAMED --add-opens=java.desktop/java.awt.event=ALL-UNNAMED --add-exports=java.desktop/javax.swing.plaf.synth=ALL-UNNAMED --add-exports=java.base/java.nio=ALL-UNNAMED --add-exports=java.desktop/sun.swing=ALL-UNNAMED --add-exports=java.desktop/javax.swing=ALL-UNNAMED --add-exports=java.desktop/javax.swing.tree=ALL-UNNAMED --add-exports=java.desktop/javax.swing.plaf.basic=ALL-UNNAMED --add-exports=java.desktop/sun.swing=ALL-UNNAMED --add-exports=java.desktop/sun.swing.table=ALL-UNNAMED --add-exports=java.desktop/sun.swing.plaf.synth=ALL-UNNAMED --add-exports=java.desktop/sun.awt.shell=ALL-UNNAMED --add-exports=java.base/sun.security.action=ALL-UNNAMED --add-exports=java.desktop/sun.font=ALL-UNNAMED -XX:NewSize=80m -XX:MaxNewSize=80m -Xms812m -Xmx6144m -Xss10m 
java_command: <unknown>
java_class_path (initial): C:/Xilinx/2025.1/Vivado\lib\classes\apiguardian-api-1.1.0.jar;C:/Xilinx/2025.1/Vivado\lib\classes\asm-9.6-11.0.11-62.jar;C:/Xilinx/2025.1/Vivado\lib\classes\asm-analysis-9.6-11.0.11-62.jar;C:/Xilinx/2025.1/Vivado\lib\classes\asm-commons-9.6-11.0.11-62.jar;C:/Xilinx/2025.1/Vivado\lib\classes\asm-tree-9.6-11.0.11-62.jar;C:/Xilinx/2025.1/Vivado\lib\classes\autoesl-models-1.0.0-62.jar;C:/Xilinx/2025.1/Vivado\lib\classes\batik-anim-1.0.0-62.jar;C:/Xilinx/2025.1/Vivado\lib\classes\batik-awt-util-1.0.0-62.jar;C:/Xilinx/2025.1/Vivado\lib\classes\batik-bridge-1.0.0-62.jar;C:/Xilinx/2025.1/Vivado\lib\classes\batik-codec-1.0.0-62.jar;C:/Xilinx/2025.1/Vivado\lib\classes\batik-constants-1.0.0-62.jar;C:/Xilinx/2025.1/Vivado\lib\classes\batik-css-1.0.0-62.jar;C:/Xilinx/2025.1/Vivado\lib\classes\batik-dom-1.0.0-62.jar;C:/Xilinx/2025.1/Vivado\lib\classes\batik-ext-1.0.0-62.jar;C:/Xilinx/2025.1/Vivado\lib\classes\batik-gui-util-1.0.0-62.jar;C:/Xilinx/2025.1/Vivado\lib\classes\batik-gvt-1.0.0-62.jar;C:/Xilinx/2025.1/Vivado\lib\classes\batik-i18n-1.0.0-62.jar;C:/Xilinx/2025.1/Vivado\lib\classes\batik-parser-1.0.0-62.jar;C:/Xilinx/2025.1/Vivado\lib\classes\batik-script-1.0.0-62.jar;C:/Xilinx/2025.1/Vivado\lib\classes\batik-svg-dom-1.0.0-62.jar;C:/Xilinx/2025.1/Vivado\lib\classes\batik-svggen-1.0.0-62.jar;C:/Xilinx/2025.1/Vivado\lib\classes\batik-swing-1.0.0-62.jar;C:/Xilinx/2025.1/Vivado\lib\classes\batik-transcoder-1.0.0-62.jar;C:/Xilinx/2025.1/Vivado\lib\classes\batik-util-1.0.0-62.jar;C:/Xilinx/2025.1/Vivado\lib\classes\batik-xml-1.0.0-62.jar;C:/Xilinx/2025.1/Vivado\lib\classes\checker-qual-3.12.0.jar;C:/Xilinx/2025.1/Vivado\lib\classes\com.fasterxml.jackson.core.jackson-annotations_2.12.1.v20210128-1726-1.0.0-62.jar;C:/Xilinx/2025.1/Vivado\lib\classes\com.fasterxml.jackson.core.jackson-annotations_2.12.1.v20210128-1726-1.5.0-62.jar;C:/Xilinx/2025.1/Vivado\lib\classes\com.fasterxml.jackson.core.jackson-core_2.12.1.v20210128-1726-1.0.0-62.jar;C:/Xilinx/2025.1/Vivado\lib\classes\com.fasterxml.jackson.core.jackson-core_2.12.1.v20210128-1726-1.5.0-62.jar;C:/Xilinx/2025.1/Vivado\lib\classes\com.fasterxml.jackson.core.jackson-databind_2.12.1.v20210128-1726-1.0.0-62.jar;C:/Xilinx/2025.1/Vivado\lib\classes\com.fasterxml.jackson.core.jackson-databind_2.12.1.v20210128-1726-1.5.0-62.jar;C:/Xilinx/2025.1/Vivado\lib\classes\com.google.gson_2.8.9.v20220111-1409-1.5.0-62.jar;C:/Xilinx/2025.1/Vivado\lib\classes\com.google.guava_30.1.0.v20210127-2300-1.5.0-62.jar;C:/Xilinx/2025.1/Vivado\lib\classes\com.sigasi.hdt.connection_4.17.2.202304211001-1.5.0-62.jar;C:/Xilinx/2025.1/Vivado\lib\classes\com.sigasi.hdt.epl_4.17.2.202304211001-1.5.0-62.jar;C:/Xilinx/2025.1/Vivado\lib\classes\com.sigasi.hdt.project_4.17.2.202304211001-1.5.0-62.jar;C:/Xilinx/2025.1/Vivado\lib\classes\com.sigasi.hdt.readonlyfilesystem_4.17.2.202304211001-1.5.0-62.jar;C:/Xilinx/2025.1/Vivado\lib\classes\com.sigasi.hdt.shared_4.17.2.202304211001-1.5.0-62.jar;C:/Xilinx/2025.1/Vivado\lib\classes\com.sigasi.lcm_4.17.2.202304211001-1.5.0-62.jar;C:/Xilinx/2025.1/Vivado\lib\classes\com.sigasi.lsp.server.extensions_4.17.2.202304211001-1.5.0-62.jar;C:/Xilinx/2025.1/Vivado\lib\classes\com.sigasi.sdk.client_1.5.0.202304211001-1.5.0-62.jar;C:/Xilinx/2025.1/Vivado\lib\classes\commons-collections4-4.1-3.7.8-62.jar;C:/Xilinx/2025.1/Vivado\lib\classes\commons-compress-1.21-3.7.8-62.jar;C:/Xilinx/2025.1/Vivado\lib\classes\commons-io-2.15.0-11.0.11-62.jar;C:/Xilinx/2025.1/Vivado\lib\classes\commons-io-2.6.jar;C:/Xilinx/2025.1/Vivado\lib\classes\commons-lang3-3.14.0-11.0.11-62.jar;C:/Xilinx/2025.1/Vivado\lib\classes\commons-math-2.2-3.7.8-62.jar;C:/Xilinx/2025.1/Vivado\lib\classes\DispatchProtocol-1.24.0-526.jar;C:/Xilinx/2025.1/Vivado\lib\classes\dom4j-1.6.1-3.7.8-62.jar;C:/Xilinx/2025.1/Vivado\lib\classes\error_prone_annotations-2.11.0.jar;C:/Xilinx/2025.1/Vivado\lib\classes\failureaccess-1.0.1.jar;C:/Xilinx/2025.1/Vivado\lib\classes\frank_frameworks-1.0.0-526.jar;C:/Xilinx/2025.1/Vivado\lib\classes\gson-2.8.9.jar;C:/Xilinx/2025.1/Vivado\lib\classes\guava-31.1-android.jar;C:/Xilinx/2025.1/Vivado\lib\classes\help-1.24.0-356.jar;C:/Xilinx/2025.1/Vivado\lib\classes\hsqldb-3.7.8-62.jar;C:/Xilinx/2025.1/Vivado\lib\classes\j2objc-annotations-1.3.jar;C:/Xilinx/2025.1/Vivado\lib\classes\jakarta.annotation-api-2.1.0-11.0.11-62.jar;C:/Xilinx/2025.1/Vivado\lib\classes\jakarta.json-2.0.0-RC2-1.5.0-62.jar;C:/Xilinx/2025.1/Vivado\lib\classes\jakarta.json-api-2.0.0-RC2-1.5.0-62.jar;C:/Xilinx/2025.1/Vivado\lib\classes\jakarta.transaction-api-2.0.0-11.0.11-62.jar;C:/Xilinx/2025.1/Vivado\lib\classes\jaxb-api-2.3.0.jar;C:/Xilinx/2025.1/Vivado\lib\classes\jericho-html-3.4-1.0.0-62.jar;C:/Xilinx/2025.1/Vivado\lib\classes\jetty-jakarta-servlet-api-5.0.2-11.0.11-62.jar;C:/Xilinx/2025.1/Vivado\lib\classes\jh-2.0.05-62.jar;C:/Xilinx/2025.1/Vivado\lib\classes\jide-action-3.7.8-62.jar;C:/Xilinx/2025.1/Vivado\lib\classes\jide-charts-3.7.8-62.jar;C:/Xilinx/2025.1/Vivado\lib\classes\jide-common-3.7.8-62.jar;C:/Xilinx/2025.1/Vivado\lib\classes\jide-components-3.7.8-62.jar;C:/Xilinx/2025.1/Vivado\lib\classes\jide-dashboard-3.7.8-62.jar;C:/Xilinx/2025.1/Vivado\lib\classes\jide-data-3.7.8-62.jar;C:/Xilinx/2025.1/Vivado\lib\classes\jide-dialogs-3.7.8-62.jar;C:/Xilinx/2025.1/Vivado\lib\classes\jide-diff-3.7.8-62.jar;C:/Xilinx/2025.1/Vivado\lib\classes\jide-dock-3.7.8-62.jar;C:/Xilinx/2025.1/Vivado\lib\classes\jide-editor-3.7.8-62.jar;C:/Xilinx/2025.1/Vivado\lib\classes\jide-gantt-3.7.8-62.jar;C:/Xilinx/2025.1/Vivado\lib\classes\jide-grids-3.7.8-62.jar;C:/Xilinx/2025.1/Vivado\lib\classes\jide-pivot-3.7.8-62.jar;C:/Xilinx/2025.1/Vivado\lib\classes\jide-plaf-jdk7-3.7.8-62.jar;C:/Xilinx/2025.1/Vivado\lib\classes\jide-properties-3.7.8-62.jar;C:/Xilinx/2025.1/Vivado\lib\classes\jide-shortcut-3.7.8-62.jar;C:/Xilinx/2025.1/Vivado\lib\classes\jide-treemap-3.7.8-62.jar;C:/Xilinx/2025.1/Vivado\lib\classes\JRCClient-1.24.0-526.jar;C:/Xilinx/2025.1/Vivado\lib\classes\jsr305-3.0.2.jar;C:/Xilinx/2025.1/Vivado\lib\classes\junit-jupiter-api-5.6.2.jar;C:/Xilinx/2025.1/Vivado\lib\classes\junit-platform-commons-1.6.2.jar;C:/Xilinx/2025.1/Vivado\lib\classes\justify-3.0.0-RC2-1.5.0-62.jar;C:/Xilinx/2025.1/Vivado\lib\classes\jydocking-3.3.1-62.jar;C:/Xilinx/2025.1/Vivado\lib\classes\jytable-3.3.1-62.jar;C:/Xilinx/2025.1/Vivado\lib\classes\jywidgets-3.3.1-62.jar;C:/Xilinx/2025.1/Vivado\lib\classes\listenablefuture-9999.0-empty-to-avoid-conflict-with-guava.jar;C:/Xilinx/2025.1/Vivado\lib\classes\log4j-1.2-api-2.17.1-1.5.0-62.jar;C:/Xilinx/2025.1/Vivado\lib\classes\log4j-api-2.17.1-1.5.0-62.jar;C:/Xilinx/2025.1/Vivado\lib\classes\log4j-core-2.17.1-1.5.0-62.jar;C:/Xilinx/2025.1/Vivado\lib\classes\lucene-analyzers-common-4.10.2-3.7.8-62.jar;C:/Xilinx/2025.1/Vivado\lib\classes\lucene-core-4.10.2-3.7.8-62.jar;C:/Xilinx/2025.1/Vivado\lib\classes\lucene-queryparser-4.10.2-3.7.8-62.jar;C:/Xilinx/2025.1/Vivado\lib\classes\miglayout-3.7.3.1.jar;C:/Xilinx/2025.1/Vivado\lib\classes\nlview_java-1.0.0-62.jar;C:/Xilinx/2025.1/Vivado\lib\classes\opentest4j-1.2.0.jar;C:/Xilinx/2025.1/Vivado\lib\classes\org.apache.commons.lang_2.6.0.v201404270220-1.0.0-62.jar;C:/Xilinx/2025.1/Vivado\lib\classes\org.eclipse.core.commands-3.6.0-1.0.0-62.jar;C:/Xilinx/2025.1/Vivado\lib\classes\org.eclipse.core.filesystem_1.7.400.v20190518-1151-1.0.0-62.jar;C:/Xilinx/2025.1/Vivado\lib\classes\org.eclipse.core.jobs_3.10.400.v20190506-1457-1.0.0-62.jar;C:/Xilinx/2025.1/Vivado\lib\classes\org.eclipse.core.resources_3.13.400.v20190505-1655-1.0.0-62.jar;C:/Xilinx/2025.1/Vivado\lib\classes\org.eclipse.emf.common_2.18.0.v20191225-1014-1.0.0-62.jar;C:/Xilinx/2025.1/Vivado\lib\classes\org.eclipse.emf.common_2.24.0.v20220123-0838-1.5.0-62.jar;C:/Xilinx/2025.1/Vivado\lib\classes\org.eclipse.emf.ecore.xmi_2.16.0.v20190528-0725-1.0.0-62.jar;C:/Xilinx/2025.1/Vivado\lib\classes\org.eclipse.emf.ecore_2.21.0.v20200127-1342-1.0.0-62.jar;C:/Xilinx/2025.1/Vivado\lib\classes\org.eclipse.equinox.common_3.11.0.v20200206-0817-1.0.0-62.jar;C:/Xilinx/2025.1/Vivado\lib\classes\org.eclipse.equinox.registry_3.8.400.v20190516-1504-1.0.0-62.jar;C:/Xilinx/2025.1/Vivado\lib\classes\org.eclipse.jetty.alpn.client_11.0.18-11.0.11-62.jar;C:/Xilinx/2025.1/Vivado\lib\classes\org.eclipse.jetty.annotations_11.0.18-11.0.11-62.jar;C:/Xilinx/2025.1/Vivado\lib\classes\org.eclipse.jetty.client_11.0.18-11.0.11-62.jar;C:/Xilinx/2025.1/Vivado\lib\classes\org.eclipse.jetty.http_11.0.18-11.0.11-62.jar;C:/Xilinx/2025.1/Vivado\lib\classes\org.eclipse.jetty.io_11.0.18-11.0.11-62.jar;C:/Xilinx/2025.1/Vivado\lib\classes\org.eclipse.jetty.jndi_11.0.18-11.0.11-62.jar;C:/Xilinx/2025.1/Vivado\lib\classes\org.eclipse.jetty.plus_11.0.18-11.0.11-62.jar;C:/Xilinx/2025.1/Vivado\lib\classes\org.eclipse.jetty.security_11.0.18-11.0.11-62.jar;C:/Xilinx/2025.1/Vivado\lib\classes\org.eclipse.jetty.server_11.0.18-11.0.11-62.jar;C:/Xilinx/2025.1/Vivado\lib\classes\org.eclipse.jetty.servlet_11.0.18-11.0.11-62.jar;C:/Xilinx/2025.1/Vivado\lib\classes\org.eclipse.jetty.util_11.0.18-11.0.11-62.jar;C:/Xilinx/2025.1/Vivado\lib\classes\org.eclipse.jetty.webapp_11.0.18-11.0.11-62.jar;C:/Xilinx/2025.1/Vivado\lib\classes\org.eclipse.jetty.websocket.api_11.0.18-11.0.11-62.jar;C:/Xilinx/2025.1/Vivado\lib\classes\org.eclipse.jetty.websocket.client_11.0.18-11.0.11-62.jar;C:/Xilinx/2025.1/Vivado\lib\classes\org.eclipse.jetty.websocket.common_11.0.18-11.0.11-62.jar;C:/Xilinx/2025.1/Vivado\lib\classes\org.eclipse.jetty.websocket.core.client_11.0.18-11.0.11-62.jar;C:/Xilinx/2025.1/Vivado\lib\classes\org.eclipse.jetty.websocket.core.common_11.0.18-11.0.11-62.jar;C:/Xilinx/2025.1/Vivado\lib\classes\org.eclipse.jetty.websocket.core.server_11.0.18-11.0.11-62.jar;C:/Xilinx/2025.1/Vivado\lib\classes\org.eclipse.jetty.websocket.server_11.0.18-11.0.11-62.jar;C:/Xilinx/2025.1/Vivado\lib\classes\org.eclipse.jetty.websocket.servlet_11.0.18-11.0.11-62.jar;C:/Xilinx/2025.1/Vivado\lib\classes\org.eclipse.jetty.xml_11.0.18-11.0.11-62.jar;C:/Xilinx/2025.1/Vivado\lib\classes\org.eclipse.lsp4j.jsonrpc_0.12.0.v20210402-1305-1.5.0-62.jar;C:/Xilinx/2025.1/Vivado\lib\classes\org.eclipse.lsp4j_0.12.0.v20210402-1305-1.5.0-62.jar;C:/Xilinx/2025.1/Vivado\lib\classes\org.eclipse.xtext.util_2.18.0.v20190603-1042-1.0.0-62.jar;C:/Xilinx/2025.1/Vivado\lib\classes\org.eclipse.xtext.util_2.26.0.v20220228-0751-1.5.0-62.jar;C:/Xilinx/2025.1/Vivado\lib\classes\org.eclipse.xtext.xbase.lib_2.26.0.v20220228-0748-1.5.0-62.jar;C:/Xilinx/2025.1/Vivado\lib\classes\picocli-4.1.2.jar;C:/Xilinx/2025.1/Vivado\lib\classes\planAhead.jar;C:/Xilinx/2025.1/Vivado\lib\classes\poi-4.1.1-3.7.8-62.jar;C:/Xilinx/2025.1/Vivado\lib\classes\poi-ooxml-4.1.1-3.7.8-62.jar;C:/Xilinx/2025.1/Vivado\lib\classes\poi-ooxml-schemas-4.1.1-3.7.8-62.jar;C:/Xilinx/2025.1/Vivado\lib\classes\protobuf-java-3.21.12.jar;C:/Xilinx/2025.1/Vivado\lib\classes\protobuf-java-util-3.21.12.jar;C:/Xilinx/2025.1/Vivado\lib\classes\RuleService-1.24.0-526.jar;C:/Xilinx/2025.1/Vivado\lib\classes\slf4j-api-2.0.9-11.0.11-62.jar;C:/Xilinx/2025.1/Vivado\lib\classes\swingx-core-1.6.2-62.jar;C:/Xilinx/2025.1/Vivado\lib\classes\synthetica-3.3.1-62.jar;C:/Xilinx/2025.1/Vivado\lib\classes\syntheticaAddons-3.3.1-62.jar;C:/Xilinx/2025.1/Vivado\lib\classes\syntheticaDark-3.3.1-62.jar;C:/Xilinx/2025.1/Vivado\lib\classes\syntheticaPlain-3.3.1-62.jar;C:/Xilinx/2025.1/Vivado\lib\classes\syntheticaPlainAddon-3.3.1-62.jar;C:/Xilinx/2025.1/Vivado\lib\classes\sysgen.jar;C:/Xilinx/2025.1/Vivado\lib\classes\va-shared-1.0.0-526.jar;C:/Xilinx/2025.1/Vivado\lib\classes\VlmGUI.jar;C:/Xilinx/2025.1/Vivado\lib\classes\xml-apis-ext-1.0.0-62.jar;C:/Xilinx/2025.1/Vivado\lib\classes\xmlbeans-3.1.0-3.7.8-62.jar;C:/Xilinx/2025.1/Vivado\lib\classes\xmlgraphics-commons-1.0.0-62.jar;C:/Xilinx/2025.1/Vivado\lib\classes\yfiles-for-java-swing-3.3.0-62.jar;C:/Xilinx/2025.1/Vivado\lib\classes\windows\gluegen-rt-95.0.4638.69.jar;C:/Xilinx/2025.1/Vivado\lib\classes\windows\gluegen-rt-natives-windows-amd64-95.0.4638.69.jar;C:/Xilinx/2025.1/Vivado\lib\classes\windows\javafx-swt-21.0.1.jar;C:/Xilinx/2025.1/Vivado\lib\classes\windows\javafx.base-21.0.1.jar;C:/Xilinx/2025.1/Vivado\lib\classes\windows\javafx.controls-21.0.1.jar;C:/Xilinx/2025.1/Vivado\lib\classes\windows\javafx.fxml-21.0.1.jar;C:/Xilinx/2025.1/Vivado\lib\classes\windows\javafx.graphics-21.0.1.jar;C:/Xilinx/2025.1/Vivado\lib\classes\windows\javafx.media-21.0.1.jar;C:/Xilinx/2025.1/Vivado\lib\classes\windows\javafx.swing-21.0.1.jar;C:/Xilinx/2025.1/Vivado\lib\classes\windows\javafx.web-21.0.1.jar;C:/Xilinx/2025.1/Vivado\lib\classes\windows\jcef-95.0.4638.69.jar;C:/Xilinx/2025.1/Vivado\lib\classes\windows\jcef-tests-95.0.4638.69.jar;C:/Xilinx/2025.1/Vivado\lib\classes\windows\jogl-all-95.0.4638.69.jar;C:/Xilinx/2025.1/Vivado\lib\classes\windows\jogl-all-natives-windows-amd64-95.0.4638.69.jar
Launcher Type: generic

[Global flags]
     intx CICompilerCount                          = 12                                        {product} {ergonomic}
     uint ConcGCThreads                            = 1                                         {product} {ergonomic}
     uint G1ConcRefinementThreads                  = 4                                         {product} {ergonomic}
   size_t G1HeapRegionSize                         = 4194304                                   {product} {ergonomic}
    uintx GCDrainStackTargetSize                   = 64                                        {product} {ergonomic}
   size_t InitialHeapSize                          = 851443712                                 {product} {command line}
   size_t MarkStackSize                            = 4194304                                   {product} {ergonomic}
    uintx MaxGCPauseMillis                         = 200                                       {product} {command line}
   size_t MaxHeapSize                              = 6442450944                                {product} {command line}
   size_t MaxNewSize                               = 83886080                                  {product} {command line}
   size_t MinHeapDeltaBytes                        = 4194304                                   {product} {ergonomic}
   size_t MinHeapSize                              = 851443712                                 {product} {command line}
   size_t NewSize                                  = 83886080                                  {product} {command line}
    uintx NonNMethodCodeHeapSize                   = 7602480                                {pd product} {ergonomic}
    uintx NonProfiledCodeHeapSize                  = 122027880                              {pd product} {ergonomic}
     uint ParallelGCThreads                        = 4                                         {product} {command line}
     bool ParallelRefProcEnabled                   = true                                      {product} {command line}
    uintx ProfiledCodeHeapSize                     = 122027880                              {pd product} {ergonomic}
    uintx ReservedCodeCacheSize                    = 251658240                              {pd product} {ergonomic}
     bool SegmentedCodeCache                       = true                                      {product} {ergonomic}
   size_t SoftMaxHeapSize                          = 6442450944                             {manageable} {ergonomic}
    uintx StringTableSize                          = 4072                                      {product} {command line}
     intx ThreadStackSize                          = 10240                                  {pd product} {command line}
     bool UseCompressedOops                        = true                           {product lp64_product} {ergonomic}
     bool UseG1GC                                  = true                                      {product} {ergonomic}
     bool UseLargePagesIndividualAllocation        = false                                  {pd product} {ergonomic}
     bool UsePerfData                              = false                                     {product} {command line}
     bool UseStringDeduplication                   = true                                      {product} {command line}

Logging:
Log output configuration:
 #0: stdout all=warning uptime,level,tags foldmultilines=false
 #1: stderr all=off uptime,level,tags foldmultilines=false

Environment Variables:
PATH=C:/Xilinx/2025.1/Vivado\gnuwin\bin;C:/Xilinx/2025.1/Vivado\gnu\microblaze\nt\bin;C:/Xilinx/2025.1/Vivado/bin;C:/Xilinx/2025.1/Vivado\tps\win64;C:/Xilinx/2025.1/Vivado/tps/win64/java-cef-95.0.4638.69/bin/lib/win64;C:/Xilinx/2025.1/Vivado/tps/win64/javafx-sdk-21.0.1/lib;C:/Xilinx/2025.1/Vivado/tps/win64/javafx-sdk-21.0.1/bin;C:/Xilinx/2025.1/Vivado/lib/win64.o;C:/Xilinx/2025.1/Vivado/tps/win64/jre21.0.1_12/bin/server;C:/Xilinx/2025.1/Vivado/tps/win64/jre21.0.1_12/bin;C:/Xilinx/2025.1/Vitis/bin;C:/Xilinx/2025.1/Vivado/ids_lite/ISE/bin/nt64;C:/Xilinx/2025.1/Vivado/ids_lite/ISE/lib/nt64;C:\VulkanSDK\1.4.357.0\Bin;C:\Program Files (x86)\Common Files\Oracle\Java\java8path;C:\Program Files (x86)\Common Files\Oracle\Java\javapath;C:\Python311\Scripts\;C:\Python311\;C:\Program Files (x86)\Razer Chroma SDK\bin;C:\Program Files\Razer Chroma SDK\bin;C:\Program Files (x86)\Razer\ChromaBroadcast\bin;C:\Program Files\Razer\ChromaBroadcast\bin;C:\Windows\system32;C:\Windows;C:\Windows\System32\Wbem;C:\Windows\System32\WindowsPowerShell\v1.0\;C:\Windows\System32\OpenSSH\;C:\Strawberry\c\bin;C:\Strawberry\perl\site\bin;C:\Strawberry\perl\bin;C:\Program Files\Git\cmd;C:\Windows\system32\config\systemprofile\AppData\Local\Microsoft\WindowsApps;C:\Users\xaver\AppData\Local\Programs\Python\Launcher\;C:\Users\xaver\AppData\Local\Microsoft\WindowsApps;C:\Users\xaver\AppData\Local\Programs\Microsoft VS Code\bin;C:\Users\xaver\AppData\Local\Programs\MiKTeX\miktex\bin\x64\;C:\Users\xaver\AppData\Local\Programs\Python\Python311;C:\Program Files (x86)\NVIDIA Corporation\PhysX\Common;C:\Program Files\dotnet\;C:\Program Files (x86)\IVI Foundation\VISA\WinNT\Bin\;C:\Program Files\IVI Foundation\VISA\Win64\Bin\;C:\ProgramData\chocolatey\bin;C:\tools\Manim\Scripts;C:\Program Files (x86)\IVI Foundation\IVI\Bin\;C:\Program Files\IVI Foundation\IVI\Bin\;C:\Program Files (x86)\PDFtk\bin\;C:\Program Files\CMake\bin;C:\Program Files (x86)\Windows Kits\10\Windows Performance Toolkit\;C:\Program Files\nodejs\;C:\Program Files\Docker\Docker\resources\bin;C:\Program Files\MATLAB\R2025a\bin;;C:\Program Files\NVIDIA Corporation\NVIDIA App\NvDLISR;C:\Program Files\usbipd-win\;C:\Program Files\PuTTY\;C:\Users\xaver\.local\stm32cube\bin;C:\texlive\2025\bin\windows;%USERPROFILE%\AppData\Local\Microsoft\WindowsApps;C:\opencv\opencv\build\bin;C:\Users\xaver\AppData\Roaming\npm;C:/Xilinx/2025.1/Vivado\tps\mingw\6.2.0\win64.o\nt\bin;C:/Xilinx/2025.1/Vivado\tps\mingw\6.2.0\win64.o\nt\libexec\gcc\x86_64-w64-mingw32\6.2.0;C:/Xilinx/2025.1/Vivado\tps\win64\python-3.13.0;C:/Xilinx/2025.1/Vivado\tps\win64\python-3.13.0\bin;C:/Xilinx/2025.1/Vivado\tps\win64\python-3.13.0\lib;C:/Xilinx/2025.1/Vivado\tps\win64\python-3.13.0\lib\site-packages
USERNAME=xaver
OS=Windows_NT
PROCESSOR_IDENTIFIER=Intel64 Family 6 Model 151 Stepping 2, GenuineIntel
TMP=C:\Users\xaver\AppData\Local\Temp
TEMP=C:\Users\xaver\AppData\Local\Temp




Periodic native trim disabled

---------------  S Y S T E M  ---------------

OS:
 Windows 11 , 64 bit Build 26100 (10.0.26100.9444)
OS uptime: 0 days 0:10 hours
Hyper-V role detected

CPU: total 20 (initial active 20) (10 cores per cpu, 2 threads per core) family 6 model 151 stepping 2 microcode 0x1a, cx8, cmov, fxsr, ht, mmx, 3dnowpref, sse, sse2, sse3, ssse3, sse4.1, sse4.2, popcnt, lzcnt, tsc, tscinvbit, avx, avx2, aes, erms, clmul, bmi1, bmi2, adx, sha, fma, vzeroupper, clflush, clflushopt, clwb, hv, serialize, rdtscp, rdpid, fsrm, f16c, cet_ibt, cet_ss
Processor Information for processor 0
  Max Mhz: 3600, Current Mhz: 3600, Mhz Limit: 3600
Processor Information for processor 1
  Max Mhz: 3600, Current Mhz: 3600, Mhz Limit: 3600
Processor Information for processor 2
  Max Mhz: 3600, Current Mhz: 3600, Mhz Limit: 3600
Processor Information for processor 3
  Max Mhz: 3600, Current Mhz: 3600, Mhz Limit: 3600
Processor Information for processor 4
  Max Mhz: 3600, Current Mhz: 3600, Mhz Limit: 3600
Processor Information for processor 5
  Max Mhz: 3600, Current Mhz: 3600, Mhz Limit: 3600
Processor Information for processor 6
  Max Mhz: 3600, Current Mhz: 3600, Mhz Limit: 3600
Processor Information for processor 7
  Max Mhz: 3600, Current Mhz: 3600, Mhz Limit: 3600
Processor Information for processor 8
  Max Mhz: 3600, Current Mhz: 3600, Mhz Limit: 3600
Processor Information for processor 9
  Max Mhz: 3600, Current Mhz: 3600, Mhz Limit: 3600
Processor Information for processor 10
  Max Mhz: 3600, Current Mhz: 3600, Mhz Limit: 3600
Processor Information for processor 11
  Max Mhz: 3600, Current Mhz: 3600, Mhz Limit: 3600
Processor Information for processor 12
  Max Mhz: 3600, Current Mhz: 3600, Mhz Limit: 3600
Processor Information for processor 13
  Max Mhz: 3600, Current Mhz: 3600, Mhz Limit: 3600
Processor Information for processor 14
  Max Mhz: 3600, Current Mhz: 3600, Mhz Limit: 3600
Processor Information for processor 15
  Max Mhz: 3600, Current Mhz: 3600, Mhz Limit: 3600
Processor Information for processor 16
  Max Mhz: 3600, Current Mhz: 2700, Mhz Limit: 2700
Processor Information for processor 17
  Max Mhz: 3600, Current Mhz: 2700, Mhz Limit: 2700
Processor Information for processor 18
  Max Mhz: 3600, Current Mhz: 2700, Mhz Limit: 2700
Processor Information for processor 19
  Max Mhz: 3600, Current Mhz: 2700, Mhz Limit: 2700

Memory: 4k page, system-wide physical 32541M (18436M free)
TotalPageFile size 34973M (AvailPageFile size 18515M)
current process WorkingSet (physical memory assigned to process): 715M, peak: 729M
current process commit charge ("private bytes"): 1344M, peak: 1369M

vm_info: OpenJDK 64-Bit Server VM (21.0.1+12-LTS) for windows-amd64 JRE (21.0.1+12-LTS), built on 2023-10-17T00:00:00Z by "admin" with unknown MS VC++:1937

END.
