#-----------------------------------------------------------
# Vivado v2025.1 (64-bit)
# SW Build 6140274 on Thu May 22 00:12:29 MDT 2025
# IP Build 6138677 on Thu May 22 03:10:11 MDT 2025
# SharedData Build 6139179 on Tue May 20 17:58:58 MDT 2025
# Start of session at: Tue Oct  6 14:27:18 2026
# Process ID         : 27248
# Current directory  : C:/01_FPGA_Workspace/EthernetAX7A200B/ethernet_main
# Command line       : vivado.exe -gui_launcher_event rodinguilauncherevent12952 C:\01_FPGA_Workspace\EthernetAX7A200B\ethernet_main\ethernet_main.xpr
# Log file           : C:/01_FPGA_Workspace/EthernetAX7A200B/ethernet_main/vivado.log
# Journal file       : C:/01_FPGA_Workspace/EthernetAX7A200B/ethernet_main\vivado.jou
# Running On         : killcrafterHD
# Platform           : Windows Server 2016 or Windows 10
# Operating System   : 26200
# Processor Detail   : 12th Gen Intel(R) Core(TM) i7-12700K
# CPU Frequency      : 3610 MHz
# CPU Physical cores : 12
# CPU Logical cores  : 20
# Host memory        : 34122 MB
# Swap memory        : 2550 MB
# Total Virtual      : 36672 MB
# Available Virtual  : 20448 MB
#-----------------------------------------------------------
start_gui
open_project C:/01_FPGA_Workspace/EthernetAX7A200B/ethernet_main/ethernet_main.xpr
WARNING: [Board 49-26] cannot add Board Part xilinx.com:emb-plus-vpr-4616:part0:1.0 available at C:/Xilinx/2025.1/data/xhub/boards\XilinxBoardStore\boards\Xilinx\emb-plus-vpr-4616\1.0\board.xml as part xcve2302-sfva784-2mp-e-s specified in board_part file is either invalid or not available
WARNING: [Board 49-26] cannot add Board Part xilinx.com:emb-plus-vpr-4616:part0:1.1 available at C:/Xilinx/2025.1/data/xhub/boards\XilinxBoardStore\boards\Xilinx\emb-plus-vpr-4616\1.1\board.xml as part xcve2302-sfva784-2mp-e-s specified in board_part file is either invalid or not available
WARNING: [Board 49-26] cannot add Board Part xilinx.com:kcu105:part0:1.6 available at C:/Xilinx/2025.1/data/xhub/boards\XilinxBoardStore\boards\Xilinx\kcu105\1.6\board.xml as part xcku040-ffva1156-2-e specified in board_part file is either invalid or not available
WARNING: [Board 49-26] cannot add Board Part xilinx.com:kcu105:part0:1.7 available at C:/Xilinx/2025.1/data/xhub/boards\XilinxBoardStore\boards\Xilinx\kcu105\1.7\board.xml as part xcku040-ffva1156-2-e specified in board_part file is either invalid or not available
WARNING: [Board 49-26] cannot add Board Part xilinx.com:kcu116:part0:1.4 available at C:/Xilinx/2025.1/data/xhub/boards\XilinxBoardStore\boards\Xilinx\kcu116\1.4\board.xml as part xcku5p-ffvb676-2-e specified in board_part file is either invalid or not available
WARNING: [Board 49-26] cannot add Board Part xilinx.com:kcu116:part0:1.5 available at C:/Xilinx/2025.1/data/xhub/boards\XilinxBoardStore\boards\Xilinx\kcu116\1.5\board.xml as part xcku5p-ffvb676-2-e specified in board_part file is either invalid or not available
WARNING: [Board 49-26] cannot add Board Part xilinx.com:kcu1500:part0:1.2 available at C:/Xilinx/2025.1/data/xhub/boards\XilinxBoardStore\boards\Xilinx\kcu1500\1.2\board.xml as part xcku115-flvb2104-2-e specified in board_part file is either invalid or not available
WARNING: [Board 49-26] cannot add Board Part xilinx.com:scu35:part0:1.0 available at C:/Xilinx/2025.1/data/xhub/boards\XilinxBoardStore\boards\Xilinx\scu35\1.0\board.xml as part xcsu35p-sbvb625-2-e specified in board_part file is either invalid or not available
WARNING: [Board 49-26] cannot add Board Part xilinx.com:v80:part0:1.0 available at C:/Xilinx/2025.1/data/xhub/boards\XilinxBoardStore\boards\Xilinx\v80\1.0\board.xml as part xcv80-lsva4737-2mhp-e-s specified in board_part file is either invalid or not available
WARNING: [Board 49-26] cannot add Board Part xilinx.com:vck190:part0:2.2 available at C:/Xilinx/2025.1/data/xhub/boards\XilinxBoardStore\boards\Xilinx\vck190\production\2.2\board.xml as part xcvc1902-vsva2197-2mp-e-s specified in board_part file is either invalid or not available
WARNING: [Board 49-26] cannot add Board Part xilinx.com:vck190:part0:3.0 available at C:/Xilinx/2025.1/data/xhub/boards\XilinxBoardStore\boards\Xilinx\vck190\production\3.0\board.xml as part xcvc1902-vsva2197-2mp-e-s specified in board_part file is either invalid or not available
WARNING: [Board 49-26] cannot add Board Part xilinx.com:vck190:part0:3.1 available at C:/Xilinx/2025.1/data/xhub/boards\XilinxBoardStore\boards\Xilinx\vck190\production\3.1\board.xml as part xcvc1902-vsva2197-2mp-e-s specified in board_part file is either invalid or not available
WARNING: [Board 49-26] cannot add Board Part xilinx.com:vck190:part0:3.2 available at C:/Xilinx/2025.1/data/xhub/boards\XilinxBoardStore\boards\Xilinx\vck190\production\3.2\board.xml as part xcvc1902-vsva2197-2mp-e-s specified in board_part file is either invalid or not available
WARNING: [Board 49-26] cannot add Board Part xilinx.com:vck190:part0:3.3 available at C:/Xilinx/2025.1/data/xhub/boards\XilinxBoardStore\boards\Xilinx\vck190\production\3.3\board.xml as part xcvc1902-vsva2197-2mp-e-s specified in board_part file is either invalid or not available
WARNING: [Board 49-26] cannot add Board Part xilinx.com:vck190:part0:3.4 available at C:/Xilinx/2025.1/data/xhub/boards\XilinxBoardStore\boards\Xilinx\vck190\production\3.4\board.xml as part xcvc1902-vsva2197-2mp-e-s specified in board_part file is either invalid or not available
WARNING: [Board 49-26] cannot add Board Part xilinx.com:vck190_newl:part0:1.0 available at C:/Xilinx/2025.1/data/xhub/boards\XilinxBoardStore\boards\Xilinx\vck190_newl\production\1.0\board.xml as part xcvc1902-vsva2197-2mp-e-s specified in board_part file is either invalid or not available
WARNING: [Board 49-26] cannot add Board Part xilinx.com:vck190_newl:part0:1.1 available at C:/Xilinx/2025.1/data/xhub/boards\XilinxBoardStore\boards\Xilinx\vck190_newl\production\1.1\board.xml as part xcvc1902-vsva2197-2mp-e-s specified in board_part file is either invalid or not available
WARNING: [Board 49-26] cannot add Board Part xilinx.com:vck190_newl:part0:1.2 available at C:/Xilinx/2025.1/data/xhub/boards\XilinxBoardStore\boards\Xilinx\vck190_newl\production\1.2\board.xml as part xcvc1902-vsva2197-2mp-e-s specified in board_part file is either invalid or not available
WARNING: [Board 49-26] cannot add Board Part xilinx.com:vck190_newl:part0:1.3 available at C:/Xilinx/2025.1/data/xhub/boards\XilinxBoardStore\boards\Xilinx\vck190_newl\production\1.3\board.xml as part xcvc1902-vsva2197-2mp-e-s specified in board_part file is either invalid or not available
WARNING: [Board 49-26] cannot add Board Part xilinx.com:vcu108:part0:1.6 available at C:/Xilinx/2025.1/data/xhub/boards\XilinxBoardStore\boards\Xilinx\vcu108\1.6\board.xml as part xcvu095-ffva2104-2-e specified in board_part file is either invalid or not available
WARNING: [Board 49-26] cannot add Board Part xilinx.com:vcu108:part0:1.7 available at C:/Xilinx/2025.1/data/xhub/boards\XilinxBoardStore\boards\Xilinx\vcu108\1.7\board.xml as part xcvu095-ffva2104-2-e specified in board_part file is either invalid or not available
WARNING: [Board 49-26] cannot add Board Part xilinx.com:vcu110:part0:1.4 available at C:/Xilinx/2025.1/data/xhub/boards\XilinxBoardStore\boards\Xilinx\vcu110\1.4\board.xml as part xcvu190-flgc2104-2-e specified in board_part file is either invalid or not available
WARNING: [Board 49-26] cannot add Board Part xilinx.com:vcu118:part0:2.0 available at C:/Xilinx/2025.1/data/xhub/boards\XilinxBoardStore\boards\Xilinx\vcu118\2.0\board.xml as part xcvu9p-flga2104-2l-e specified in board_part file is either invalid or not available
WARNING: [Board 49-26] cannot add Board Part xilinx.com:vcu118:part0:2.3 available at C:/Xilinx/2025.1/data/xhub/boards\XilinxBoardStore\boards\Xilinx\vcu118\2.3\board.xml as part xcvu9p-flga2104-2l-e specified in board_part file is either invalid or not available
WARNING: [Board 49-26] cannot add Board Part xilinx.com:vcu118:part0:2.4 available at C:/Xilinx/2025.1/data/xhub/boards\XilinxBoardStore\boards\Xilinx\vcu118\2.4\board.xml as part xcvu9p-flga2104-2l-e specified in board_part file is either invalid or not available
WARNING: [Board 49-26] cannot add Board Part xilinx.com:vcu128:part0:1.0 available at C:/Xilinx/2025.1/data/xhub/boards\XilinxBoardStore\boards\Xilinx\vcu128\production\1.0\board.xml as part xcvu37p-fsvh2892-2l-e specified in board_part file is either invalid or not available
WARNING: [Board 49-26] cannot add Board Part xilinx.com:vcu129:part0:1.0 available at C:/Xilinx/2025.1/data/xhub/boards\XilinxBoardStore\boards\Xilinx\vcu129\production\1.0\board.xml as part xcvu29p-fsga2577-2l-e specified in board_part file is either invalid or not available
WARNING: [Board 49-26] cannot add Board Part xilinx.com:vcu1525:part0:1.3 available at C:/Xilinx/2025.1/data/xhub/boards\XilinxBoardStore\boards\Xilinx\vcu1525\1.3\board.xml as part xcvu9p-fsgd2104-2l-e specified in board_part file is either invalid or not available
WARNING: [Board 49-26] cannot add Board Part xilinx.com:vek280:part0:1.0 available at C:/Xilinx/2025.1/data/xhub/boards\XilinxBoardStore\boards\Xilinx\vek280\production\1.0\board.xml as part xcve2802-vsvh1760-2mp-e-s specified in board_part file is either invalid or not available
WARNING: [Board 49-26] cannot add Board Part xilinx.com:vek280:part0:1.1 available at C:/Xilinx/2025.1/data/xhub/boards\XilinxBoardStore\boards\Xilinx\vek280\production\1.1\board.xml as part xcve2802-vsvh1760-2mp-e-s specified in board_part file is either invalid or not available
WARNING: [Board 49-26] cannot add Board Part xilinx.com:vek280:part0:1.2 available at C:/Xilinx/2025.1/data/xhub/boards\XilinxBoardStore\boards\Xilinx\vek280\production\1.2\board.xml as part xcve2802-vsvh1760-2mp-e-s specified in board_part file is either invalid or not available
WARNING: [Board 49-26] cannot add Board Part xilinx.com:vek385:part0:1.0 available at C:/Xilinx/2025.1/data/xhub/boards\XilinxBoardStore\boards\Xilinx\vek385\1.0\board.xml as part xc2ve3858-ssva2112-2mp-e-s specified in board_part file is either invalid or not available
WARNING: [Board 49-26] cannot add Board Part xilinx.com:vermeo_t1_mpsoc:part0:1.0 available at C:/Xilinx/2025.1/data/xhub/boards\XilinxBoardStore\boards\Xilinx\vermeo_t1_mpsoc\1.0\board.xml as part xczu19eg-ffvd1760-2l-e specified in board_part file is either invalid or not available
WARNING: [Board 49-26] cannot add Board Part xilinx.com:vermeo_t1_rfsoc:part0:1.0 available at C:/Xilinx/2025.1/data/xhub/boards\XilinxBoardStore\boards\Xilinx\vermeo_t1_rfsoc\1.0\board.xml as part xczu21dr-ffvd1156-2l-e specified in board_part file is either invalid or not available
WARNING: [Board 49-26] cannot add Board Part xilinx.com:vhk158:part0:1.0 available at C:/Xilinx/2025.1/data/xhub/boards\XilinxBoardStore\boards\Xilinx\vhk158\production\1.0\board.xml as part xcvh1582-vsva3697-2mp-e-s specified in board_part file is either invalid or not available
WARNING: [Board 49-26] cannot add Board Part xilinx.com:vhk158:part0:1.1 available at C:/Xilinx/2025.1/data/xhub/boards\XilinxBoardStore\boards\Xilinx\vhk158\production\1.1\board.xml as part xcvh1582-vsva3697-2mp-e-s specified in board_part file is either invalid or not available
WARNING: [Board 49-26] cannot add Board Part xilinx.com:vhk158:part0:1.2 available at C:/Xilinx/2025.1/data/xhub/boards\XilinxBoardStore\boards\Xilinx\vhk158\production\1.2\board.xml as part xcvh1582-vsva3697-2mp-e-s specified in board_part file is either invalid or not available
WARNING: [Board 49-26] cannot add Board Part xilinx.com:vmk180:part0:2.2 available at C:/Xilinx/2025.1/data/xhub/boards\XilinxBoardStore\boards\Xilinx\vmk180\production\2.2\board.xml as part xcvm1802-vsva2197-2mp-e-s specified in board_part file is either invalid or not available
WARNING: [Board 49-26] cannot add Board Part xilinx.com:vmk180:part0:3.0 available at C:/Xilinx/2025.1/data/xhub/boards\XilinxBoardStore\boards\Xilinx\vmk180\production\3.0\board.xml as part xcvm1802-vsva2197-2mp-e-s specified in board_part file is either invalid or not available
WARNING: [Board 49-26] cannot add Board Part xilinx.com:vmk180:part0:3.1 available at C:/Xilinx/2025.1/data/xhub/boards\XilinxBoardStore\boards\Xilinx\vmk180\production\3.1\board.xml as part xcvm1802-vsva2197-2mp-e-s specified in board_part file is either invalid or not available
WARNING: [Board 49-26] cannot add Board Part xilinx.com:vmk180:part0:3.2 available at C:/Xilinx/2025.1/data/xhub/boards\XilinxBoardStore\boards\Xilinx\vmk180\production\3.2\board.xml as part xcvm1802-vsva2197-2mp-e-s specified in board_part file is either invalid or not available
WARNING: [Board 49-26] cannot add Board Part xilinx.com:vmk180:part0:3.3 available at C:/Xilinx/2025.1/data/xhub/boards\XilinxBoardStore\boards\Xilinx\vmk180\production\3.3\board.xml as part xcvm1802-vsva2197-2mp-e-s specified in board_part file is either invalid or not available
WARNING: [Board 49-26] cannot add Board Part xilinx.com:vmk180_newl:part0:1.0 available at C:/Xilinx/2025.1/data/xhub/boards\XilinxBoardStore\boards\Xilinx\vmk180_newl\production\1.0\board.xml as part xcvm1802-vsva2197-2mp-e-s specified in board_part file is either invalid or not available
WARNING: [Board 49-26] cannot add Board Part xilinx.com:vmk180_newl:part0:1.1 available at C:/Xilinx/2025.1/data/xhub/boards\XilinxBoardStore\boards\Xilinx\vmk180_newl\production\1.1\board.xml as part xcvm1802-vsva2197-2mp-e-s specified in board_part file is either invalid or not available
WARNING: [Board 49-26] cannot add Board Part xilinx.com:vpk120:part0:1.0 available at C:/Xilinx/2025.1/data/xhub/boards\XilinxBoardStore\boards\Xilinx\vpk120\production\1.0\board.xml as part xcvp1202-vsva2785-2mp-e-s specified in board_part file is either invalid or not available
WARNING: [Board 49-26] cannot add Board Part xilinx.com:vpk120:part0:1.1 available at C:/Xilinx/2025.1/data/xhub/boards\XilinxBoardStore\boards\Xilinx\vpk120\production\1.1\board.xml as part xcvp1202-vsva2785-2mp-e-s specified in board_part file is either invalid or not available
WARNING: [Board 49-26] cannot add Board Part xilinx.com:vpk120:part0:1.2 available at C:/Xilinx/2025.1/data/xhub/boards\XilinxBoardStore\boards\Xilinx\vpk120\production\1.2\board.xml as part xcvp1202-vsva2785-2mp-e-s specified in board_part file is either invalid or not available
WARNING: [Board 49-26] cannot add Board Part xilinx.com:vpk180:part0:1.0 available at C:/Xilinx/2025.1/data/xhub/boards\XilinxBoardStore\boards\Xilinx\vpk180\production\1.0\board.xml as part xcvp1802-lsvc4072-2mp-e-s specified in board_part file is either invalid or not available
WARNING: [Board 49-26] cannot add Board Part xilinx.com:vpk180:part0:1.1 available at C:/Xilinx/2025.1/data/xhub/boards\XilinxBoardStore\boards\Xilinx\vpk180\production\1.1\board.xml as part xcvp1802-lsvc4072-2mp-e-s specified in board_part file is either invalid or not available
WARNING: [Board 49-26] cannot add Board Part xilinx.com:vpk180:part0:1.2 available at C:/Xilinx/2025.1/data/xhub/boards\XilinxBoardStore\boards\Xilinx\vpk180\production\1.2\board.xml as part xcvp1802-lsvc4072-2mp-e-s specified in board_part file is either invalid or not available
WARNING: [Board 49-26] cannot add Board Part xilinx.com:zcu102:part0:3.3 available at C:/Xilinx/2025.1/data/xhub/boards\XilinxBoardStore\boards\Xilinx\zcu102\3.3\board.xml as part xczu9eg-ffvb1156-2-e specified in board_part file is either invalid or not available
WARNING: [Board 49-26] cannot add Board Part xilinx.com:zcu102:part0:3.4 available at C:/Xilinx/2025.1/data/xhub/boards\XilinxBoardStore\boards\Xilinx\zcu102\3.4\board.xml as part xczu9eg-ffvb1156-2-e specified in board_part file is either invalid or not available
WARNING: [Board 49-26] cannot add Board Part xilinx.com:zcu111:part0:1.2 available at C:/Xilinx/2025.1/data/xhub/boards\XilinxBoardStore\boards\Xilinx\zcu111\1.2\board.xml as part xczu28dr-ffvg1517-2-e specified in board_part file is either invalid or not available
WARNING: [Board 49-26] cannot add Board Part xilinx.com:zcu111:part0:1.3 available at C:/Xilinx/2025.1/data/xhub/boards\XilinxBoardStore\boards\Xilinx\zcu111\1.3\board.xml as part xczu28dr-ffvg1517-2-e specified in board_part file is either invalid or not available
WARNING: [Board 49-26] cannot add Board Part xilinx.com:zcu111:part0:1.4 available at C:/Xilinx/2025.1/data/xhub/boards\XilinxBoardStore\boards\Xilinx\zcu111\1.4\board.xml as part xczu28dr-ffvg1517-2-e specified in board_part file is either invalid or not available
WARNING: [Board 49-26] cannot add Board Part xilinx.com:zcu1275:part0:1.0 available at C:/Xilinx/2025.1/data/xhub/boards\XilinxBoardStore\boards\Xilinx\zcu1275\1.0\board.xml as part xczu29dr-ffvf1760-2-e specified in board_part file is either invalid or not available
WARNING: [Board 49-26] cannot add Board Part xilinx.com:zcu1285:part0:1.0 available at C:/Xilinx/2025.1/data/xhub/boards\XilinxBoardStore\boards\Xilinx\zcu1285\1.0\board.xml as part xczu39dr-ffvf1760-2-i specified in board_part file is either invalid or not available
WARNING: [Board 49-26] cannot add Board Part xilinx.com:zcu208:part0:2.0 available at C:/Xilinx/2025.1/data/xhub/boards\XilinxBoardStore\boards\Xilinx\zcu208\production\2.0\board.xml as part xczu48dr-fsvg1517-2-e specified in board_part file is either invalid or not available
WARNING: [Board 49-26] cannot add Board Part xilinx.com:zcu208ld:part0:2.0 available at C:/Xilinx/2025.1/data/xhub/boards\XilinxBoardStore\boards\Xilinx\zcu208ld\production\2.0\board.xml as part xczu58dr-fsvg1517-2-i specified in board_part file is either invalid or not available
WARNING: [Board 49-26] cannot add Board Part xilinx.com:zcu216:part0:2.0 available at C:/Xilinx/2025.1/data/xhub/boards\XilinxBoardStore\boards\Xilinx\zcu216\production\2.0\board.xml as part xczu49dr-ffvf1760-2-e specified in board_part file is either invalid or not available
WARNING: [Board 49-26] cannot add Board Part xilinx.com:zcu216ld:part0:2.0 available at C:/Xilinx/2025.1/data/xhub/boards\XilinxBoardStore\boards\Xilinx\zcu216ld\production\2.0\board.xml as part xczu59dr-ffvf1760-2-i specified in board_part file is either invalid or not available
WARNING: [Board 49-26] cannot add Board Part xilinx.com:zcu670:part0:2.0 available at C:/Xilinx/2025.1/data/xhub/boards\XilinxBoardStore\boards\Xilinx\zcu670\2.0\board.xml as part xczu67dr-fsve1156-2-i specified in board_part file is either invalid or not available
WARNING: [Board 49-26] cannot add Board Part xilinx.com:zcu670ld:part0:1.0 available at C:/Xilinx/2025.1/data/xhub/boards\XilinxBoardStore\boards\Xilinx\zcu670ld\1.0\board.xml as part xczu57dr-fsve1156-2-i specified in board_part file is either invalid or not available
Scanning sources...
Finished scanning sources
WARNING: [Board 49-26] cannot add Board Part xilinx.com:emb-plus-vpr-4616:part0:1.0 available at C:/Xilinx/2025.1/data/xhub/boards\XilinxBoardStore\boards\Xilinx\emb-plus-vpr-4616\1.0\board.xml as part xcve2302-sfva784-2mp-e-s specified in board_part file is either invalid or not available
WARNING: [Board 49-26] cannot add Board Part xilinx.com:emb-plus-vpr-4616:part0:1.1 available at C:/Xilinx/2025.1/data/xhub/boards\XilinxBoardStore\boards\Xilinx\emb-plus-vpr-4616\1.1\board.xml as part xcve2302-sfva784-2mp-e-s specified in board_part file is either invalid or not available
WARNING: [Board 49-26] cannot add Board Part xilinx.com:kcu105:part0:1.6 available at C:/Xilinx/2025.1/data/xhub/boards\XilinxBoardStore\boards\Xilinx\kcu105\1.6\board.xml as part xcku040-ffva1156-2-e specified in board_part file is either invalid or not available
WARNING: [Board 49-26] cannot add Board Part xilinx.com:kcu105:part0:1.7 available at C:/Xilinx/2025.1/data/xhub/boards\XilinxBoardStore\boards\Xilinx\kcu105\1.7\board.xml as part xcku040-ffva1156-2-e specified in board_part file is either invalid or not available
WARNING: [Board 49-26] cannot add Board Part xilinx.com:kcu116:part0:1.4 available at C:/Xilinx/2025.1/data/xhub/boards\XilinxBoardStore\boards\Xilinx\kcu116\1.4\board.xml as part xcku5p-ffvb676-2-e specified in board_part file is either invalid or not available
WARNING: [Board 49-26] cannot add Board Part xilinx.com:kcu116:part0:1.5 available at C:/Xilinx/2025.1/data/xhub/boards\XilinxBoardStore\boards\Xilinx\kcu116\1.5\board.xml as part xcku5p-ffvb676-2-e specified in board_part file is either invalid or not available
WARNING: [Board 49-26] cannot add Board Part xilinx.com:kcu1500:part0:1.2 available at C:/Xilinx/2025.1/data/xhub/boards\XilinxBoardStore\boards\Xilinx\kcu1500\1.2\board.xml as part xcku115-flvb2104-2-e specified in board_part file is either invalid or not available
WARNING: [Board 49-26] cannot add Board Part xilinx.com:scu35:part0:1.0 available at C:/Xilinx/2025.1/data/xhub/boards\XilinxBoardStore\boards\Xilinx\scu35\1.0\board.xml as part xcsu35p-sbvb625-2-e specified in board_part file is either invalid or not available
WARNING: [Board 49-26] cannot add Board Part xilinx.com:v80:part0:1.0 available at C:/Xilinx/2025.1/data/xhub/boards\XilinxBoardStore\boards\Xilinx\v80\1.0\board.xml as part xcv80-lsva4737-2mhp-e-s specified in board_part file is either invalid or not available
WARNING: [Board 49-26] cannot add Board Part xilinx.com:vck190:part0:2.2 available at C:/Xilinx/2025.1/data/xhub/boards\XilinxBoardStore\boards\Xilinx\vck190\production\2.2\board.xml as part xcvc1902-vsva2197-2mp-e-s specified in board_part file is either invalid or not available
WARNING: [Board 49-26] cannot add Board Part xilinx.com:vck190:part0:3.0 available at C:/Xilinx/2025.1/data/xhub/boards\XilinxBoardStore\boards\Xilinx\vck190\production\3.0\board.xml as part xcvc1902-vsva2197-2mp-e-s specified in board_part file is either invalid or not available
WARNING: [Board 49-26] cannot add Board Part xilinx.com:vck190:part0:3.1 available at C:/Xilinx/2025.1/data/xhub/boards\XilinxBoardStore\boards\Xilinx\vck190\production\3.1\board.xml as part xcvc1902-vsva2197-2mp-e-s specified in board_part file is either invalid or not available
WARNING: [Board 49-26] cannot add Board Part xilinx.com:vck190:part0:3.2 available at C:/Xilinx/2025.1/data/xhub/boards\XilinxBoardStore\boards\Xilinx\vck190\production\3.2\board.xml as part xcvc1902-vsva2197-2mp-e-s specified in board_part file is either invalid or not available
WARNING: [Board 49-26] cannot add Board Part xilinx.com:vck190:part0:3.3 available at C:/Xilinx/2025.1/data/xhub/boards\XilinxBoardStore\boards\Xilinx\vck190\production\3.3\board.xml as part xcvc1902-vsva2197-2mp-e-s specified in board_part file is either invalid or not available
WARNING: [Board 49-26] cannot add Board Part xilinx.com:vck190:part0:3.4 available at C:/Xilinx/2025.1/data/xhub/boards\XilinxBoardStore\boards\Xilinx\vck190\production\3.4\board.xml as part xcvc1902-vsva2197-2mp-e-s specified in board_part file is either invalid or not available
WARNING: [Board 49-26] cannot add Board Part xilinx.com:vck190_newl:part0:1.0 available at C:/Xilinx/2025.1/data/xhub/boards\XilinxBoardStore\boards\Xilinx\vck190_newl\production\1.0\board.xml as part xcvc1902-vsva2197-2mp-e-s specified in board_part file is either invalid or not available
WARNING: [Board 49-26] cannot add Board Part xilinx.com:vck190_newl:part0:1.1 available at C:/Xilinx/2025.1/data/xhub/boards\XilinxBoardStore\boards\Xilinx\vck190_newl\production\1.1\board.xml as part xcvc1902-vsva2197-2mp-e-s specified in board_part file is either invalid or not available
WARNING: [Board 49-26] cannot add Board Part xilinx.com:vck190_newl:part0:1.2 available at C:/Xilinx/2025.1/data/xhub/boards\XilinxBoardStore\boards\Xilinx\vck190_newl\production\1.2\board.xml as part xcvc1902-vsva2197-2mp-e-s specified in board_part file is either invalid or not available
WARNING: [Board 49-26] cannot add Board Part xilinx.com:vck190_newl:part0:1.3 available at C:/Xilinx/2025.1/data/xhub/boards\XilinxBoardStore\boards\Xilinx\vck190_newl\production\1.3\board.xml as part xcvc1902-vsva2197-2mp-e-s specified in board_part file is either invalid or not available
WARNING: [Board 49-26] cannot add Board Part xilinx.com:vcu108:part0:1.6 available at C:/Xilinx/2025.1/data/xhub/boards\XilinxBoardStore\boards\Xilinx\vcu108\1.6\board.xml as part xcvu095-ffva2104-2-e specified in board_part file is either invalid or not available
WARNING: [Board 49-26] cannot add Board Part xilinx.com:vcu108:part0:1.7 available at C:/Xilinx/2025.1/data/xhub/boards\XilinxBoardStore\boards\Xilinx\vcu108\1.7\board.xml as part xcvu095-ffva2104-2-e specified in board_part file is either invalid or not available
WARNING: [Board 49-26] cannot add Board Part xilinx.com:vcu110:part0:1.4 available at C:/Xilinx/2025.1/data/xhub/boards\XilinxBoardStore\boards\Xilinx\vcu110\1.4\board.xml as part xcvu190-flgc2104-2-e specified in board_part file is either invalid or not available
WARNING: [Board 49-26] cannot add Board Part xilinx.com:vcu118:part0:2.0 available at C:/Xilinx/2025.1/data/xhub/boards\XilinxBoardStore\boards\Xilinx\vcu118\2.0\board.xml as part xcvu9p-flga2104-2l-e specified in board_part file is either invalid or not available
WARNING: [Board 49-26] cannot add Board Part xilinx.com:vcu118:part0:2.3 available at C:/Xilinx/2025.1/data/xhub/boards\XilinxBoardStore\boards\Xilinx\vcu118\2.3\board.xml as part xcvu9p-flga2104-2l-e specified in board_part file is either invalid or not available
WARNING: [Board 49-26] cannot add Board Part xilinx.com:vcu118:part0:2.4 available at C:/Xilinx/2025.1/data/xhub/boards\XilinxBoardStore\boards\Xilinx\vcu118\2.4\board.xml as part xcvu9p-flga2104-2l-e specified in board_part file is either invalid or not available
WARNING: [Board 49-26] cannot add Board Part xilinx.com:vcu128:part0:1.0 available at C:/Xilinx/2025.1/data/xhub/boards\XilinxBoardStore\boards\Xilinx\vcu128\production\1.0\board.xml as part xcvu37p-fsvh2892-2l-e specified in board_part file is either invalid or not available
WARNING: [Board 49-26] cannot add Board Part xilinx.com:vcu129:part0:1.0 available at C:/Xilinx/2025.1/data/xhub/boards\XilinxBoardStore\boards\Xilinx\vcu129\production\1.0\board.xml as part xcvu29p-fsga2577-2l-e specified in board_part file is either invalid or not available
WARNING: [Board 49-26] cannot add Board Part xilinx.com:vcu1525:part0:1.3 available at C:/Xilinx/2025.1/data/xhub/boards\XilinxBoardStore\boards\Xilinx\vcu1525\1.3\board.xml as part xcvu9p-fsgd2104-2l-e specified in board_part file is either invalid or not available
WARNING: [Board 49-26] cannot add Board Part xilinx.com:vek280:part0:1.0 available at C:/Xilinx/2025.1/data/xhub/boards\XilinxBoardStore\boards\Xilinx\vek280\production\1.0\board.xml as part xcve2802-vsvh1760-2mp-e-s specified in board_part file is either invalid or not available
WARNING: [Board 49-26] cannot add Board Part xilinx.com:vek280:part0:1.1 available at C:/Xilinx/2025.1/data/xhub/boards\XilinxBoardStore\boards\Xilinx\vek280\production\1.1\board.xml as part xcve2802-vsvh1760-2mp-e-s specified in board_part file is either invalid or not available
WARNING: [Board 49-26] cannot add Board Part xilinx.com:vek280:part0:1.2 available at C:/Xilinx/2025.1/data/xhub/boards\XilinxBoardStore\boards\Xilinx\vek280\production\1.2\board.xml as part xcve2802-vsvh1760-2mp-e-s specified in board_part file is either invalid or not available
WARNING: [Board 49-26] cannot add Board Part xilinx.com:vek385:part0:1.0 available at C:/Xilinx/2025.1/data/xhub/boards\XilinxBoardStore\boards\Xilinx\vek385\1.0\board.xml as part xc2ve3858-ssva2112-2mp-e-s specified in board_part file is either invalid or not available
WARNING: [Board 49-26] cannot add Board Part xilinx.com:vermeo_t1_mpsoc:part0:1.0 available at C:/Xilinx/2025.1/data/xhub/boards\XilinxBoardStore\boards\Xilinx\vermeo_t1_mpsoc\1.0\board.xml as part xczu19eg-ffvd1760-2l-e specified in board_part file is either invalid or not available
WARNING: [Board 49-26] cannot add Board Part xilinx.com:vermeo_t1_rfsoc:part0:1.0 available at C:/Xilinx/2025.1/data/xhub/boards\XilinxBoardStore\boards\Xilinx\vermeo_t1_rfsoc\1.0\board.xml as part xczu21dr-ffvd1156-2l-e specified in board_part file is either invalid or not available
WARNING: [Board 49-26] cannot add Board Part xilinx.com:vhk158:part0:1.0 available at C:/Xilinx/2025.1/data/xhub/boards\XilinxBoardStore\boards\Xilinx\vhk158\production\1.0\board.xml as part xcvh1582-vsva3697-2mp-e-s specified in board_part file is either invalid or not available
WARNING: [Board 49-26] cannot add Board Part xilinx.com:vhk158:part0:1.1 available at C:/Xilinx/2025.1/data/xhub/boards\XilinxBoardStore\boards\Xilinx\vhk158\production\1.1\board.xml as part xcvh1582-vsva3697-2mp-e-s specified in board_part file is either invalid or not available
WARNING: [Board 49-26] cannot add Board Part xilinx.com:vhk158:part0:1.2 available at C:/Xilinx/2025.1/data/xhub/boards\XilinxBoardStore\boards\Xilinx\vhk158\production\1.2\board.xml as part xcvh1582-vsva3697-2mp-e-s specified in board_part file is either invalid or not available
INFO: [Common 17-14] Message 'Board 49-26' appears 100 times and further instances of the messages will be disabled. Use the Tcl command set_msg_config to change the current settings.
WARNING: [Project 1-5713] Board part '' set for the project  is not found. BoardPart property will be unset. Please select board from latest repo build 
INFO: [IP_Flow 19-234] Refreshing IP repositories
INFO: [IP_Flow 19-1704] No user IP repositories specified
INFO: [IP_Flow 19-2313] Loaded Vivado IP repository 'C:/Xilinx/2025.1/Vivado/data/ip'.
open_project: Time (s): cpu = 00:00:26 ; elapsed = 00:00:17 . Memory (MB): peak = 1679.258 ; gain = 305.668
update_compile_order -fileset sources_1
open_bd_design {C:/01_FPGA_Workspace/EthernetAX7A200B/ethernet_main/ethernet_main.srcs/sources_1/bd/design_1/design_1.bd}
Reading block design file <C:/01_FPGA_Workspace/EthernetAX7A200B/ethernet_main/ethernet_main.srcs/sources_1/bd/design_1/design_1.bd>...
Adding component instance block -- xilinx.com:module_ref:rgmii_rx:1.0 - rgmii_rx_0
Adding component instance block -- xilinx.com:ip:ila:6.2 - ila_0
INFO: [xilinx.com:ip:ila:6.2-6] /ila_0: AMD recommends using the System ILA IP in IP Integrator. The System ILA IP is functionally equivalent to an ILA and offers additional benefits in debugging interfaces both within IP Integrator and the Hardware Manager. Consult the Programming and Debug User Guide UG908 for further details.
Adding component instance block -- xilinx.com:module_ref:statemachine_test:1.0 - statemachine_test_0
Adding component instance block -- xilinx.com:module_ref:ethernet_state_machine:1.0 - ethernet_state_machi_0
Successfully read diagram <design_1> from block design file <C:/01_FPGA_Workspace/EthernetAX7A200B/ethernet_main/ethernet_main.srcs/sources_1/bd/design_1/design_1.bd>
update_module_reference design_1_ethernet_state_machi_0_0
INFO: [IP_Flow 19-5107] Inferred bus interface 'i_eth_clk' of definition 'xilinx.com:signal:clock:1.0' (from Xilinx Repository).
WARNING: [IP_Flow 19-5661] Bus Interface 'i_eth_clk' does not have any bus interfaces associated with it.
WARNING: [IP_Flow 19-11770] Clock interface 'i_eth_clk' has no FREQ_HZ parameter.
INFO: [IP_Flow 19-5107] Inferred bus interface 'i_eth_clk' of definition 'xilinx.com:signal:clock:1.0' (from Xilinx Repository).
WARNING: [IP_Flow 19-5661] Bus Interface 'i_eth_clk' does not have any bus interfaces associated with it.
WARNING: [IP_Flow 19-11770] Clock interface 'i_eth_clk' has no FREQ_HZ parameter.
Upgrading 'C:/01_FPGA_Workspace/EthernetAX7A200B/ethernet_main/ethernet_main.srcs/sources_1/bd/design_1/design_1.bd'
INFO: [IP_Flow 19-3420] Updated design_1_ethernet_state_machi_0_0 to use current project options
WARNING: [IP_Flow 19-4698] Upgrade has added port 'o_data_valid'
WARNING: [IP_Flow 19-3298] Detected external port differences while upgrading 'design_1_ethernet_state_machi_0_0'. These changes may impact your design.
CRITICAL WARNING: [Coretcl 2-1280] The upgrade of 'design_1_ethernet_state_machi_0_0' has identified issues that may require user intervention. Please verify that the instance is correctly configured, and review any upgrade messages.
Wrote  : <C:\01_FPGA_Workspace\EthernetAX7A200B\ethernet_main\ethernet_main.srcs\sources_1\bd\design_1\design_1.bd> 
Wrote  : <C:/01_FPGA_Workspace/EthernetAX7A200B/ethernet_main/ethernet_main.srcs/sources_1/bd/design_1/ui/bd_1f5defd0.ui> 
WARNING: [IP_Flow 19-4067] Ignoring invalid widget type specified checkbox.Providing a default widget
startgroup
set_property CONFIG.C_NUM_OF_PROBES {6} [get_bd_cells ila_0]
endgroup
connect_bd_net [get_bd_pins ethernet_state_machi_0/o_data_valid] [get_bd_pins ila_0/probe5]
update_module_reference design_1_ethernet_state_machi_0_0
INFO: [IP_Flow 19-5107] Inferred bus interface 'i_eth_clk' of definition 'xilinx.com:signal:clock:1.0' (from Xilinx Repository).
WARNING: [IP_Flow 19-5661] Bus Interface 'i_eth_clk' does not have any bus interfaces associated with it.
WARNING: [IP_Flow 19-11770] Clock interface 'i_eth_clk' has no FREQ_HZ parameter.
INFO: [IP_Flow 19-5107] Inferred bus interface 'i_eth_clk' of definition 'xilinx.com:signal:clock:1.0' (from Xilinx Repository).
WARNING: [IP_Flow 19-5661] Bus Interface 'i_eth_clk' does not have any bus interfaces associated with it.
WARNING: [IP_Flow 19-11770] Clock interface 'i_eth_clk' has no FREQ_HZ parameter.
Upgrading 'C:/01_FPGA_Workspace/EthernetAX7A200B/ethernet_main/ethernet_main.srcs/sources_1/bd/design_1/design_1.bd'
INFO: [IP_Flow 19-3420] Updated design_1_ethernet_state_machi_0_0 to use current project options
WARNING: [IP_Flow 19-4698] Upgrade has added port 'o_ether_type'
WARNING: [IP_Flow 19-3298] Detected external port differences while upgrading 'design_1_ethernet_state_machi_0_0'. These changes may impact your design.
CRITICAL WARNING: [Coretcl 2-1280] The upgrade of 'design_1_ethernet_state_machi_0_0' has identified issues that may require user intervention. Please verify that the instance is correctly configured, and review any upgrade messages.
Wrote  : <C:\01_FPGA_Workspace\EthernetAX7A200B\ethernet_main\ethernet_main.srcs\sources_1\bd\design_1\design_1.bd> 
Wrote  : <C:/01_FPGA_Workspace/EthernetAX7A200B/ethernet_main/ethernet_main.srcs/sources_1/bd/design_1/ui/bd_1f5defd0.ui> 
WARNING: [IP_Flow 19-4067] Ignoring invalid widget type specified checkbox.Providing a default widget
startgroup
set_property -dict [list \
  CONFIG.C_NUM_OF_PROBES {7} \
  CONFIG.C_PROBE6_TYPE {1} \
  CONFIG.C_PROBE6_WIDTH {16} \
] [get_bd_cells ila_0]
endgroup
connect_bd_net [get_bd_pins ethernet_state_machi_0/o_ether_type] [get_bd_pins ila_0/probe6]
save_bd_design
Wrote  : <C:\01_FPGA_Workspace\EthernetAX7A200B\ethernet_main\ethernet_main.srcs\sources_1\bd\design_1\design_1.bd> 
Wrote  : <C:/01_FPGA_Workspace/EthernetAX7A200B/ethernet_main/ethernet_main.srcs/sources_1/bd/design_1/ui/bd_1f5defd0.ui> 
regenerate_bd_layout
CRITICAL WARNING: [HDL 9-1206] Syntax error near ';' [C:/01_FPGA_Workspace/EthernetAX7A200B/ethernet_main/ethernet_main.srcs/sources_1/new/ethernet_state_machine.v:93]
CRITICAL WARNING: [HDL 9-1206] Syntax error near ';' [C:/01_FPGA_Workspace/EthernetAX7A200B/ethernet_main/ethernet_main.srcs/sources_1/new/ethernet_state_machine.v:93]
CRITICAL WARNING: [HDL 9-1206] Syntax error near 'end' [C:/01_FPGA_Workspace/EthernetAX7A200B/ethernet_main/ethernet_main.srcs/sources_1/new/ethernet_state_machine.v:145]
CRITICAL WARNING: [HDL 9-1206] Syntax error near 'end' [C:/01_FPGA_Workspace/EthernetAX7A200B/ethernet_main/ethernet_main.srcs/sources_1/new/ethernet_state_machine.v:145]
delete_bd_objs [get_bd_nets ethernet_state_machi_0_o_data_valid] [get_bd_nets ethernet_state_machi_0_o_ether_type] [get_bd_nets ethernet_state_machi_0_o_data_byte] [get_bd_nets ethernet_state_machi_0_o_debug_len] [get_bd_cells ethernet_state_machi_0]
delete_bd_objs [get_bd_nets statemachine_test_0_state] [get_bd_cells statemachine_test_0]
update_compile_order -fileset sources_1
WARNING: [IP_Flow 19-4067] Ignoring invalid widget type specified checkbox.Providing a default widget
startgroup
set_property -dict [list \
  CONFIG.C_DATA_DEPTH {2048} \
  CONFIG.C_NUM_OF_PROBES {3} \
] [get_bd_cells ila_0]
endgroup
WARNING: [IP_Flow 19-4067] Ignoring invalid widget type specified checkbox.Providing a default widget
WARNING: [IP_Flow 19-4067] Ignoring invalid widget type specified checkbox.Providing a default widget
startgroup
set_property CONFIG.C_NUM_OF_PROBES {2} [get_bd_cells ila_0]
endgroup
validate_bd_design
save_bd_design
Wrote  : <C:\01_FPGA_Workspace\EthernetAX7A200B\ethernet_main\ethernet_main.srcs\sources_1\bd\design_1\design_1.bd> 
Wrote  : <C:/01_FPGA_Workspace/EthernetAX7A200B/ethernet_main/ethernet_main.srcs/sources_1/bd/design_1/ui/bd_1f5defd0.ui> 
make_wrapper -files [get_files C:/01_FPGA_Workspace/EthernetAX7A200B/ethernet_main/ethernet_main.srcs/sources_1/bd/design_1/design_1.bd] -top
INFO: [BD 41-1662] The design 'design_1.bd' is already validated. Therefore parameter propagation will not be re-run.
Verilog Output written to : c:/01_FPGA_Workspace/EthernetAX7A200B/ethernet_main/ethernet_main.gen/sources_1/bd/design_1/synth/design_1.v
Verilog Output written to : c:/01_FPGA_Workspace/EthernetAX7A200B/ethernet_main/ethernet_main.gen/sources_1/bd/design_1/sim/design_1.v
Verilog Output written to : c:/01_FPGA_Workspace/EthernetAX7A200B/ethernet_main/ethernet_main.gen/sources_1/bd/design_1/hdl/design_1_wrapper.v
INFO: [IP_Flow 19-234] Refreshing IP repositories
INFO: [IP_Flow 19-1704] No user IP repositories specified
make_wrapper: Time (s): cpu = 00:00:00 ; elapsed = 00:00:06 . Memory (MB): peak = 1896.398 ; gain = 7.930
open_bd_design {C:/01_FPGA_Workspace/EthernetAX7A200B/ethernet_main/ethernet_main.srcs/sources_1/bd/design_1/design_1.bd}
reset_run synth_1
INFO: [Project 1-1161] Replacing file C:/01_FPGA_Workspace/EthernetAX7A200B/ethernet_main/ethernet_main.srcs/utils_1/imports/synth_1/design_1_wrapper.dcp with file C:/01_FPGA_Workspace/EthernetAX7A200B/ethernet_main/ethernet_main.runs/synth_1/design_1_wrapper.dcp
reset_run design_1_ila_0_0_synth_1
launch_runs impl_1 -to_step write_bitstream -jobs 10
INFO: [BD 41-1662] The design 'design_1.bd' is already validated. Therefore parameter propagation will not be re-run.
Verilog Output written to : c:/01_FPGA_Workspace/EthernetAX7A200B/ethernet_main/ethernet_main.gen/sources_1/bd/design_1/synth/design_1.v
Verilog Output written to : c:/01_FPGA_Workspace/EthernetAX7A200B/ethernet_main/ethernet_main.gen/sources_1/bd/design_1/sim/design_1.v
Verilog Output written to : c:/01_FPGA_Workspace/EthernetAX7A200B/ethernet_main/ethernet_main.gen/sources_1/bd/design_1/hdl/design_1_wrapper.v
WARNING: [IP_Flow 19-4994] Overwriting existing constraint file 'c:/01_FPGA_Workspace/EthernetAX7A200B/ethernet_main/ethernet_main.gen/sources_1/bd/design_1/ip/design_1_ila_0_0/design_1_ila_0_0_ooc.xdc'
INFO: [BD 41-1029] Generation completed for the IP Integrator block ila_0 .
Exporting to file c:/01_FPGA_Workspace/EthernetAX7A200B/ethernet_main/ethernet_main.gen/sources_1/bd/design_1/hw_handoff/design_1.hwh
Generated Hardware Definition File c:/01_FPGA_Workspace/EthernetAX7A200B/ethernet_main/ethernet_main.gen/sources_1/bd/design_1/synth/design_1.hwdef
[Tue Oct  6 19:08:54 2026] Launched design_1_ila_0_0_synth_1, synth_1...
Run output will be captured here:
design_1_ila_0_0_synth_1: C:/01_FPGA_Workspace/EthernetAX7A200B/ethernet_main/ethernet_main.runs/design_1_ila_0_0_synth_1/runme.log
synth_1: C:/01_FPGA_Workspace/EthernetAX7A200B/ethernet_main/ethernet_main.runs/synth_1/runme.log
[Tue Oct  6 19:08:54 2026] Launched impl_1...
Run output will be captured here: C:/01_FPGA_Workspace/EthernetAX7A200B/ethernet_main/ethernet_main.runs/impl_1/runme.log
open_run impl_1
INFO: [Device 21-403] Loading part xc7a200tfbg484-2
Netlist sorting complete. Time (s): cpu = 00:00:00 ; elapsed = 00:00:00.022 . Memory (MB): peak = 2101.859 ; gain = 0.000
INFO: [Netlist 29-17] Analyzing 59 Unisim elements for replacement
INFO: [Netlist 29-28] Unisim Transformation completed in 0 CPU seconds
INFO: [Project 1-479] Netlist was created with Vivado 2025.1
INFO: [Project 1-570] Preparing netlist for logic optimization
Read ShapeDB Complete: Time (s): cpu = 00:00:00 ; elapsed = 00:00:00.006 . Memory (MB): peak = 2221.684 ; gain = 0.000
INFO: [Timing 38-478] Restoring timing data from binary archive.
INFO: [Timing 38-479] Binary timing data restore complete.
INFO: [Project 1-856] Restoring constraints from binary archive.
INFO: [Project 1-853] Binary constraint restore complete.
INFO: [Designutils 20-5722] Start Reading Physical Databases.
Reading placement.
Read Netlist Cache: Time (s): cpu = 00:00:00 ; elapsed = 00:00:00.001 . Memory (MB): peak = 2863.824 ; gain = 0.000
Reading placer database...
Read Device Cache: Time (s): cpu = 00:00:00 ; elapsed = 00:00:00.005 . Memory (MB): peak = 2863.824 ; gain = 0.000
Read PlaceDB: Time (s): cpu = 00:00:00 ; elapsed = 00:00:00.060 . Memory (MB): peak = 2863.824 ; gain = 0.000
Read PulsedLatchDB: Time (s): cpu = 00:00:00 ; elapsed = 00:00:00 . Memory (MB): peak = 2863.824 ; gain = 0.000
Reading routing.
Read RouteStorage: Time (s): cpu = 00:00:00 ; elapsed = 00:00:00.017 . Memory (MB): peak = 2863.824 ; gain = 0.000
Read Physdb Files: Time (s): cpu = 00:00:00 ; elapsed = 00:00:00.091 . Memory (MB): peak = 2863.824 ; gain = 0.000
Restored from archive | CPU: 0.000000 secs | Memory: 0.000000 MB |
Finished XDEF File Restore: Time (s): cpu = 00:00:00 ; elapsed = 00:00:00.091 . Memory (MB): peak = 2863.824 ; gain = 0.000
Netlist sorting complete. Time (s): cpu = 00:00:00 ; elapsed = 00:00:00.001 . Memory (MB): peak = 2863.824 ; gain = 0.000
INFO: [Project 1-111] Unisim Transformation Summary:
  A total of 30 instances were transformed.
  CFGLUT5 => CFGLUT5 (SRL16E, SRLC32E): 24 instances
  RAM32M => RAM32M (RAMD32(x6), RAMS32(x2)): 6 instances

open_run: Time (s): cpu = 00:00:14 ; elapsed = 00:00:12 . Memory (MB): peak = 3239.762 ; gain = 1343.363
WARNING: [Timing 38-436] There are set_bus_skew constraint(s) in this design. Please run report_bus_skew to ensure that bus skew requirements are met.
open_hw_manager
connect_hw_server -allow_non_jtag
INFO: [Labtools 27-2285] Connecting to hw_server url TCP:localhost:3121
INFO: [Labtools 27-2222] Launching hw_server...
INFO: [Labtools 27-2221] Launch Output:

****** Xilinx hw_server v2025.1
  **** Build date : May  6 2025 at 09:15:36
    ** Copyright 1986-2022 Xilinx, Inc. All Rights Reserved.


INFO: [Labtools 27-3415] Connecting to cs_server url TCP:localhost:0
INFO: [Labtools 27-3417] Launching cs_server...
INFO: [Labtools 27-2221] Launch Output:


******** Xilinx cs_server v2025.1.0
  ****** Build date   : May 13 2025-21:15:27
    **** Build number : 2025.1.1747163727
      ** Copyright 2017-2022 Xilinx, Inc. All Rights Reserved.
      ** Copyright 2022-2026 Advanced Micro Devices, Inc. All Rights Reserved.



connect_hw_server: Time (s): cpu = 00:00:01 ; elapsed = 00:00:06 . Memory (MB): peak = 3453.750 ; gain = 13.727
open_hw_target
INFO: [Labtoolstcl 44-466] Opening hw_target localhost:3121/xilinx_tcf/Digilent/210512180081
set_property PROGRAM.FILE {C:/01_FPGA_Workspace/EthernetAX7A200B/ethernet_main/ethernet_main.runs/impl_1/design_1_wrapper.bit} [get_hw_devices xc7a200t_0]
set_property PROBES.FILE {C:/01_FPGA_Workspace/EthernetAX7A200B/ethernet_main/ethernet_main.runs/impl_1/design_1_wrapper.ltx} [get_hw_devices xc7a200t_0]
set_property FULL_PROBES.FILE {C:/01_FPGA_Workspace/EthernetAX7A200B/ethernet_main/ethernet_main.runs/impl_1/design_1_wrapper.ltx} [get_hw_devices xc7a200t_0]
current_hw_device [get_hw_devices xc7a200t_0]
refresh_hw_device [lindex [get_hw_devices xc7a200t_0] 0]
INFO: [Labtools 27-1434] Device xc7a200t (JTAG device index = 0) is programmed with a design that has no supported debug core(s) in it.
WARNING: [Labtools 27-3361] The debug hub core was not detected.
Resolution: 
1. Make sure the clock connected to the debug hub (dbg_hub) core is a free running clock and is active.
2. Make sure the BSCAN_SWITCH_USER_MASK device property in Vivado Hardware Manager reflects the user scan chain setting in the design and refresh the device.  To determine the user scan chain setting in the design, open the implemented design and use 'get_property C_USER_SCAN_CHAIN [get_debug_cores dbg_hub]'.
For more details on setting the scan chain property, consult the Vivado Debug and Programming User Guide (UG908).
WARNING: [Labtools 27-3413] Dropping logic core with cellname:'design_1_i/ila_0' at location 'uuid_BE177176557E59FEACE2FE04795A2B22' from probes file, since it cannot be found on the programmed device.
set_property PROBES.FILE {C:/01_FPGA_Workspace/EthernetAX7A200B/ethernet_main/ethernet_main.runs/impl_1/design_1_wrapper.ltx} [get_hw_devices xc7a200t_0]
set_property FULL_PROBES.FILE {C:/01_FPGA_Workspace/EthernetAX7A200B/ethernet_main/ethernet_main.runs/impl_1/design_1_wrapper.ltx} [get_hw_devices xc7a200t_0]
set_property PROGRAM.FILE {C:/01_FPGA_Workspace/EthernetAX7A200B/ethernet_main/ethernet_main.runs/impl_1/design_1_wrapper.bit} [get_hw_devices xc7a200t_0]
program_hw_devices [get_hw_devices xc7a200t_0]
INFO: [Labtools 27-3164] End of startup status: HIGH
program_hw_devices: Time (s): cpu = 00:00:08 ; elapsed = 00:00:08 . Memory (MB): peak = 3497.418 ; gain = 0.000
refresh_hw_device [lindex [get_hw_devices xc7a200t_0] 0]
INFO: [Labtools 27-2302] Device xc7a200t (JTAG device index = 0) is programmed with a design that has 1 ILA core(s).
display_hw_ila_data [ get_hw_ila_data hw_ila_data_1 -of_objects [get_hw_ilas -of_objects [get_hw_devices xc7a200t_0] -filter {CELL_NAME=~"design_1_i/ila_0"}]]
WARNING: Simulation object design_1_i/statemachine_test_0_state was not found in the design.
WARNING: Simulation object design_1_i/ethernet_state_machi_0_o_data_byte was not found in the design.
WARNING: Simulation object design_1_i/ethernet_state_machi_0_o_debug_len was not found in the design.
WARNING: Simulation object design_1_i/ethernet_state_machi_0_o_data_byte was not found in the design.
run_hw_ila [get_hw_ilas -of_objects [get_hw_devices xc7a200t_0] -filter {CELL_NAME=~"design_1_i/ila_0"}]
INFO: [Labtools 27-1964] The ILA core 'hw_ila_1' trigger was armed at 2026-Oct-06 19:14:15
wait_on_hw_ila [get_hw_ilas -of_objects [get_hw_devices xc7a200t_0] -filter {CELL_NAME=~"design_1_i/ila_0"}]
display_hw_ila_data [upload_hw_ila_data [get_hw_ilas -of_objects [get_hw_devices xc7a200t_0] -filter {CELL_NAME=~"design_1_i/ila_0"}]]
INFO: [Labtools 27-1966] The ILA core 'hw_ila_1' triggered at 2026-Oct-06 19:14:15
INFO: [Labtools 27-3304] ILA Waveform data saved to file C:/01_FPGA_Workspace/EthernetAX7A200B/ethernet_main/ethernet_main.hw/backup/hw_ila_data_1.ila. Use Tcl command 'read_hw_ila_data' or Vivado File->Import->Import ILA Data menu item to import the previously saved data.
run_hw_ila [get_hw_ilas -of_objects [get_hw_devices xc7a200t_0] -filter {CELL_NAME=~"design_1_i/ila_0"}]
INFO: [Labtools 27-1964] The ILA core 'hw_ila_1' trigger was armed at 2026-Oct-06 19:14:18
wait_on_hw_ila [get_hw_ilas -of_objects [get_hw_devices xc7a200t_0] -filter {CELL_NAME=~"design_1_i/ila_0"}]
display_hw_ila_data [upload_hw_ila_data [get_hw_ilas -of_objects [get_hw_devices xc7a200t_0] -filter {CELL_NAME=~"design_1_i/ila_0"}]]
INFO: [Labtools 27-1966] The ILA core 'hw_ila_1' triggered at 2026-Oct-06 19:14:18
INFO: [Labtools 27-3304] ILA Waveform data saved to file C:/01_FPGA_Workspace/EthernetAX7A200B/ethernet_main/ethernet_main.hw/backup/hw_ila_data_1.ila. Use Tcl command 'read_hw_ila_data' or Vivado File->Import->Import ILA Data menu item to import the previously saved data.
run_hw_ila [get_hw_ilas -of_objects [get_hw_devices xc7a200t_0] -filter {CELL_NAME=~"design_1_i/ila_0"}]
INFO: [Labtools 27-1964] The ILA core 'hw_ila_1' trigger was armed at 2026-Oct-06 19:14:43
wait_on_hw_ila [get_hw_ilas -of_objects [get_hw_devices xc7a200t_0] -filter {CELL_NAME=~"design_1_i/ila_0"}]
display_hw_ila_data [upload_hw_ila_data [get_hw_ilas -of_objects [get_hw_devices xc7a200t_0] -filter {CELL_NAME=~"design_1_i/ila_0"}]]
INFO: [Labtools 27-1966] The ILA core 'hw_ila_1' triggered at 2026-Oct-06 19:14:43
INFO: [Labtools 27-3304] ILA Waveform data saved to file C:/01_FPGA_Workspace/EthernetAX7A200B/ethernet_main/ethernet_main.hw/backup/hw_ila_data_1.ila. Use Tcl command 'read_hw_ila_data' or Vivado File->Import->Import ILA Data menu item to import the previously saved data.
run_hw_ila [get_hw_ilas -of_objects [get_hw_devices xc7a200t_0] -filter {CELL_NAME=~"design_1_i/ila_0"}]
INFO: [Labtools 27-1964] The ILA core 'hw_ila_1' trigger was armed at 2026-Oct-06 19:15:19
wait_on_hw_ila [get_hw_ilas -of_objects [get_hw_devices xc7a200t_0] -filter {CELL_NAME=~"design_1_i/ila_0"}]
display_hw_ila_data [upload_hw_ila_data [get_hw_ilas -of_objects [get_hw_devices xc7a200t_0] -filter {CELL_NAME=~"design_1_i/ila_0"}]]
INFO: [Labtools 27-1966] The ILA core 'hw_ila_1' triggered at 2026-Oct-06 19:15:19
INFO: [Labtools 27-3304] ILA Waveform data saved to file C:/01_FPGA_Workspace/EthernetAX7A200B/ethernet_main/ethernet_main.hw/backup/hw_ila_data_1.ila. Use Tcl command 'read_hw_ila_data' or Vivado File->Import->Import ILA Data menu item to import the previously saved data.
run_hw_ila [get_hw_ilas -of_objects [get_hw_devices xc7a200t_0] -filter {CELL_NAME=~"design_1_i/ila_0"}]
INFO: [Labtools 27-1964] The ILA core 'hw_ila_1' trigger was armed at 2026-Oct-06 19:15:21
wait_on_hw_ila [get_hw_ilas -of_objects [get_hw_devices xc7a200t_0] -filter {CELL_NAME=~"design_1_i/ila_0"}]
display_hw_ila_data [upload_hw_ila_data [get_hw_ilas -of_objects [get_hw_devices xc7a200t_0] -filter {CELL_NAME=~"design_1_i/ila_0"}]]
INFO: [Labtools 27-1966] The ILA core 'hw_ila_1' triggered at 2026-Oct-06 19:15:21
INFO: [Labtools 27-3304] ILA Waveform data saved to file C:/01_FPGA_Workspace/EthernetAX7A200B/ethernet_main/ethernet_main.hw/backup/hw_ila_data_1.ila. Use Tcl command 'read_hw_ila_data' or Vivado File->Import->Import ILA Data menu item to import the previously saved data.
run_hw_ila [get_hw_ilas -of_objects [get_hw_devices xc7a200t_0] -filter {CELL_NAME=~"design_1_i/ila_0"}]
INFO: [Labtools 27-1964] The ILA core 'hw_ila_1' trigger was armed at 2026-Oct-06 19:15:21
wait_on_hw_ila [get_hw_ilas -of_objects [get_hw_devices xc7a200t_0] -filter {CELL_NAME=~"design_1_i/ila_0"}]
display_hw_ila_data [upload_hw_ila_data [get_hw_ilas -of_objects [get_hw_devices xc7a200t_0] -filter {CELL_NAME=~"design_1_i/ila_0"}]]
INFO: [Labtools 27-1966] The ILA core 'hw_ila_1' triggered at 2026-Oct-06 19:15:21
INFO: [Labtools 27-3304] ILA Waveform data saved to file C:/01_FPGA_Workspace/EthernetAX7A200B/ethernet_main/ethernet_main.hw/backup/hw_ila_data_1.ila. Use Tcl command 'read_hw_ila_data' or Vivado File->Import->Import ILA Data menu item to import the previously saved data.
run_hw_ila [get_hw_ilas -of_objects [get_hw_devices xc7a200t_0] -filter {CELL_NAME=~"design_1_i/ila_0"}]
INFO: [Labtools 27-1964] The ILA core 'hw_ila_1' trigger was armed at 2026-Oct-06 19:15:22
wait_on_hw_ila [get_hw_ilas -of_objects [get_hw_devices xc7a200t_0] -filter {CELL_NAME=~"design_1_i/ila_0"}]
display_hw_ila_data [upload_hw_ila_data [get_hw_ilas -of_objects [get_hw_devices xc7a200t_0] -filter {CELL_NAME=~"design_1_i/ila_0"}]]
INFO: [Labtools 27-1966] The ILA core 'hw_ila_1' triggered at 2026-Oct-06 19:15:22
INFO: [Labtools 27-3304] ILA Waveform data saved to file C:/01_FPGA_Workspace/EthernetAX7A200B/ethernet_main/ethernet_main.hw/backup/hw_ila_data_1.ila. Use Tcl command 'read_hw_ila_data' or Vivado File->Import->Import ILA Data menu item to import the previously saved data.
run_hw_ila [get_hw_ilas -of_objects [get_hw_devices xc7a200t_0] -filter {CELL_NAME=~"design_1_i/ila_0"}]
INFO: [Labtools 27-1964] The ILA core 'hw_ila_1' trigger was armed at 2026-Oct-06 19:15:24
wait_on_hw_ila [get_hw_ilas -of_objects [get_hw_devices xc7a200t_0] -filter {CELL_NAME=~"design_1_i/ila_0"}]
display_hw_ila_data [upload_hw_ila_data [get_hw_ilas -of_objects [get_hw_devices xc7a200t_0] -filter {CELL_NAME=~"design_1_i/ila_0"}]]
INFO: [Labtools 27-1966] The ILA core 'hw_ila_1' triggered at 2026-Oct-06 19:15:24
INFO: [Labtools 27-3304] ILA Waveform data saved to file C:/01_FPGA_Workspace/EthernetAX7A200B/ethernet_main/ethernet_main.hw/backup/hw_ila_data_1.ila. Use Tcl command 'read_hw_ila_data' or Vivado File->Import->Import ILA Data menu item to import the previously saved data.
run_hw_ila [get_hw_ilas -of_objects [get_hw_devices xc7a200t_0] -filter {CELL_NAME=~"design_1_i/ila_0"}]
INFO: [Labtools 27-1964] The ILA core 'hw_ila_1' trigger was armed at 2026-Oct-06 19:15:27
wait_on_hw_ila [get_hw_ilas -of_objects [get_hw_devices xc7a200t_0] -filter {CELL_NAME=~"design_1_i/ila_0"}]
display_hw_ila_data [upload_hw_ila_data [get_hw_ilas -of_objects [get_hw_devices xc7a200t_0] -filter {CELL_NAME=~"design_1_i/ila_0"}]]
INFO: [Labtools 27-1966] The ILA core 'hw_ila_1' triggered at 2026-Oct-06 19:15:27
INFO: [Labtools 27-3304] ILA Waveform data saved to file C:/01_FPGA_Workspace/EthernetAX7A200B/ethernet_main/ethernet_main.hw/backup/hw_ila_data_1.ila. Use Tcl command 'read_hw_ila_data' or Vivado File->Import->Import ILA Data menu item to import the previously saved data.
run_hw_ila [get_hw_ilas -of_objects [get_hw_devices xc7a200t_0] -filter {CELL_NAME=~"design_1_i/ila_0"}]
INFO: [Labtools 27-1964] The ILA core 'hw_ila_1' trigger was armed at 2026-Oct-06 19:15:28
wait_on_hw_ila [get_hw_ilas -of_objects [get_hw_devices xc7a200t_0] -filter {CELL_NAME=~"design_1_i/ila_0"}]
display_hw_ila_data [upload_hw_ila_data [get_hw_ilas -of_objects [get_hw_devices xc7a200t_0] -filter {CELL_NAME=~"design_1_i/ila_0"}]]
INFO: [Labtools 27-1966] The ILA core 'hw_ila_1' triggered at 2026-Oct-06 19:15:28
INFO: [Labtools 27-3304] ILA Waveform data saved to file C:/01_FPGA_Workspace/EthernetAX7A200B/ethernet_main/ethernet_main.hw/backup/hw_ila_data_1.ila. Use Tcl command 'read_hw_ila_data' or Vivado File->Import->Import ILA Data menu item to import the previously saved data.
run_hw_ila [get_hw_ilas -of_objects [get_hw_devices xc7a200t_0] -filter {CELL_NAME=~"design_1_i/ila_0"}]
INFO: [Labtools 27-1964] The ILA core 'hw_ila_1' trigger was armed at 2026-Oct-06 19:15:33
wait_on_hw_ila [get_hw_ilas -of_objects [get_hw_devices xc7a200t_0] -filter {CELL_NAME=~"design_1_i/ila_0"}]
display_hw_ila_data [upload_hw_ila_data [get_hw_ilas -of_objects [get_hw_devices xc7a200t_0] -filter {CELL_NAME=~"design_1_i/ila_0"}]]
INFO: [Labtools 27-1966] The ILA core 'hw_ila_1' triggered at 2026-Oct-06 19:15:33
INFO: [Labtools 27-3304] ILA Waveform data saved to file C:/01_FPGA_Workspace/EthernetAX7A200B/ethernet_main/ethernet_main.hw/backup/hw_ila_data_1.ila. Use Tcl command 'read_hw_ila_data' or Vivado File->Import->Import ILA Data menu item to import the previously saved data.
run_hw_ila [get_hw_ilas -of_objects [get_hw_devices xc7a200t_0] -filter {CELL_NAME=~"design_1_i/ila_0"}]
INFO: [Labtools 27-1964] The ILA core 'hw_ila_1' trigger was armed at 2026-Oct-06 19:15:35
wait_on_hw_ila [get_hw_ilas -of_objects [get_hw_devices xc7a200t_0] -filter {CELL_NAME=~"design_1_i/ila_0"}]
display_hw_ila_data [upload_hw_ila_data [get_hw_ilas -of_objects [get_hw_devices xc7a200t_0] -filter {CELL_NAME=~"design_1_i/ila_0"}]]
INFO: [Labtools 27-1966] The ILA core 'hw_ila_1' triggered at 2026-Oct-06 19:15:35
INFO: [Labtools 27-3304] ILA Waveform data saved to file C:/01_FPGA_Workspace/EthernetAX7A200B/ethernet_main/ethernet_main.hw/backup/hw_ila_data_1.ila. Use Tcl command 'read_hw_ila_data' or Vivado File->Import->Import ILA Data menu item to import the previously saved data.
run_hw_ila [get_hw_ilas -of_objects [get_hw_devices xc7a200t_0] -filter {CELL_NAME=~"design_1_i/ila_0"}]
INFO: [Labtools 27-1964] The ILA core 'hw_ila_1' trigger was armed at 2026-Oct-06 19:18:22
wait_on_hw_ila [get_hw_ilas -of_objects [get_hw_devices xc7a200t_0] -filter {CELL_NAME=~"design_1_i/ila_0"}]
display_hw_ila_data [upload_hw_ila_data [get_hw_ilas -of_objects [get_hw_devices xc7a200t_0] -filter {CELL_NAME=~"design_1_i/ila_0"}]]
INFO: [Labtools 27-1966] The ILA core 'hw_ila_1' triggered at 2026-Oct-06 19:18:22
INFO: [Labtools 27-3304] ILA Waveform data saved to file C:/01_FPGA_Workspace/EthernetAX7A200B/ethernet_main/ethernet_main.hw/backup/hw_ila_data_1.ila. Use Tcl command 'read_hw_ila_data' or Vivado File->Import->Import ILA Data menu item to import the previously saved data.
run_hw_ila [get_hw_ilas -of_objects [get_hw_devices xc7a200t_0] -filter {CELL_NAME=~"design_1_i/ila_0"}]
INFO: [Labtools 27-1964] The ILA core 'hw_ila_1' trigger was armed at 2026-Oct-06 19:18:23
wait_on_hw_ila [get_hw_ilas -of_objects [get_hw_devices xc7a200t_0] -filter {CELL_NAME=~"design_1_i/ila_0"}]
display_hw_ila_data [upload_hw_ila_data [get_hw_ilas -of_objects [get_hw_devices xc7a200t_0] -filter {CELL_NAME=~"design_1_i/ila_0"}]]
INFO: [Labtools 27-1966] The ILA core 'hw_ila_1' triggered at 2026-Oct-06 19:18:23
INFO: [Labtools 27-3304] ILA Waveform data saved to file C:/01_FPGA_Workspace/EthernetAX7A200B/ethernet_main/ethernet_main.hw/backup/hw_ila_data_1.ila. Use Tcl command 'read_hw_ila_data' or Vivado File->Import->Import ILA Data menu item to import the previously saved data.
run_hw_ila [get_hw_ilas -of_objects [get_hw_devices xc7a200t_0] -filter {CELL_NAME=~"design_1_i/ila_0"}]
INFO: [Labtools 27-1964] The ILA core 'hw_ila_1' trigger was armed at 2026-Oct-06 19:18:24
wait_on_hw_ila [get_hw_ilas -of_objects [get_hw_devices xc7a200t_0] -filter {CELL_NAME=~"design_1_i/ila_0"}]
display_hw_ila_data [upload_hw_ila_data [get_hw_ilas -of_objects [get_hw_devices xc7a200t_0] -filter {CELL_NAME=~"design_1_i/ila_0"}]]
INFO: [Labtools 27-1966] The ILA core 'hw_ila_1' triggered at 2026-Oct-06 19:18:24
INFO: [Labtools 27-3304] ILA Waveform data saved to file C:/01_FPGA_Workspace/EthernetAX7A200B/ethernet_main/ethernet_main.hw/backup/hw_ila_data_1.ila. Use Tcl command 'read_hw_ila_data' or Vivado File->Import->Import ILA Data menu item to import the previously saved data.
run_hw_ila [get_hw_ilas -of_objects [get_hw_devices xc7a200t_0] -filter {CELL_NAME=~"design_1_i/ila_0"}]
INFO: [Labtools 27-1964] The ILA core 'hw_ila_1' trigger was armed at 2026-Oct-06 19:18:26
wait_on_hw_ila [get_hw_ilas -of_objects [get_hw_devices xc7a200t_0] -filter {CELL_NAME=~"design_1_i/ila_0"}]
display_hw_ila_data [upload_hw_ila_data [get_hw_ilas -of_objects [get_hw_devices xc7a200t_0] -filter {CELL_NAME=~"design_1_i/ila_0"}]]
INFO: [Labtools 27-1966] The ILA core 'hw_ila_1' triggered at 2026-Oct-06 19:18:26
INFO: [Labtools 27-3304] ILA Waveform data saved to file C:/01_FPGA_Workspace/EthernetAX7A200B/ethernet_main/ethernet_main.hw/backup/hw_ila_data_1.ila. Use Tcl command 'read_hw_ila_data' or Vivado File->Import->Import ILA Data menu item to import the previously saved data.
run_hw_ila [get_hw_ilas -of_objects [get_hw_devices xc7a200t_0] -filter {CELL_NAME=~"design_1_i/ila_0"}]
INFO: [Labtools 27-1964] The ILA core 'hw_ila_1' trigger was armed at 2026-Oct-06 19:27:37
wait_on_hw_ila [get_hw_ilas -of_objects [get_hw_devices xc7a200t_0] -filter {CELL_NAME=~"design_1_i/ila_0"}]
display_hw_ila_data [upload_hw_ila_data [get_hw_ilas -of_objects [get_hw_devices xc7a200t_0] -filter {CELL_NAME=~"design_1_i/ila_0"}]]
INFO: [Labtools 27-1966] The ILA core 'hw_ila_1' triggered at 2026-Oct-06 19:27:37
INFO: [Labtools 27-3304] ILA Waveform data saved to file C:/01_FPGA_Workspace/EthernetAX7A200B/ethernet_main/ethernet_main.hw/backup/hw_ila_data_1.ila. Use Tcl command 'read_hw_ila_data' or Vivado File->Import->Import ILA Data menu item to import the previously saved data.
close [ open C:/01_FPGA_Workspace/EthernetAX7A200B/ethernet_main/ethernet_main.srcs/sources_1/new/udp_state_machine.v w ]
add_files C:/01_FPGA_Workspace/EthernetAX7A200B/ethernet_main/ethernet_main.srcs/sources_1/new/udp_state_machine.v
WARNING: [filemgmt 56-199] Attempt to get parsing info during refresh. "On-the-fly" syntax checking information may be incorrect. [C:\01_FPGA_Workspace\EthernetAX7A200B\ethernet_main\ethernet_main.srcs\sources_1\new\ethernet_state_machine.v:]
WARNING: [filemgmt 56-199] Attempt to get parsing info during refresh. "On-the-fly" syntax checking information may be incorrect. [C:\01_FPGA_Workspace\EthernetAX7A200B\ethernet_main\ethernet_main.gen\sources_1\bd\design_1\hdl\design_1_wrapper.v:]
WARNING: [filemgmt 56-199] Attempt to get parsing info during refresh. "On-the-fly" syntax checking information may be incorrect. [C:\01_FPGA_Workspace\EthernetAX7A200B\ethernet_main\ethernet_main.srcs\sources_1\new\ethernet_state_machine.v:]
WARNING: [filemgmt 56-199] Attempt to get parsing info during refresh. "On-the-fly" syntax checking information may be incorrect. [C:\01_FPGA_Workspace\EthernetAX7A200B\ethernet_main\ethernet_main.srcs\sources_1\new\ethernet_state_machine.v:]
ERROR: [Common 17-180] Spawn failed: Der Vorgang wurde erfolgreich beendet.

WARNING: [filemgmt 56-199] Attempt to get parsing info during refresh. "On-the-fly" syntax checking information may be incorrect. [C:\01_FPGA_Workspace\EthernetAX7A200B\ethernet_main\ethernet_main.srcs\sources_1\new\ethernet_state_machine.v:]
WARNING: [filemgmt 56-199] Attempt to get parsing info during refresh. "On-the-fly" syntax checking information may be incorrect. [C:\01_FPGA_Workspace\EthernetAX7A200B\ethernet_main\ethernet_main.gen\sources_1\bd\design_1\hdl\design_1_wrapper.v:]
WARNING: [filemgmt 56-199] Attempt to get parsing info during refresh. "On-the-fly" syntax checking information may be incorrect. [C:\01_FPGA_Workspace\EthernetAX7A200B\ethernet_main\ethernet_main.gen\sources_1\bd\design_1\hdl\design_1_wrapper.v:]
WARNING: [filemgmt 56-199] Attempt to get parsing info during refresh. "On-the-fly" syntax checking information may be incorrect. [C:\01_FPGA_Workspace\EthernetAX7A200B\ethernet_main\ethernet_main.gen\sources_1\bd\design_1\hdl\design_1_wrapper.v:]
ERROR: [Common 17-180] Spawn failed: Der Vorgang wurde erfolgreich beendet.

update_compile_order -fileset sources_1
WARNING: [filemgmt 56-199] Attempt to get parsing info during refresh. "On-the-fly" syntax checking information may be incorrect. [C:\01_FPGA_Workspace\EthernetAX7A200B\ethernet_main\ethernet_main.srcs\sources_1\new\ethernet_state_machine.v:]
WARNING: [filemgmt 56-199] Attempt to get parsing info during refresh. "On-the-fly" syntax checking information may be incorrect. [C:\01_FPGA_Workspace\EthernetAX7A200B\ethernet_main\ethernet_main.gen\sources_1\bd\design_1\hdl\design_1_wrapper.v:]
WARNING: [filemgmt 56-199] Attempt to get parsing info during refresh. "On-the-fly" syntax checking information may be incorrect. [C:\01_FPGA_Workspace\EthernetAX7A200B\ethernet_main\ethernet_main.gen\sources_1\bd\design_1\hdl\design_1_wrapper.v:]
WARNING: [filemgmt 56-199] Attempt to get parsing info during refresh. "On-the-fly" syntax checking information may be incorrect. [C:\01_FPGA_Workspace\EthernetAX7A200B\ethernet_main\ethernet_main.gen\sources_1\bd\design_1\hdl\design_1_wrapper.v:]
ERROR: [Common 17-180] Spawn failed: Der Vorgang wurde erfolgreich beendet.

WARNING: [filemgmt 56-199] Attempt to get parsing info during refresh. "On-the-fly" syntax checking information may be incorrect. [C:\01_FPGA_Workspace\EthernetAX7A200B\ethernet_main\ethernet_main.srcs\sources_1\new\ethernet_state_machine.v:]
WARNING: [filemgmt 56-199] Attempt to get parsing info during refresh. "On-the-fly" syntax checking information may be incorrect. [C:\01_FPGA_Workspace\EthernetAX7A200B\ethernet_main\ethernet_main.gen\sources_1\bd\design_1\hdl\design_1_wrapper.v:]
WARNING: [filemgmt 56-199] Attempt to get parsing info during refresh. "On-the-fly" syntax checking information may be incorrect. [C:\01_FPGA_Workspace\EthernetAX7A200B\ethernet_main\ethernet_main.srcs\sources_1\new\ethernet_state_machine.v:]
WARNING: [filemgmt 56-199] Attempt to get parsing info during refresh. "On-the-fly" syntax checking information may be incorrect. [C:\01_FPGA_Workspace\EthernetAX7A200B\ethernet_main\ethernet_main.srcs\sources_1\new\ethernet_state_machine.v:]
WARNING: [filemgmt 56-199] Attempt to get parsing info during refresh. "On-the-fly" syntax checking information may be incorrect. [C:\01_FPGA_Workspace\EthernetAX7A200B\ethernet_main\ethernet_main.srcs\sources_1\new\ethernet_state_machine.v:]
WARNING: [filemgmt 56-199] Attempt to get parsing info during refresh. "On-the-fly" syntax checking information may be incorrect. [C:\01_FPGA_Workspace\EthernetAX7A200B\ethernet_main\ethernet_main.gen\sources_1\bd\design_1\hdl\design_1_wrapper.v:]
WARNING: [filemgmt 56-199] Attempt to get parsing info during refresh. "On-the-fly" syntax checking information may be incorrect. [C:\01_FPGA_Workspace\EthernetAX7A200B\ethernet_main\ethernet_main.gen\sources_1\bd\design_1\hdl\design_1_wrapper.v:]
WARNING: [filemgmt 56-199] Attempt to get parsing info during refresh. "On-the-fly" syntax checking information may be incorrect. [C:\01_FPGA_Workspace\EthernetAX7A200B\ethernet_main\ethernet_main.gen\sources_1\bd\design_1\hdl\design_1_wrapper.v:]
WARNING: [filemgmt 56-199] Attempt to get parsing info during refresh. "On-the-fly" syntax checking information may be incorrect. [C:\01_FPGA_Workspace\EthernetAX7A200B\ethernet_main\ethernet_main.srcs\sources_1\new\ethernet_state_machine.v:]
WARNING: [filemgmt 56-199] Attempt to get parsing info during refresh. "On-the-fly" syntax checking information may be incorrect. [C:\01_FPGA_Workspace\EthernetAX7A200B\ethernet_main\ethernet_main.gen\sources_1\bd\design_1\hdl\design_1_wrapper.v:]
WARNING: [filemgmt 56-199] Attempt to get parsing info during refresh. "On-the-fly" syntax checking information may be incorrect. [C:\01_FPGA_Workspace\EthernetAX7A200B\ethernet_main\ethernet_main.srcs\sources_1\new\ethernet_state_machine.v:]
WARNING: [filemgmt 56-199] Attempt to get parsing info during refresh. "On-the-fly" syntax checking information may be incorrect. [C:\01_FPGA_Workspace\EthernetAX7A200B\ethernet_main\ethernet_main.srcs\sources_1\new\ethernet_state_machine.v:]
ERROR: [Common 17-180] Spawn failed: Der Vorgang wurde erfolgreich beendet.

WARNING: [filemgmt 56-199] Attempt to get parsing info during refresh. "On-the-fly" syntax checking information may be incorrect. [C:\01_FPGA_Workspace\EthernetAX7A200B\ethernet_main\ethernet_main.srcs\sources_1\new\ethernet_state_machine.v:]
WARNING: [filemgmt 56-199] Attempt to get parsing info during refresh. "On-the-fly" syntax checking information may be incorrect. [C:\01_FPGA_Workspace\EthernetAX7A200B\ethernet_main\ethernet_main.gen\sources_1\bd\design_1\hdl\design_1_wrapper.v:]
WARNING: [filemgmt 56-199] Attempt to get parsing info during refresh. "On-the-fly" syntax checking information may be incorrect. [C:\01_FPGA_Workspace\EthernetAX7A200B\ethernet_main\ethernet_main.gen\sources_1\bd\design_1\hdl\design_1_wrapper.v:]
WARNING: [filemgmt 56-199] Attempt to get parsing info during refresh. "On-the-fly" syntax checking information may be incorrect. [C:\01_FPGA_Workspace\EthernetAX7A200B\ethernet_main\ethernet_main.gen\sources_1\bd\design_1\hdl\design_1_wrapper.v:]
WARNING: [filemgmt 56-199] Attempt to get parsing info during refresh. "On-the-fly" syntax checking information may be incorrect. [C:\01_FPGA_Workspace\EthernetAX7A200B\ethernet_main\ethernet_main.srcs\sources_1\new\ethernet_state_machine.v:]
WARNING: [filemgmt 56-199] Attempt to get parsing info during refresh. "On-the-fly" syntax checking information may be incorrect. [C:\01_FPGA_Workspace\EthernetAX7A200B\ethernet_main\ethernet_main.gen\sources_1\bd\design_1\hdl\design_1_wrapper.v:]
WARNING: [filemgmt 56-199] Attempt to get parsing info during refresh. "On-the-fly" syntax checking information may be incorrect. [C:\01_FPGA_Workspace\EthernetAX7A200B\ethernet_main\ethernet_main.srcs\sources_1\new\ethernet_state_machine.v:]
WARNING: [filemgmt 56-199] Attempt to get parsing info during refresh. "On-the-fly" syntax checking information may be incorrect. [C:\01_FPGA_Workspace\EthernetAX7A200B\ethernet_main\ethernet_main.srcs\sources_1\new\ethernet_state_machine.v:]
WARNING: [filemgmt 56-199] Attempt to get parsing info during refresh. "On-the-fly" syntax checking information may be incorrect. [C:\01_FPGA_Workspace\EthernetAX7A200B\ethernet_main\ethernet_main.srcs\sources_1\new\ethernet_state_machine.v:]
WARNING: [filemgmt 56-199] Attempt to get parsing info during refresh. "On-the-fly" syntax checking information may be incorrect. [C:\01_FPGA_Workspace\EthernetAX7A200B\ethernet_main\ethernet_main.gen\sources_1\bd\design_1\hdl\design_1_wrapper.v:]
WARNING: [filemgmt 56-199] Attempt to get parsing info during refresh. "On-the-fly" syntax checking information may be incorrect. [C:\01_FPGA_Workspace\EthernetAX7A200B\ethernet_main\ethernet_main.gen\sources_1\bd\design_1\hdl\design_1_wrapper.v:]
WARNING: [filemgmt 56-199] Attempt to get parsing info during refresh. "On-the-fly" syntax checking information may be incorrect. [C:\01_FPGA_Workspace\EthernetAX7A200B\ethernet_main\ethernet_main.gen\sources_1\bd\design_1\hdl\design_1_wrapper.v:]
ERROR: [Common 17-180] Spawn failed: Der Vorgang wurde erfolgreich beendet.

WARNING: [filemgmt 56-199] Attempt to get parsing info during refresh. "On-the-fly" syntax checking information may be incorrect. [C:\01_FPGA_Workspace\EthernetAX7A200B\ethernet_main\ethernet_main.srcs\sources_1\new\ethernet_state_machine.v:]
WARNING: [filemgmt 56-199] Attempt to get parsing info during refresh. "On-the-fly" syntax checking information may be incorrect. [C:\01_FPGA_Workspace\EthernetAX7A200B\ethernet_main\ethernet_main.gen\sources_1\bd\design_1\hdl\design_1_wrapper.v:]
WARNING: [filemgmt 56-199] Attempt to get parsing info during refresh. "On-the-fly" syntax checking information may be incorrect. [C:\01_FPGA_Workspace\EthernetAX7A200B\ethernet_main\ethernet_main.gen\sources_1\bd\design_1\hdl\design_1_wrapper.v:]
WARNING: [filemgmt 56-199] Attempt to get parsing info during refresh. "On-the-fly" syntax checking information may be incorrect. [C:\01_FPGA_Workspace\EthernetAX7A200B\ethernet_main\ethernet_main.gen\sources_1\bd\design_1\hdl\design_1_wrapper.v:]
WARNING: [filemgmt 56-199] Attempt to get parsing info during refresh. "On-the-fly" syntax checking information may be incorrect. [C:\01_FPGA_Workspace\EthernetAX7A200B\ethernet_main\ethernet_main.srcs\sources_1\new\ethernet_state_machine.v:]
WARNING: [filemgmt 56-199] Attempt to get parsing info during refresh. "On-the-fly" syntax checking information may be incorrect. [C:\01_FPGA_Workspace\EthernetAX7A200B\ethernet_main\ethernet_main.gen\sources_1\bd\design_1\hdl\design_1_wrapper.v:]
WARNING: [filemgmt 56-199] Attempt to get parsing info during refresh. "On-the-fly" syntax checking information may be incorrect. [C:\01_FPGA_Workspace\EthernetAX7A200B\ethernet_main\ethernet_main.srcs\sources_1\new\ethernet_state_machine.v:]
WARNING: [filemgmt 56-199] Attempt to get parsing info during refresh. "On-the-fly" syntax checking information may be incorrect. [C:\01_FPGA_Workspace\EthernetAX7A200B\ethernet_main\ethernet_main.srcs\sources_1\new\ethernet_state_machine.v:]
WARNING: [filemgmt 56-199] Attempt to get parsing info during refresh. "On-the-fly" syntax checking information may be incorrect. [C:\01_FPGA_Workspace\EthernetAX7A200B\ethernet_main\ethernet_main.srcs\sources_1\new\ethernet_state_machine.v:]
WARNING: [filemgmt 56-199] Attempt to get parsing info during refresh. "On-the-fly" syntax checking information may be incorrect. [C:\01_FPGA_Workspace\EthernetAX7A200B\ethernet_main\ethernet_main.gen\sources_1\bd\design_1\hdl\design_1_wrapper.v:]
WARNING: [filemgmt 56-199] Attempt to get parsing info during refresh. "On-the-fly" syntax checking information may be incorrect. [C:\01_FPGA_Workspace\EthernetAX7A200B\ethernet_main\ethernet_main.gen\sources_1\bd\design_1\hdl\design_1_wrapper.v:]
WARNING: [filemgmt 56-199] Attempt to get parsing info during refresh. "On-the-fly" syntax checking information may be incorrect. [C:\01_FPGA_Workspace\EthernetAX7A200B\ethernet_main\ethernet_main.gen\sources_1\bd\design_1\hdl\design_1_wrapper.v:]
WARNING: [filemgmt 56-199] Attempt to get parsing info during refresh. "On-the-fly" syntax checking information may be incorrect. [C:\01_FPGA_Workspace\EthernetAX7A200B\ethernet_main\ethernet_main.srcs\sources_1\new\ethernet_state_machine.v:]
WARNING: [filemgmt 56-199] Attempt to get parsing info during refresh. "On-the-fly" syntax checking information may be incorrect. [C:\01_FPGA_Workspace\EthernetAX7A200B\ethernet_main\ethernet_main.gen\sources_1\bd\design_1\hdl\design_1_wrapper.v:]
WARNING: [filemgmt 56-199] Attempt to get parsing info during refresh. "On-the-fly" syntax checking information may be incorrect. [C:\01_FPGA_Workspace\EthernetAX7A200B\ethernet_main\ethernet_main.srcs\sources_1\new\ethernet_state_machine.v:]
WARNING: [filemgmt 56-199] Attempt to get parsing info during refresh. "On-the-fly" syntax checking information may be incorrect. [C:\01_FPGA_Workspace\EthernetAX7A200B\ethernet_main\ethernet_main.srcs\sources_1\new\ethernet_state_machine.v:]
WARNING: [filemgmt 56-199] Attempt to get parsing info during refresh. "On-the-fly" syntax checking information may be incorrect. [C:\01_FPGA_Workspace\EthernetAX7A200B\ethernet_main\ethernet_main.srcs\sources_1\new\ethernet_state_machine.v:]
WARNING: [filemgmt 56-199] Attempt to get parsing info during refresh. "On-the-fly" syntax checking information may be incorrect. [C:\01_FPGA_Workspace\EthernetAX7A200B\ethernet_main\ethernet_main.gen\sources_1\bd\design_1\hdl\design_1_wrapper.v:]
WARNING: [filemgmt 56-199] Attempt to get parsing info during refresh. "On-the-fly" syntax checking information may be incorrect. [C:\01_FPGA_Workspace\EthernetAX7A200B\ethernet_main\ethernet_main.srcs\sources_1\new\ethernet_state_machine.v:]
WARNING: [filemgmt 56-199] Attempt to get parsing info during refresh. "On-the-fly" syntax checking information may be incorrect. [C:\01_FPGA_Workspace\EthernetAX7A200B\ethernet_main\ethernet_main.srcs\sources_1\new\ethernet_state_machine.v:]
WARNING: [filemgmt 56-199] Attempt to get parsing info during refresh. "On-the-fly" syntax checking information may be incorrect. [C:\01_FPGA_Workspace\EthernetAX7A200B\ethernet_main\ethernet_main.srcs\sources_1\new\ethernet_state_machine.v:]
WARNING: [filemgmt 56-199] Attempt to get parsing info during refresh. "On-the-fly" syntax checking information may be incorrect. [C:\01_FPGA_Workspace\EthernetAX7A200B\ethernet_main\ethernet_main.gen\sources_1\bd\design_1\hdl\design_1_wrapper.v:]
WARNING: [filemgmt 56-199] Attempt to get parsing info during refresh. "On-the-fly" syntax checking information may be incorrect. [C:\01_FPGA_Workspace\EthernetAX7A200B\ethernet_main\ethernet_main.gen\sources_1\bd\design_1\hdl\design_1_wrapper.v:]
WARNING: [filemgmt 56-199] Attempt to get parsing info during refresh. "On-the-fly" syntax checking information may be incorrect. [C:\01_FPGA_Workspace\EthernetAX7A200B\ethernet_main\ethernet_main.gen\sources_1\bd\design_1\hdl\design_1_wrapper.v:]
ERROR: [Common 17-180] Spawn failed: Der Vorgang wurde erfolgreich beendet.

WARNING: [filemgmt 56-199] Attempt to get parsing info during refresh. "On-the-fly" syntax checking information may be incorrect. [C:\01_FPGA_Workspace\EthernetAX7A200B\ethernet_main\ethernet_main.srcs\sources_1\new\ethernet_state_machine.v:]
WARNING: [filemgmt 56-199] Attempt to get parsing info during refresh. "On-the-fly" syntax checking information may be incorrect. [C:\01_FPGA_Workspace\EthernetAX7A200B\ethernet_main\ethernet_main.gen\sources_1\bd\design_1\hdl\design_1_wrapper.v:]
WARNING: [filemgmt 56-199] Attempt to get parsing info during refresh. "On-the-fly" syntax checking information may be incorrect. [C:\01_FPGA_Workspace\EthernetAX7A200B\ethernet_main\ethernet_main.srcs\sources_1\new\ethernet_state_machine.v:]
WARNING: [filemgmt 56-199] Attempt to get parsing info during refresh. "On-the-fly" syntax checking information may be incorrect. [C:\01_FPGA_Workspace\EthernetAX7A200B\ethernet_main\ethernet_main.srcs\sources_1\new\ethernet_state_machine.v:]
WARNING: [filemgmt 56-199] Attempt to get parsing info during refresh. "On-the-fly" syntax checking information may be incorrect. [C:\01_FPGA_Workspace\EthernetAX7A200B\ethernet_main\ethernet_main.srcs\sources_1\new\ethernet_state_machine.v:]
WARNING: [filemgmt 56-199] Attempt to get parsing info during refresh. "On-the-fly" syntax checking information may be incorrect. [C:\01_FPGA_Workspace\EthernetAX7A200B\ethernet_main\ethernet_main.gen\sources_1\bd\design_1\hdl\design_1_wrapper.v:]
WARNING: [filemgmt 56-199] Attempt to get parsing info during refresh. "On-the-fly" syntax checking information may be incorrect. [C:\01_FPGA_Workspace\EthernetAX7A200B\ethernet_main\ethernet_main.gen\sources_1\bd\design_1\hdl\design_1_wrapper.v:]
WARNING: [filemgmt 56-199] Attempt to get parsing info during refresh. "On-the-fly" syntax checking information may be incorrect. [C:\01_FPGA_Workspace\EthernetAX7A200B\ethernet_main\ethernet_main.gen\sources_1\bd\design_1\hdl\design_1_wrapper.v:]
ERROR: [Common 17-180] Spawn failed: Der Vorgang wurde erfolgreich beendet.

WARNING: [filemgmt 56-199] Attempt to get parsing info during refresh. "On-the-fly" syntax checking information may be incorrect. [C:\01_FPGA_Workspace\EthernetAX7A200B\ethernet_main\ethernet_main.srcs\sources_1\new\ethernet_state_machine.v:]
WARNING: [filemgmt 56-199] Attempt to get parsing info during refresh. "On-the-fly" syntax checking information may be incorrect. [C:\01_FPGA_Workspace\EthernetAX7A200B\ethernet_main\ethernet_main.gen\sources_1\bd\design_1\hdl\design_1_wrapper.v:]
WARNING: [filemgmt 56-199] Attempt to get parsing info during refresh. "On-the-fly" syntax checking information may be incorrect. [C:\01_FPGA_Workspace\EthernetAX7A200B\ethernet_main\ethernet_main.srcs\sources_1\new\ethernet_state_machine.v:]
WARNING: [filemgmt 56-199] Attempt to get parsing info during refresh. "On-the-fly" syntax checking information may be incorrect. [C:\01_FPGA_Workspace\EthernetAX7A200B\ethernet_main\ethernet_main.srcs\sources_1\new\ethernet_state_machine.v:]
ERROR: [Common 17-180] Spawn failed: Der Vorgang wurde erfolgreich beendet.

WARNING: [filemgmt 56-199] Attempt to get parsing info during refresh. "On-the-fly" syntax checking information may be incorrect. [C:\01_FPGA_Workspace\EthernetAX7A200B\ethernet_main\ethernet_main.srcs\sources_1\new\ethernet_state_machine.v:]
WARNING: [filemgmt 56-199] Attempt to get parsing info during refresh. "On-the-fly" syntax checking information may be incorrect. [C:\01_FPGA_Workspace\EthernetAX7A200B\ethernet_main\ethernet_main.gen\sources_1\bd\design_1\hdl\design_1_wrapper.v:]
WARNING: [filemgmt 56-199] Attempt to get parsing info during refresh. "On-the-fly" syntax checking information may be incorrect. [C:\01_FPGA_Workspace\EthernetAX7A200B\ethernet_main\ethernet_main.srcs\sources_1\new\ethernet_state_machine.v:]
WARNING: [filemgmt 56-199] Attempt to get parsing info during refresh. "On-the-fly" syntax checking information may be incorrect. [C:\01_FPGA_Workspace\EthernetAX7A200B\ethernet_main\ethernet_main.srcs\sources_1\new\ethernet_state_machine.v:]
ERROR: [Common 17-180] Spawn failed: Der Vorgang wurde erfolgreich beendet.

WARNING: [filemgmt 56-199] Attempt to get parsing info during refresh. "On-the-fly" syntax checking information may be incorrect. [C:\01_FPGA_Workspace\EthernetAX7A200B\ethernet_main\ethernet_main.srcs\sources_1\new\ethernet_state_machine.v:]
WARNING: [filemgmt 56-199] Attempt to get parsing info during refresh. "On-the-fly" syntax checking information may be incorrect. [C:\01_FPGA_Workspace\EthernetAX7A200B\ethernet_main\ethernet_main.gen\sources_1\bd\design_1\hdl\design_1_wrapper.v:]
WARNING: [filemgmt 56-199] Attempt to get parsing info during refresh. "On-the-fly" syntax checking information may be incorrect. [C:\01_FPGA_Workspace\EthernetAX7A200B\ethernet_main\ethernet_main.srcs\sources_1\new\ethernet_state_machine.v:]
WARNING: [filemgmt 56-199] Attempt to get parsing info during refresh. "On-the-fly" syntax checking information may be incorrect. [C:\01_FPGA_Workspace\EthernetAX7A200B\ethernet_main\ethernet_main.srcs\sources_1\new\ethernet_state_machine.v:]
ERROR: [Common 17-180] Spawn failed: Der Vorgang wurde erfolgreich beendet.

WARNING: [filemgmt 56-199] Attempt to get parsing info during refresh. "On-the-fly" syntax checking information may be incorrect. [C:\01_FPGA_Workspace\EthernetAX7A200B\ethernet_main\ethernet_main.srcs\sources_1\new\ethernet_state_machine.v:]
WARNING: [filemgmt 56-199] Attempt to get parsing info during refresh. "On-the-fly" syntax checking information may be incorrect. [C:\01_FPGA_Workspace\EthernetAX7A200B\ethernet_main\ethernet_main.gen\sources_1\bd\design_1\hdl\design_1_wrapper.v:]
WARNING: [filemgmt 56-199] Attempt to get parsing info during refresh. "On-the-fly" syntax checking information may be incorrect. [C:\01_FPGA_Workspace\EthernetAX7A200B\ethernet_main\ethernet_main.gen\sources_1\bd\design_1\hdl\design_1_wrapper.v:]
WARNING: [filemgmt 56-199] Attempt to get parsing info during refresh. "On-the-fly" syntax checking information may be incorrect. [C:\01_FPGA_Workspace\EthernetAX7A200B\ethernet_main\ethernet_main.gen\sources_1\bd\design_1\hdl\design_1_wrapper.v:]
ERROR: [Common 17-180] Spawn failed: Der Vorgang wurde erfolgreich beendet.

WARNING: [filemgmt 56-199] Attempt to get parsing info during refresh. "On-the-fly" syntax checking information may be incorrect. [C:\01_FPGA_Workspace\EthernetAX7A200B\ethernet_main\ethernet_main.srcs\sources_1\new\ethernet_state_machine.v:]
WARNING: [filemgmt 56-199] Attempt to get parsing info during refresh. "On-the-fly" syntax checking information may be incorrect. [C:\01_FPGA_Workspace\EthernetAX7A200B\ethernet_main\ethernet_main.gen\sources_1\bd\design_1\hdl\design_1_wrapper.v:]
WARNING: [filemgmt 56-199] Attempt to get parsing info during refresh. "On-the-fly" syntax checking information may be incorrect. [C:\01_FPGA_Workspace\EthernetAX7A200B\ethernet_main\ethernet_main.srcs\sources_1\new\ethernet_state_machine.v:]
WARNING: [filemgmt 56-199] Attempt to get parsing info during refresh. "On-the-fly" syntax checking information may be incorrect. [C:\01_FPGA_Workspace\EthernetAX7A200B\ethernet_main\ethernet_main.srcs\sources_1\new\ethernet_state_machine.v:]
ERROR: [Common 17-180] Spawn failed: Der Vorgang wurde erfolgreich beendet.

WARNING: [filemgmt 56-199] Attempt to get parsing info during refresh. "On-the-fly" syntax checking information may be incorrect. [C:\01_FPGA_Workspace\EthernetAX7A200B\ethernet_main\ethernet_main.srcs\sources_1\new\ethernet_state_machine.v:]
WARNING: [filemgmt 56-199] Attempt to get parsing info during refresh. "On-the-fly" syntax checking information may be incorrect. [C:\01_FPGA_Workspace\EthernetAX7A200B\ethernet_main\ethernet_main.gen\sources_1\bd\design_1\hdl\design_1_wrapper.v:]
WARNING: [filemgmt 56-199] Attempt to get parsing info during refresh. "On-the-fly" syntax checking information may be incorrect. [C:\01_FPGA_Workspace\EthernetAX7A200B\ethernet_main\ethernet_main.gen\sources_1\bd\design_1\hdl\design_1_wrapper.v:]
WARNING: [filemgmt 56-199] Attempt to get parsing info during refresh. "On-the-fly" syntax checking information may be incorrect. [C:\01_FPGA_Workspace\EthernetAX7A200B\ethernet_main\ethernet_main.gen\sources_1\bd\design_1\hdl\design_1_wrapper.v:]
WARNING: [filemgmt 56-199] Attempt to get parsing info during refresh. "On-the-fly" syntax checking information may be incorrect. [C:\01_FPGA_Workspace\EthernetAX7A200B\ethernet_main\ethernet_main.srcs\sources_1\new\ethernet_state_machine.v:]
WARNING: [filemgmt 56-199] Attempt to get parsing info during refresh. "On-the-fly" syntax checking information may be incorrect. [C:\01_FPGA_Workspace\EthernetAX7A200B\ethernet_main\ethernet_main.gen\sources_1\bd\design_1\hdl\design_1_wrapper.v:]
WARNING: [filemgmt 56-199] Attempt to get parsing info during refresh. "On-the-fly" syntax checking information may be incorrect. [C:\01_FPGA_Workspace\EthernetAX7A200B\ethernet_main\ethernet_main.srcs\sources_1\new\ethernet_state_machine.v:]
WARNING: [filemgmt 56-199] Attempt to get parsing info during refresh. "On-the-fly" syntax checking information may be incorrect. [C:\01_FPGA_Workspace\EthernetAX7A200B\ethernet_main\ethernet_main.srcs\sources_1\new\ethernet_state_machine.v:]
ERROR: [Common 17-180] Spawn failed: Der Vorgang wurde erfolgreich beendet.

WARNING: [filemgmt 56-199] Attempt to get parsing info during refresh. "On-the-fly" syntax checking information may be incorrect. [C:\01_FPGA_Workspace\EthernetAX7A200B\ethernet_main\ethernet_main.srcs\sources_1\new\ethernet_state_machine.v:]
WARNING: [filemgmt 56-199] Attempt to get parsing info during refresh. "On-the-fly" syntax checking information may be incorrect. [C:\01_FPGA_Workspace\EthernetAX7A200B\ethernet_main\ethernet_main.gen\sources_1\bd\design_1\hdl\design_1_wrapper.v:]
WARNING: [filemgmt 56-199] Attempt to get parsing info during refresh. "On-the-fly" syntax checking information may be incorrect. [C:\01_FPGA_Workspace\EthernetAX7A200B\ethernet_main\ethernet_main.gen\sources_1\bd\design_1\hdl\design_1_wrapper.v:]
WARNING: [filemgmt 56-199] Attempt to get parsing info during refresh. "On-the-fly" syntax checking information may be incorrect. [C:\01_FPGA_Workspace\EthernetAX7A200B\ethernet_main\ethernet_main.gen\sources_1\bd\design_1\hdl\design_1_wrapper.v:]
ERROR: [Common 17-180] Spawn failed: Der Vorgang wurde erfolgreich beendet.

WARNING: [filemgmt 56-199] Attempt to get parsing info during refresh. "On-the-fly" syntax checking information may be incorrect. [C:\01_FPGA_Workspace\EthernetAX7A200B\ethernet_main\ethernet_main.srcs\sources_1\new\ethernet_state_machine.v:]
WARNING: [filemgmt 56-199] Attempt to get parsing info during refresh. "On-the-fly" syntax checking information may be incorrect. [C:\01_FPGA_Workspace\EthernetAX7A200B\ethernet_main\ethernet_main.gen\sources_1\bd\design_1\hdl\design_1_wrapper.v:]
WARNING: [filemgmt 56-199] Attempt to get parsing info during refresh. "On-the-fly" syntax checking information may be incorrect. [C:\01_FPGA_Workspace\EthernetAX7A200B\ethernet_main\ethernet_main.gen\sources_1\bd\design_1\hdl\design_1_wrapper.v:]
WARNING: [filemgmt 56-199] Attempt to get parsing info during refresh. "On-the-fly" syntax checking information may be incorrect. [C:\01_FPGA_Workspace\EthernetAX7A200B\ethernet_main\ethernet_main.gen\sources_1\bd\design_1\hdl\design_1_wrapper.v:]
ERROR: [Common 17-180] Spawn failed: Der Vorgang wurde erfolgreich beendet.

WARNING: [filemgmt 56-199] Attempt to get parsing info during refresh. "On-the-fly" syntax checking information may be incorrect. [C:\01_FPGA_Workspace\EthernetAX7A200B\ethernet_main\ethernet_main.srcs\sources_1\new\ethernet_state_machine.v:]
WARNING: [filemgmt 56-199] Attempt to get parsing info during refresh. "On-the-fly" syntax checking information may be incorrect. [C:\01_FPGA_Workspace\EthernetAX7A200B\ethernet_main\ethernet_main.gen\sources_1\bd\design_1\hdl\design_1_wrapper.v:]
WARNING: [filemgmt 56-199] Attempt to get parsing info during refresh. "On-the-fly" syntax checking information may be incorrect. [C:\01_FPGA_Workspace\EthernetAX7A200B\ethernet_main\ethernet_main.srcs\sources_1\new\ethernet_state_machine.v:]
WARNING: [filemgmt 56-199] Attempt to get parsing info during refresh. "On-the-fly" syntax checking information may be incorrect. [C:\01_FPGA_Workspace\EthernetAX7A200B\ethernet_main\ethernet_main.srcs\sources_1\new\ethernet_state_machine.v:]
ERROR: [Common 17-180] Spawn failed: Der Vorgang wurde erfolgreich beendet.

WARNING: [filemgmt 56-199] Attempt to get parsing info during refresh. "On-the-fly" syntax checking information may be incorrect. [C:\01_FPGA_Workspace\EthernetAX7A200B\ethernet_main\ethernet_main.srcs\sources_1\new\ethernet_state_machine.v:]
WARNING: [filemgmt 56-199] Attempt to get parsing info during refresh. "On-the-fly" syntax checking information may be incorrect. [C:\01_FPGA_Workspace\EthernetAX7A200B\ethernet_main\ethernet_main.gen\sources_1\bd\design_1\hdl\design_1_wrapper.v:]
WARNING: [filemgmt 56-199] Attempt to get parsing info during refresh. "On-the-fly" syntax checking information may be incorrect. [C:\01_FPGA_Workspace\EthernetAX7A200B\ethernet_main\ethernet_main.gen\sources_1\bd\design_1\hdl\design_1_wrapper.v:]
WARNING: [filemgmt 56-199] Attempt to get parsing info during refresh. "On-the-fly" syntax checking information may be incorrect. [C:\01_FPGA_Workspace\EthernetAX7A200B\ethernet_main\ethernet_main.gen\sources_1\bd\design_1\hdl\design_1_wrapper.v:]
WARNING: [filemgmt 56-199] Attempt to get parsing info during refresh. "On-the-fly" syntax checking information may be incorrect. [C:\01_FPGA_Workspace\EthernetAX7A200B\ethernet_main\ethernet_main.srcs\sources_1\new\ethernet_state_machine.v:]
WARNING: [filemgmt 56-199] Attempt to get parsing info during refresh. "On-the-fly" syntax checking information may be incorrect. [C:\01_FPGA_Workspace\EthernetAX7A200B\ethernet_main\ethernet_main.gen\sources_1\bd\design_1\hdl\design_1_wrapper.v:]
WARNING: [filemgmt 56-199] Attempt to get parsing info during refresh. "On-the-fly" syntax checking information may be incorrect. [C:\01_FPGA_Workspace\EthernetAX7A200B\ethernet_main\ethernet_main.srcs\sources_1\new\ethernet_state_machine.v:]
WARNING: [filemgmt 56-199] Attempt to get parsing info during refresh. "On-the-fly" syntax checking information may be incorrect. [C:\01_FPGA_Workspace\EthernetAX7A200B\ethernet_main\ethernet_main.srcs\sources_1\new\ethernet_state_machine.v:]
ERROR: [Common 17-180] Spawn failed: Der Vorgang wurde erfolgreich beendet.

WARNING: [filemgmt 56-199] Attempt to get parsing info during refresh. "On-the-fly" syntax checking information may be incorrect. [C:\01_FPGA_Workspace\EthernetAX7A200B\ethernet_main\ethernet_main.srcs\sources_1\new\ethernet_state_machine.v:]
WARNING: [filemgmt 56-199] Attempt to get parsing info during refresh. "On-the-fly" syntax checking information may be incorrect. [C:\01_FPGA_Workspace\EthernetAX7A200B\ethernet_main\ethernet_main.gen\sources_1\bd\design_1\hdl\design_1_wrapper.v:]
WARNING: [filemgmt 56-199] Attempt to get parsing info during refresh. "On-the-fly" syntax checking information may be incorrect. [C:\01_FPGA_Workspace\EthernetAX7A200B\ethernet_main\ethernet_main.srcs\sources_1\new\ethernet_state_machine.v:]
WARNING: [filemgmt 56-199] Attempt to get parsing info during refresh. "On-the-fly" syntax checking information may be incorrect. [C:\01_FPGA_Workspace\EthernetAX7A200B\ethernet_main\ethernet_main.srcs\sources_1\new\ethernet_state_machine.v:]
ERROR: [Common 17-180] Spawn failed: Der Vorgang wurde erfolgreich beendet.

WARNING: [filemgmt 56-199] Attempt to get parsing info during refresh. "On-the-fly" syntax checking information may be incorrect. [C:\01_FPGA_Workspace\EthernetAX7A200B\ethernet_main\ethernet_main.srcs\sources_1\new\ethernet_state_machine.v:]
WARNING: [filemgmt 56-199] Attempt to get parsing info during refresh. "On-the-fly" syntax checking information may be incorrect. [C:\01_FPGA_Workspace\EthernetAX7A200B\ethernet_main\ethernet_main.gen\sources_1\bd\design_1\hdl\design_1_wrapper.v:]
WARNING: [filemgmt 56-199] Attempt to get parsing info during refresh. "On-the-fly" syntax checking information may be incorrect. [C:\01_FPGA_Workspace\EthernetAX7A200B\ethernet_main\ethernet_main.gen\sources_1\bd\design_1\hdl\design_1_wrapper.v:]
WARNING: [filemgmt 56-199] Attempt to get parsing info during refresh. "On-the-fly" syntax checking information may be incorrect. [C:\01_FPGA_Workspace\EthernetAX7A200B\ethernet_main\ethernet_main.gen\sources_1\bd\design_1\hdl\design_1_wrapper.v:]
WARNING: [filemgmt 56-199] Attempt to get parsing info during refresh. "On-the-fly" syntax checking information may be incorrect. [C:\01_FPGA_Workspace\EthernetAX7A200B\ethernet_main\ethernet_main.srcs\sources_1\new\ethernet_state_machine.v:]
WARNING: [filemgmt 56-199] Attempt to get parsing info during refresh. "On-the-fly" syntax checking information may be incorrect. [C:\01_FPGA_Workspace\EthernetAX7A200B\ethernet_main\ethernet_main.gen\sources_1\bd\design_1\hdl\design_1_wrapper.v:]
WARNING: [filemgmt 56-199] Attempt to get parsing info during refresh. "On-the-fly" syntax checking information may be incorrect. [C:\01_FPGA_Workspace\EthernetAX7A200B\ethernet_main\ethernet_main.gen\sources_1\bd\design_1\hdl\design_1_wrapper.v:]
WARNING: [filemgmt 56-199] Attempt to get parsing info during refresh. "On-the-fly" syntax checking information may be incorrect. [C:\01_FPGA_Workspace\EthernetAX7A200B\ethernet_main\ethernet_main.gen\sources_1\bd\design_1\hdl\design_1_wrapper.v:]
WARNING: [filemgmt 56-199] Attempt to get parsing info during refresh. "On-the-fly" syntax checking information may be incorrect. [C:\01_FPGA_Workspace\EthernetAX7A200B\ethernet_main\ethernet_main.srcs\sources_1\new\ethernet_state_machine.v:]
WARNING: [filemgmt 56-199] Attempt to get parsing info during refresh. "On-the-fly" syntax checking information may be incorrect. [C:\01_FPGA_Workspace\EthernetAX7A200B\ethernet_main\ethernet_main.gen\sources_1\bd\design_1\hdl\design_1_wrapper.v:]
WARNING: [filemgmt 56-199] Attempt to get parsing info during refresh. "On-the-fly" syntax checking information may be incorrect. [C:\01_FPGA_Workspace\EthernetAX7A200B\ethernet_main\ethernet_main.gen\sources_1\bd\design_1\hdl\design_1_wrapper.v:]
WARNING: [filemgmt 56-199] Attempt to get parsing info during refresh. "On-the-fly" syntax checking information may be incorrect. [C:\01_FPGA_Workspace\EthernetAX7A200B\ethernet_main\ethernet_main.gen\sources_1\bd\design_1\hdl\design_1_wrapper.v:]
ERROR: [Common 17-180] Spawn failed: Der Vorgang wurde erfolgreich beendet.

WARNING: [filemgmt 56-199] Attempt to get parsing info during refresh. "On-the-fly" syntax checking information may be incorrect. [C:\01_FPGA_Workspace\EthernetAX7A200B\ethernet_main\ethernet_main.srcs\sources_1\new\ethernet_state_machine.v:]
WARNING: [filemgmt 56-199] Attempt to get parsing info during refresh. "On-the-fly" syntax checking information may be incorrect. [C:\01_FPGA_Workspace\EthernetAX7A200B\ethernet_main\ethernet_main.gen\sources_1\bd\design_1\hdl\design_1_wrapper.v:]
WARNING: [filemgmt 56-199] Attempt to get parsing info during refresh. "On-the-fly" syntax checking information may be incorrect. [C:\01_FPGA_Workspace\EthernetAX7A200B\ethernet_main\ethernet_main.srcs\sources_1\new\ethernet_state_machine.v:]
WARNING: [filemgmt 56-199] Attempt to get parsing info during refresh. "On-the-fly" syntax checking information may be incorrect. [C:\01_FPGA_Workspace\EthernetAX7A200B\ethernet_main\ethernet_main.srcs\sources_1\new\ethernet_state_machine.v:]
ERROR: [Common 17-180] Spawn failed: Der Vorgang wurde erfolgreich beendet.

WARNING: [filemgmt 56-199] Attempt to get parsing info during refresh. "On-the-fly" syntax checking information may be incorrect. [C:\01_FPGA_Workspace\EthernetAX7A200B\ethernet_main\ethernet_main.srcs\sources_1\new\ethernet_state_machine.v:]
WARNING: [filemgmt 56-199] Attempt to get parsing info during refresh. "On-the-fly" syntax checking information may be incorrect. [C:\01_FPGA_Workspace\EthernetAX7A200B\ethernet_main\ethernet_main.gen\sources_1\bd\design_1\hdl\design_1_wrapper.v:]
WARNING: [filemgmt 56-199] Attempt to get parsing info during refresh. "On-the-fly" syntax checking information may be incorrect. [C:\01_FPGA_Workspace\EthernetAX7A200B\ethernet_main\ethernet_main.gen\sources_1\bd\design_1\hdl\design_1_wrapper.v:]
WARNING: [filemgmt 56-199] Attempt to get parsing info during refresh. "On-the-fly" syntax checking information may be incorrect. [C:\01_FPGA_Workspace\EthernetAX7A200B\ethernet_main\ethernet_main.gen\sources_1\bd\design_1\hdl\design_1_wrapper.v:]
ERROR: [Common 17-180] Spawn failed: Der Vorgang wurde erfolgreich beendet.

WARNING: [filemgmt 56-199] Attempt to get parsing info during refresh. "On-the-fly" syntax checking information may be incorrect. [C:\01_FPGA_Workspace\EthernetAX7A200B\ethernet_main\ethernet_main.srcs\sources_1\new\ethernet_state_machine.v:]
WARNING: [filemgmt 56-199] Attempt to get parsing info during refresh. "On-the-fly" syntax checking information may be incorrect. [C:\01_FPGA_Workspace\EthernetAX7A200B\ethernet_main\ethernet_main.gen\sources_1\bd\design_1\hdl\design_1_wrapper.v:]
WARNING: [filemgmt 56-199] Attempt to get parsing info during refresh. "On-the-fly" syntax checking information may be incorrect. [C:\01_FPGA_Workspace\EthernetAX7A200B\ethernet_main\ethernet_main.gen\sources_1\bd\design_1\hdl\design_1_wrapper.v:]
WARNING: [filemgmt 56-199] Attempt to get parsing info during refresh. "On-the-fly" syntax checking information may be incorrect. [C:\01_FPGA_Workspace\EthernetAX7A200B\ethernet_main\ethernet_main.gen\sources_1\bd\design_1\hdl\design_1_wrapper.v:]
ERROR: [Common 17-180] Spawn failed: Der Vorgang wurde erfolgreich beendet.

WARNING: [filemgmt 56-199] Attempt to get parsing info during refresh. "On-the-fly" syntax checking information may be incorrect. [C:\01_FPGA_Workspace\EthernetAX7A200B\ethernet_main\ethernet_main.srcs\sources_1\new\ethernet_state_machine.v:]
WARNING: [filemgmt 56-199] Attempt to get parsing info during refresh. "On-the-fly" syntax checking information may be incorrect. [C:\01_FPGA_Workspace\EthernetAX7A200B\ethernet_main\ethernet_main.gen\sources_1\bd\design_1\hdl\design_1_wrapper.v:]
WARNING: [filemgmt 56-199] Attempt to get parsing info during refresh. "On-the-fly" syntax checking information may be incorrect. [C:\01_FPGA_Workspace\EthernetAX7A200B\ethernet_main\ethernet_main.srcs\sources_1\new\ethernet_state_machine.v:]
WARNING: [filemgmt 56-199] Attempt to get parsing info during refresh. "On-the-fly" syntax checking information may be incorrect. [C:\01_FPGA_Workspace\EthernetAX7A200B\ethernet_main\ethernet_main.srcs\sources_1\new\ethernet_state_machine.v:]
WARNING: [filemgmt 56-199] Attempt to get parsing info during refresh. "On-the-fly" syntax checking information may be incorrect. [C:\01_FPGA_Workspace\EthernetAX7A200B\ethernet_main\ethernet_main.srcs\sources_1\new\ethernet_state_machine.v:]
WARNING: [filemgmt 56-199] Attempt to get parsing info during refresh. "On-the-fly" syntax checking information may be incorrect. [C:\01_FPGA_Workspace\EthernetAX7A200B\ethernet_main\ethernet_main.gen\sources_1\bd\design_1\hdl\design_1_wrapper.v:]
WARNING: [filemgmt 56-199] Attempt to get parsing info during refresh. "On-the-fly" syntax checking information may be incorrect. [C:\01_FPGA_Workspace\EthernetAX7A200B\ethernet_main\ethernet_main.srcs\sources_1\new\ethernet_state_machine.v:]
WARNING: [filemgmt 56-199] Attempt to get parsing info during refresh. "On-the-fly" syntax checking information may be incorrect. [C:\01_FPGA_Workspace\EthernetAX7A200B\ethernet_main\ethernet_main.srcs\sources_1\new\ethernet_state_machine.v:]
ERROR: [Common 17-180] Spawn failed: Der Vorgang wurde erfolgreich beendet.

WARNING: [filemgmt 56-199] Attempt to get parsing info during refresh. "On-the-fly" syntax checking information may be incorrect. [C:\01_FPGA_Workspace\EthernetAX7A200B\ethernet_main\ethernet_main.srcs\sources_1\new\ethernet_state_machine.v:]
WARNING: [filemgmt 56-199] Attempt to get parsing info during refresh. "On-the-fly" syntax checking information may be incorrect. [C:\01_FPGA_Workspace\EthernetAX7A200B\ethernet_main\ethernet_main.gen\sources_1\bd\design_1\hdl\design_1_wrapper.v:]
WARNING: [filemgmt 56-199] Attempt to get parsing info during refresh. "On-the-fly" syntax checking information may be incorrect. [C:\01_FPGA_Workspace\EthernetAX7A200B\ethernet_main\ethernet_main.gen\sources_1\bd\design_1\hdl\design_1_wrapper.v:]
WARNING: [filemgmt 56-199] Attempt to get parsing info during refresh. "On-the-fly" syntax checking information may be incorrect. [C:\01_FPGA_Workspace\EthernetAX7A200B\ethernet_main\ethernet_main.gen\sources_1\bd\design_1\hdl\design_1_wrapper.v:]
ERROR: [Common 17-180] Spawn failed: Der Vorgang wurde erfolgreich beendet.

WARNING: [filemgmt 56-199] Attempt to get parsing info during refresh. "On-the-fly" syntax checking information may be incorrect. [C:\01_FPGA_Workspace\EthernetAX7A200B\ethernet_main\ethernet_main.srcs\sources_1\new\ethernet_state_machine.v:]
WARNING: [filemgmt 56-199] Attempt to get parsing info during refresh. "On-the-fly" syntax checking information may be incorrect. [C:\01_FPGA_Workspace\EthernetAX7A200B\ethernet_main\ethernet_main.gen\sources_1\bd\design_1\hdl\design_1_wrapper.v:]
WARNING: [filemgmt 56-199] Attempt to get parsing info during refresh. "On-the-fly" syntax checking information may be incorrect. [C:\01_FPGA_Workspace\EthernetAX7A200B\ethernet_main\ethernet_main.gen\sources_1\bd\design_1\hdl\design_1_wrapper.v:]
WARNING: [filemgmt 56-199] Attempt to get parsing info during refresh. "On-the-fly" syntax checking information may be incorrect. [C:\01_FPGA_Workspace\EthernetAX7A200B\ethernet_main\ethernet_main.gen\sources_1\bd\design_1\hdl\design_1_wrapper.v:]
WARNING: [filemgmt 56-199] Attempt to get parsing info during refresh. "On-the-fly" syntax checking information may be incorrect. [C:\01_FPGA_Workspace\EthernetAX7A200B\ethernet_main\ethernet_main.srcs\sources_1\new\ethernet_state_machine.v:]
WARNING: [filemgmt 56-199] Attempt to get parsing info during refresh. "On-the-fly" syntax checking information may be incorrect. [C:\01_FPGA_Workspace\EthernetAX7A200B\ethernet_main\ethernet_main.gen\sources_1\bd\design_1\hdl\design_1_wrapper.v:]
WARNING: [filemgmt 56-199] Attempt to get parsing info during refresh. "On-the-fly" syntax checking information may be incorrect. [C:\01_FPGA_Workspace\EthernetAX7A200B\ethernet_main\ethernet_main.srcs\sources_1\new\ethernet_state_machine.v:]
WARNING: [filemgmt 56-199] Attempt to get parsing info during refresh. "On-the-fly" syntax checking information may be incorrect. [C:\01_FPGA_Workspace\EthernetAX7A200B\ethernet_main\ethernet_main.srcs\sources_1\new\ethernet_state_machine.v:]
ERROR: [Common 17-180] Spawn failed: Der Vorgang wurde erfolgreich beendet.

WARNING: [filemgmt 56-199] Attempt to get parsing info during refresh. "On-the-fly" syntax checking information may be incorrect. [C:\01_FPGA_Workspace\EthernetAX7A200B\ethernet_main\ethernet_main.srcs\sources_1\new\ethernet_state_machine.v:]
WARNING: [filemgmt 56-199] Attempt to get parsing info during refresh. "On-the-fly" syntax checking information may be incorrect. [C:\01_FPGA_Workspace\EthernetAX7A200B\ethernet_main\ethernet_main.gen\sources_1\bd\design_1\hdl\design_1_wrapper.v:]
WARNING: [filemgmt 56-199] Attempt to get parsing info during refresh. "On-the-fly" syntax checking information may be incorrect. [C:\01_FPGA_Workspace\EthernetAX7A200B\ethernet_main\ethernet_main.gen\sources_1\bd\design_1\hdl\design_1_wrapper.v:]
WARNING: [filemgmt 56-199] Attempt to get parsing info during refresh. "On-the-fly" syntax checking information may be incorrect. [C:\01_FPGA_Workspace\EthernetAX7A200B\ethernet_main\ethernet_main.gen\sources_1\bd\design_1\hdl\design_1_wrapper.v:]
ERROR: [Common 17-180] Spawn failed: Der Vorgang wurde erfolgreich beendet.

WARNING: [filemgmt 56-199] Attempt to get parsing info during refresh. "On-the-fly" syntax checking information may be incorrect. [C:\01_FPGA_Workspace\EthernetAX7A200B\ethernet_main\ethernet_main.srcs\sources_1\new\ethernet_state_machine.v:]
WARNING: [filemgmt 56-199] Attempt to get parsing info during refresh. "On-the-fly" syntax checking information may be incorrect. [C:\01_FPGA_Workspace\EthernetAX7A200B\ethernet_main\ethernet_main.gen\sources_1\bd\design_1\hdl\design_1_wrapper.v:]
WARNING: [filemgmt 56-199] Attempt to get parsing info during refresh. "On-the-fly" syntax checking information may be incorrect. [C:\01_FPGA_Workspace\EthernetAX7A200B\ethernet_main\ethernet_main.srcs\sources_1\new\ethernet_state_machine.v:]
WARNING: [filemgmt 56-199] Attempt to get parsing info during refresh. "On-the-fly" syntax checking information may be incorrect. [C:\01_FPGA_Workspace\EthernetAX7A200B\ethernet_main\ethernet_main.srcs\sources_1\new\ethernet_state_machine.v:]
ERROR: [Common 17-180] Spawn failed: Der Vorgang wurde erfolgreich beendet.

WARNING: [filemgmt 56-199] Attempt to get parsing info during refresh. "On-the-fly" syntax checking information may be incorrect. [C:\01_FPGA_Workspace\EthernetAX7A200B\ethernet_main\ethernet_main.srcs\sources_1\new\ethernet_state_machine.v:]
WARNING: [filemgmt 56-199] Attempt to get parsing info during refresh. "On-the-fly" syntax checking information may be incorrect. [C:\01_FPGA_Workspace\EthernetAX7A200B\ethernet_main\ethernet_main.gen\sources_1\bd\design_1\hdl\design_1_wrapper.v:]
WARNING: [filemgmt 56-199] Attempt to get parsing info during refresh. "On-the-fly" syntax checking information may be incorrect. [C:\01_FPGA_Workspace\EthernetAX7A200B\ethernet_main\ethernet_main.srcs\sources_1\new\ethernet_state_machine.v:]
WARNING: [filemgmt 56-199] Attempt to get parsing info during refresh. "On-the-fly" syntax checking information may be incorrect. [C:\01_FPGA_Workspace\EthernetAX7A200B\ethernet_main\ethernet_main.srcs\sources_1\new\ethernet_state_machine.v:]
ERROR: [Common 17-180] Spawn failed: Der Vorgang wurde erfolgreich beendet.

WARNING: [filemgmt 56-199] Attempt to get parsing info during refresh. "On-the-fly" syntax checking information may be incorrect. [C:\01_FPGA_Workspace\EthernetAX7A200B\ethernet_main\ethernet_main.srcs\sources_1\new\ethernet_state_machine.v:]
WARNING: [filemgmt 56-199] Attempt to get parsing info during refresh. "On-the-fly" syntax checking information may be incorrect. [C:\01_FPGA_Workspace\EthernetAX7A200B\ethernet_main\ethernet_main.gen\sources_1\bd\design_1\hdl\design_1_wrapper.v:]
WARNING: [filemgmt 56-199] Attempt to get parsing info during refresh. "On-the-fly" syntax checking information may be incorrect. [C:\01_FPGA_Workspace\EthernetAX7A200B\ethernet_main\ethernet_main.srcs\sources_1\new\ethernet_state_machine.v:]
WARNING: [filemgmt 56-199] Attempt to get parsing info during refresh. "On-the-fly" syntax checking information may be incorrect. [C:\01_FPGA_Workspace\EthernetAX7A200B\ethernet_main\ethernet_main.srcs\sources_1\new\ethernet_state_machine.v:]
ERROR: [Common 17-180] Spawn failed: Der Vorgang wurde erfolgreich beendet.

WARNING: [filemgmt 56-199] Attempt to get parsing info during refresh. "On-the-fly" syntax checking information may be incorrect. [C:\01_FPGA_Workspace\EthernetAX7A200B\ethernet_main\ethernet_main.srcs\sources_1\new\ethernet_state_machine.v:]
WARNING: [filemgmt 56-199] Attempt to get parsing info during refresh. "On-the-fly" syntax checking information may be incorrect. [C:\01_FPGA_Workspace\EthernetAX7A200B\ethernet_main\ethernet_main.gen\sources_1\bd\design_1\hdl\design_1_wrapper.v:]
WARNING: [filemgmt 56-199] Attempt to get parsing info during refresh. "On-the-fly" syntax checking information may be incorrect. [C:\01_FPGA_Workspace\EthernetAX7A200B\ethernet_main\ethernet_main.gen\sources_1\bd\design_1\hdl\design_1_wrapper.v:]
WARNING: [filemgmt 56-199] Attempt to get parsing info during refresh. "On-the-fly" syntax checking information may be incorrect. [C:\01_FPGA_Workspace\EthernetAX7A200B\ethernet_main\ethernet_main.gen\sources_1\bd\design_1\hdl\design_1_wrapper.v:]
ERROR: [Common 17-180] Spawn failed: Der Vorgang wurde erfolgreich beendet.

WARNING: [filemgmt 56-199] Attempt to get parsing info during refresh. "On-the-fly" syntax checking information may be incorrect. [C:\01_FPGA_Workspace\EthernetAX7A200B\ethernet_main\ethernet_main.srcs\sources_1\new\ethernet_state_machine.v:]
WARNING: [filemgmt 56-199] Attempt to get parsing info during refresh. "On-the-fly" syntax checking information may be incorrect. [C:\01_FPGA_Workspace\EthernetAX7A200B\ethernet_main\ethernet_main.gen\sources_1\bd\design_1\hdl\design_1_wrapper.v:]
WARNING: [filemgmt 56-199] Attempt to get parsing info during refresh. "On-the-fly" syntax checking information may be incorrect. [C:\01_FPGA_Workspace\EthernetAX7A200B\ethernet_main\ethernet_main.gen\sources_1\bd\design_1\hdl\design_1_wrapper.v:]
WARNING: [filemgmt 56-199] Attempt to get parsing info during refresh. "On-the-fly" syntax checking information may be incorrect. [C:\01_FPGA_Workspace\EthernetAX7A200B\ethernet_main\ethernet_main.gen\sources_1\bd\design_1\hdl\design_1_wrapper.v:]
ERROR: [Common 17-180] Spawn failed: Der Vorgang wurde erfolgreich beendet.

WARNING: [filemgmt 56-199] Attempt to get parsing info during refresh. "On-the-fly" syntax checking information may be incorrect. [C:\01_FPGA_Workspace\EthernetAX7A200B\ethernet_main\ethernet_main.srcs\sources_1\new\ethernet_state_machine.v:]
WARNING: [filemgmt 56-199] Attempt to get parsing info during refresh. "On-the-fly" syntax checking information may be incorrect. [C:\01_FPGA_Workspace\EthernetAX7A200B\ethernet_main\ethernet_main.gen\sources_1\bd\design_1\hdl\design_1_wrapper.v:]
WARNING: [filemgmt 56-199] Attempt to get parsing info during refresh. "On-the-fly" syntax checking information may be incorrect. [C:\01_FPGA_Workspace\EthernetAX7A200B\ethernet_main\ethernet_main.srcs\sources_1\new\ethernet_state_machine.v:]
WARNING: [filemgmt 56-199] Attempt to get parsing info during refresh. "On-the-fly" syntax checking information may be incorrect. [C:\01_FPGA_Workspace\EthernetAX7A200B\ethernet_main\ethernet_main.srcs\sources_1\new\ethernet_state_machine.v:]
WARNING: [filemgmt 56-199] Attempt to get parsing info during refresh. "On-the-fly" syntax checking information may be incorrect. [C:\01_FPGA_Workspace\EthernetAX7A200B\ethernet_main\ethernet_main.srcs\sources_1\new\ethernet_state_machine.v:]
WARNING: [filemgmt 56-199] Attempt to get parsing info during refresh. "On-the-fly" syntax checking information may be incorrect. [C:\01_FPGA_Workspace\EthernetAX7A200B\ethernet_main\ethernet_main.gen\sources_1\bd\design_1\hdl\design_1_wrapper.v:]
WARNING: [filemgmt 56-199] Attempt to get parsing info during refresh. "On-the-fly" syntax checking information may be incorrect. [C:\01_FPGA_Workspace\EthernetAX7A200B\ethernet_main\ethernet_main.gen\sources_1\bd\design_1\hdl\design_1_wrapper.v:]
WARNING: [filemgmt 56-199] Attempt to get parsing info during refresh. "On-the-fly" syntax checking information may be incorrect. [C:\01_FPGA_Workspace\EthernetAX7A200B\ethernet_main\ethernet_main.gen\sources_1\bd\design_1\hdl\design_1_wrapper.v:]
ERROR: [Common 17-180] Spawn failed: Der Vorgang wurde erfolgreich beendet.

WARNING: [filemgmt 56-199] Attempt to get parsing info during refresh. "On-the-fly" syntax checking information may be incorrect. [C:\01_FPGA_Workspace\EthernetAX7A200B\ethernet_main\ethernet_main.srcs\sources_1\new\ethernet_state_machine.v:]
WARNING: [filemgmt 56-199] Attempt to get parsing info during refresh. "On-the-fly" syntax checking information may be incorrect. [C:\01_FPGA_Workspace\EthernetAX7A200B\ethernet_main\ethernet_main.gen\sources_1\bd\design_1\hdl\design_1_wrapper.v:]
WARNING: [filemgmt 56-199] Attempt to get parsing info during refresh. "On-the-fly" syntax checking information may be incorrect. [C:\01_FPGA_Workspace\EthernetAX7A200B\ethernet_main\ethernet_main.gen\sources_1\bd\design_1\hdl\design_1_wrapper.v:]
WARNING: [filemgmt 56-199] Attempt to get parsing info during refresh. "On-the-fly" syntax checking information may be incorrect. [C:\01_FPGA_Workspace\EthernetAX7A200B\ethernet_main\ethernet_main.gen\sources_1\bd\design_1\hdl\design_1_wrapper.v:]
ERROR: [Common 17-180] Spawn failed: Der Vorgang wurde erfolgreich beendet.

WARNING: [filemgmt 56-199] Attempt to get parsing info during refresh. "On-the-fly" syntax checking information may be incorrect. [C:\01_FPGA_Workspace\EthernetAX7A200B\ethernet_main\ethernet_main.srcs\sources_1\new\ethernet_state_machine.v:]
WARNING: [filemgmt 56-199] Attempt to get parsing info during refresh. "On-the-fly" syntax checking information may be incorrect. [C:\01_FPGA_Workspace\EthernetAX7A200B\ethernet_main\ethernet_main.gen\sources_1\bd\design_1\hdl\design_1_wrapper.v:]
WARNING: [filemgmt 56-199] Attempt to get parsing info during refresh. "On-the-fly" syntax checking information may be incorrect. [C:\01_FPGA_Workspace\EthernetAX7A200B\ethernet_main\ethernet_main.srcs\sources_1\new\ethernet_state_machine.v:]
WARNING: [filemgmt 56-199] Attempt to get parsing info during refresh. "On-the-fly" syntax checking information may be incorrect. [C:\01_FPGA_Workspace\EthernetAX7A200B\ethernet_main\ethernet_main.srcs\sources_1\new\ethernet_state_machine.v:]
ERROR: [Common 17-180] Spawn failed: Der Vorgang wurde erfolgreich beendet.

WARNING: [filemgmt 56-199] Attempt to get parsing info during refresh. "On-the-fly" syntax checking information may be incorrect. [C:\01_FPGA_Workspace\EthernetAX7A200B\ethernet_main\ethernet_main.srcs\sources_1\new\ethernet_state_machine.v:]
WARNING: [filemgmt 56-199] Attempt to get parsing info during refresh. "On-the-fly" syntax checking information may be incorrect. [C:\01_FPGA_Workspace\EthernetAX7A200B\ethernet_main\ethernet_main.gen\sources_1\bd\design_1\hdl\design_1_wrapper.v:]
WARNING: [filemgmt 56-199] Attempt to get parsing info during refresh. "On-the-fly" syntax checking information may be incorrect. [C:\01_FPGA_Workspace\EthernetAX7A200B\ethernet_main\ethernet_main.gen\sources_1\bd\design_1\hdl\design_1_wrapper.v:]
WARNING: [filemgmt 56-199] Attempt to get parsing info during refresh. "On-the-fly" syntax checking information may be incorrect. [C:\01_FPGA_Workspace\EthernetAX7A200B\ethernet_main\ethernet_main.gen\sources_1\bd\design_1\hdl\design_1_wrapper.v:]
ERROR: [Common 17-180] Spawn failed: Der Vorgang wurde erfolgreich beendet.

WARNING: [filemgmt 56-199] Attempt to get parsing info during refresh. "On-the-fly" syntax checking information may be incorrect. [C:\01_FPGA_Workspace\EthernetAX7A200B\ethernet_main\ethernet_main.srcs\sources_1\new\ethernet_state_machine.v:]
WARNING: [filemgmt 56-199] Attempt to get parsing info during refresh. "On-the-fly" syntax checking information may be incorrect. [C:\01_FPGA_Workspace\EthernetAX7A200B\ethernet_main\ethernet_main.gen\sources_1\bd\design_1\hdl\design_1_wrapper.v:]
WARNING: [filemgmt 56-199] Attempt to get parsing info during refresh. "On-the-fly" syntax checking information may be incorrect. [C:\01_FPGA_Workspace\EthernetAX7A200B\ethernet_main\ethernet_main.srcs\sources_1\new\ethernet_state_machine.v:]
WARNING: [filemgmt 56-199] Attempt to get parsing info during refresh. "On-the-fly" syntax checking information may be incorrect. [C:\01_FPGA_Workspace\EthernetAX7A200B\ethernet_main\ethernet_main.srcs\sources_1\new\ethernet_state_machine.v:]
WARNING: [filemgmt 56-199] Attempt to get parsing info during refresh. "On-the-fly" syntax checking information may be incorrect. [C:\01_FPGA_Workspace\EthernetAX7A200B\ethernet_main\ethernet_main.srcs\sources_1\new\ethernet_state_machine.v:]
WARNING: [filemgmt 56-199] Attempt to get parsing info during refresh. "On-the-fly" syntax checking information may be incorrect. [C:\01_FPGA_Workspace\EthernetAX7A200B\ethernet_main\ethernet_main.gen\sources_1\bd\design_1\hdl\design_1_wrapper.v:]
WARNING: [filemgmt 56-199] Attempt to get parsing info during refresh. "On-the-fly" syntax checking information may be incorrect. [C:\01_FPGA_Workspace\EthernetAX7A200B\ethernet_main\ethernet_main.gen\sources_1\bd\design_1\hdl\design_1_wrapper.v:]
WARNING: [filemgmt 56-199] Attempt to get parsing info during refresh. "On-the-fly" syntax checking information may be incorrect. [C:\01_FPGA_Workspace\EthernetAX7A200B\ethernet_main\ethernet_main.gen\sources_1\bd\design_1\hdl\design_1_wrapper.v:]
ERROR: [Common 17-180] Spawn failed: Der Vorgang wurde erfolgreich beendet.

WARNING: [filemgmt 56-199] Attempt to get parsing info during refresh. "On-the-fly" syntax checking information may be incorrect. [C:\01_FPGA_Workspace\EthernetAX7A200B\ethernet_main\ethernet_main.srcs\sources_1\new\ethernet_state_machine.v:]
WARNING: [filemgmt 56-199] Attempt to get parsing info during refresh. "On-the-fly" syntax checking information may be incorrect. [C:\01_FPGA_Workspace\EthernetAX7A200B\ethernet_main\ethernet_main.gen\sources_1\bd\design_1\hdl\design_1_wrapper.v:]
WARNING: [filemgmt 56-199] Attempt to get parsing info during refresh. "On-the-fly" syntax checking information may be incorrect. [C:\01_FPGA_Workspace\EthernetAX7A200B\ethernet_main\ethernet_main.srcs\sources_1\new\ethernet_state_machine.v:]
WARNING: [filemgmt 56-199] Attempt to get parsing info during refresh. "On-the-fly" syntax checking information may be incorrect. [C:\01_FPGA_Workspace\EthernetAX7A200B\ethernet_main\ethernet_main.srcs\sources_1\new\ethernet_state_machine.v:]
ERROR: [Common 17-180] Spawn failed: Der Vorgang wurde erfolgreich beendet.

WARNING: [filemgmt 56-199] Attempt to get parsing info during refresh. "On-the-fly" syntax checking information may be incorrect. [C:\01_FPGA_Workspace\EthernetAX7A200B\ethernet_main\ethernet_main.srcs\sources_1\new\ethernet_state_machine.v:]
WARNING: [filemgmt 56-199] Attempt to get parsing info during refresh. "On-the-fly" syntax checking information may be incorrect. [C:\01_FPGA_Workspace\EthernetAX7A200B\ethernet_main\ethernet_main.gen\sources_1\bd\design_1\hdl\design_1_wrapper.v:]
WARNING: [filemgmt 56-199] Attempt to get parsing info during refresh. "On-the-fly" syntax checking information may be incorrect. [C:\01_FPGA_Workspace\EthernetAX7A200B\ethernet_main\ethernet_main.gen\sources_1\bd\design_1\hdl\design_1_wrapper.v:]
WARNING: [filemgmt 56-199] Attempt to get parsing info during refresh. "On-the-fly" syntax checking information may be incorrect. [C:\01_FPGA_Workspace\EthernetAX7A200B\ethernet_main\ethernet_main.gen\sources_1\bd\design_1\hdl\design_1_wrapper.v:]
ERROR: [Common 17-180] Spawn failed: Der Vorgang wurde erfolgreich beendet.

WARNING: [filemgmt 56-199] Attempt to get parsing info during refresh. "On-the-fly" syntax checking information may be incorrect. [C:\01_FPGA_Workspace\EthernetAX7A200B\ethernet_main\ethernet_main.srcs\sources_1\new\ethernet_state_machine.v:]
WARNING: [filemgmt 56-199] Attempt to get parsing info during refresh. "On-the-fly" syntax checking information may be incorrect. [C:\01_FPGA_Workspace\EthernetAX7A200B\ethernet_main\ethernet_main.gen\sources_1\bd\design_1\hdl\design_1_wrapper.v:]
WARNING: [filemgmt 56-199] Attempt to get parsing info during refresh. "On-the-fly" syntax checking information may be incorrect. [C:\01_FPGA_Workspace\EthernetAX7A200B\ethernet_main\ethernet_main.gen\sources_1\bd\design_1\hdl\design_1_wrapper.v:]
WARNING: [filemgmt 56-199] Attempt to get parsing info during refresh. "On-the-fly" syntax checking information may be incorrect. [C:\01_FPGA_Workspace\EthernetAX7A200B\ethernet_main\ethernet_main.gen\sources_1\bd\design_1\hdl\design_1_wrapper.v:]
WARNING: [filemgmt 56-199] Attempt to get parsing info during refresh. "On-the-fly" syntax checking information may be incorrect. [C:\01_FPGA_Workspace\EthernetAX7A200B\ethernet_main\ethernet_main.srcs\sources_1\new\ethernet_state_machine.v:]
WARNING: [filemgmt 56-199] Attempt to get parsing info during refresh. "On-the-fly" syntax checking information may be incorrect. [C:\01_FPGA_Workspace\EthernetAX7A200B\ethernet_main\ethernet_main.gen\sources_1\bd\design_1\hdl\design_1_wrapper.v:]
WARNING: [filemgmt 56-199] Attempt to get parsing info during refresh. "On-the-fly" syntax checking information may be incorrect. [C:\01_FPGA_Workspace\EthernetAX7A200B\ethernet_main\ethernet_main.gen\sources_1\bd\design_1\hdl\design_1_wrapper.v:]
WARNING: [filemgmt 56-199] Attempt to get parsing info during refresh. "On-the-fly" syntax checking information may be incorrect. [C:\01_FPGA_Workspace\EthernetAX7A200B\ethernet_main\ethernet_main.gen\sources_1\bd\design_1\hdl\design_1_wrapper.v:]
WARNING: [filemgmt 56-199] Attempt to get parsing info during refresh. "On-the-fly" syntax checking information may be incorrect. [C:\01_FPGA_Workspace\EthernetAX7A200B\ethernet_main\ethernet_main.srcs\sources_1\new\ethernet_state_machine.v:]
WARNING: [filemgmt 56-199] Attempt to get parsing info during refresh. "On-the-fly" syntax checking information may be incorrect. [C:\01_FPGA_Workspace\EthernetAX7A200B\ethernet_main\ethernet_main.gen\sources_1\bd\design_1\hdl\design_1_wrapper.v:]
WARNING: [filemgmt 56-199] Attempt to get parsing info during refresh. "On-the-fly" syntax checking information may be incorrect. [C:\01_FPGA_Workspace\EthernetAX7A200B\ethernet_main\ethernet_main.gen\sources_1\bd\design_1\hdl\design_1_wrapper.v:]
WARNING: [filemgmt 56-199] Attempt to get parsing info during refresh. "On-the-fly" syntax checking information may be incorrect. [C:\01_FPGA_Workspace\EthernetAX7A200B\ethernet_main\ethernet_main.gen\sources_1\bd\design_1\hdl\design_1_wrapper.v:]
ERROR: [Common 17-180] Spawn failed: Der Vorgang wurde erfolgreich beendet.

WARNING: [filemgmt 56-199] Attempt to get parsing info during refresh. "On-the-fly" syntax checking information may be incorrect. [C:\01_FPGA_Workspace\EthernetAX7A200B\ethernet_main\ethernet_main.srcs\sources_1\new\ethernet_state_machine.v:]
WARNING: [filemgmt 56-199] Attempt to get parsing info during refresh. "On-the-fly" syntax checking information may be incorrect. [C:\01_FPGA_Workspace\EthernetAX7A200B\ethernet_main\ethernet_main.gen\sources_1\bd\design_1\hdl\design_1_wrapper.v:]
WARNING: [filemgmt 56-199] Attempt to get parsing info during refresh. "On-the-fly" syntax checking information may be incorrect. [C:\01_FPGA_Workspace\EthernetAX7A200B\ethernet_main\ethernet_main.gen\sources_1\bd\design_1\hdl\design_1_wrapper.v:]
WARNING: [filemgmt 56-199] Attempt to get parsing info during refresh. "On-the-fly" syntax checking information may be incorrect. [C:\01_FPGA_Workspace\EthernetAX7A200B\ethernet_main\ethernet_main.gen\sources_1\bd\design_1\hdl\design_1_wrapper.v:]
ERROR: [Common 17-180] Spawn failed: Der Vorgang wurde erfolgreich beendet.

WARNING: [filemgmt 56-199] Attempt to get parsing info during refresh. "On-the-fly" syntax checking information may be incorrect. [C:\01_FPGA_Workspace\EthernetAX7A200B\ethernet_main\ethernet_main.srcs\sources_1\new\ethernet_state_machine.v:]
WARNING: [filemgmt 56-199] Attempt to get parsing info during refresh. "On-the-fly" syntax checking information may be incorrect. [C:\01_FPGA_Workspace\EthernetAX7A200B\ethernet_main\ethernet_main.gen\sources_1\bd\design_1\hdl\design_1_wrapper.v:]
WARNING: [filemgmt 56-199] Attempt to get parsing info during refresh. "On-the-fly" syntax checking information may be incorrect. [C:\01_FPGA_Workspace\EthernetAX7A200B\ethernet_main\ethernet_main.gen\sources_1\bd\design_1\hdl\design_1_wrapper.v:]
WARNING: [filemgmt 56-199] Attempt to get parsing info during refresh. "On-the-fly" syntax checking information may be incorrect. [C:\01_FPGA_Workspace\EthernetAX7A200B\ethernet_main\ethernet_main.gen\sources_1\bd\design_1\hdl\design_1_wrapper.v:]
ERROR: [Common 17-180] Spawn failed: Der Vorgang wurde erfolgreich beendet.

WARNING: [filemgmt 56-199] Attempt to get parsing info during refresh. "On-the-fly" syntax checking information may be incorrect. [C:\01_FPGA_Workspace\EthernetAX7A200B\ethernet_main\ethernet_main.srcs\sources_1\new\ethernet_state_machine.v:]
WARNING: [filemgmt 56-199] Attempt to get parsing info during refresh. "On-the-fly" syntax checking information may be incorrect. [C:\01_FPGA_Workspace\EthernetAX7A200B\ethernet_main\ethernet_main.gen\sources_1\bd\design_1\hdl\design_1_wrapper.v:]
WARNING: [filemgmt 56-199] Attempt to get parsing info during refresh. "On-the-fly" syntax checking information may be incorrect. [C:\01_FPGA_Workspace\EthernetAX7A200B\ethernet_main\ethernet_main.gen\sources_1\bd\design_1\hdl\design_1_wrapper.v:]
WARNING: [filemgmt 56-199] Attempt to get parsing info during refresh. "On-the-fly" syntax checking information may be incorrect. [C:\01_FPGA_Workspace\EthernetAX7A200B\ethernet_main\ethernet_main.gen\sources_1\bd\design_1\hdl\design_1_wrapper.v:]
ERROR: [Common 17-180] Spawn failed: Der Vorgang wurde erfolgreich beendet.

WARNING: [filemgmt 56-199] Attempt to get parsing info during refresh. "On-the-fly" syntax checking information may be incorrect. [C:\01_FPGA_Workspace\EthernetAX7A200B\ethernet_main\ethernet_main.srcs\sources_1\new\ethernet_state_machine.v:]
WARNING: [filemgmt 56-199] Attempt to get parsing info during refresh. "On-the-fly" syntax checking information may be incorrect. [C:\01_FPGA_Workspace\EthernetAX7A200B\ethernet_main\ethernet_main.gen\sources_1\bd\design_1\hdl\design_1_wrapper.v:]
WARNING: [filemgmt 56-199] Attempt to get parsing info during refresh. "On-the-fly" syntax checking information may be incorrect. [C:\01_FPGA_Workspace\EthernetAX7A200B\ethernet_main\ethernet_main.gen\sources_1\bd\design_1\hdl\design_1_wrapper.v:]
WARNING: [filemgmt 56-199] Attempt to get parsing info during refresh. "On-the-fly" syntax checking information may be incorrect. [C:\01_FPGA_Workspace\EthernetAX7A200B\ethernet_main\ethernet_main.gen\sources_1\bd\design_1\hdl\design_1_wrapper.v:]
ERROR: [Common 17-180] Spawn failed: Der Vorgang wurde erfolgreich beendet.

WARNING: [filemgmt 56-199] Attempt to get parsing info during refresh. "On-the-fly" syntax checking information may be incorrect. [C:\01_FPGA_Workspace\EthernetAX7A200B\ethernet_main\ethernet_main.srcs\sources_1\new\ethernet_state_machine.v:]
WARNING: [filemgmt 56-199] Attempt to get parsing info during refresh. "On-the-fly" syntax checking information may be incorrect. [C:\01_FPGA_Workspace\EthernetAX7A200B\ethernet_main\ethernet_main.gen\sources_1\bd\design_1\hdl\design_1_wrapper.v:]
WARNING: [filemgmt 56-199] Attempt to get parsing info during refresh. "On-the-fly" syntax checking information may be incorrect. [C:\01_FPGA_Workspace\EthernetAX7A200B\ethernet_main\ethernet_main.srcs\sources_1\new\ethernet_state_machine.v:]
WARNING: [filemgmt 56-199] Attempt to get parsing info during refresh. "On-the-fly" syntax checking information may be incorrect. [C:\01_FPGA_Workspace\EthernetAX7A200B\ethernet_main\ethernet_main.srcs\sources_1\new\ethernet_state_machine.v:]
ERROR: [Common 17-180] Spawn failed: Der Vorgang wurde erfolgreich beendet.

WARNING: [filemgmt 56-199] Attempt to get parsing info during refresh. "On-the-fly" syntax checking information may be incorrect. [C:\01_FPGA_Workspace\EthernetAX7A200B\ethernet_main\ethernet_main.srcs\sources_1\new\ethernet_state_machine.v:]
WARNING: [filemgmt 56-199] Attempt to get parsing info during refresh. "On-the-fly" syntax checking information may be incorrect. [C:\01_FPGA_Workspace\EthernetAX7A200B\ethernet_main\ethernet_main.gen\sources_1\bd\design_1\hdl\design_1_wrapper.v:]
WARNING: [filemgmt 56-199] Attempt to get parsing info during refresh. "On-the-fly" syntax checking information may be incorrect. [C:\01_FPGA_Workspace\EthernetAX7A200B\ethernet_main\ethernet_main.gen\sources_1\bd\design_1\hdl\design_1_wrapper.v:]
WARNING: [filemgmt 56-199] Attempt to get parsing info during refresh. "On-the-fly" syntax checking information may be incorrect. [C:\01_FPGA_Workspace\EthernetAX7A200B\ethernet_main\ethernet_main.gen\sources_1\bd\design_1\hdl\design_1_wrapper.v:]
ERROR: [Common 17-180] Spawn failed: Der Vorgang wurde erfolgreich beendet.

WARNING: [filemgmt 56-199] Attempt to get parsing info during refresh. "On-the-fly" syntax checking information may be incorrect. [C:\01_FPGA_Workspace\EthernetAX7A200B\ethernet_main\ethernet_main.srcs\sources_1\new\ethernet_state_machine.v:]
WARNING: [filemgmt 56-199] Attempt to get parsing info during refresh. "On-the-fly" syntax checking information may be incorrect. [C:\01_FPGA_Workspace\EthernetAX7A200B\ethernet_main\ethernet_main.gen\sources_1\bd\design_1\hdl\design_1_wrapper.v:]
WARNING: [filemgmt 56-199] Attempt to get parsing info during refresh. "On-the-fly" syntax checking information may be incorrect. [C:\01_FPGA_Workspace\EthernetAX7A200B\ethernet_main\ethernet_main.gen\sources_1\bd\design_1\hdl\design_1_wrapper.v:]
WARNING: [filemgmt 56-199] Attempt to get parsing info during refresh. "On-the-fly" syntax checking information may be incorrect. [C:\01_FPGA_Workspace\EthernetAX7A200B\ethernet_main\ethernet_main.gen\sources_1\bd\design_1\hdl\design_1_wrapper.v:]
ERROR: [Common 17-180] Spawn failed: Der Vorgang wurde erfolgreich beendet.

WARNING: [filemgmt 56-199] Attempt to get parsing info during refresh. "On-the-fly" syntax checking information may be incorrect. [C:\01_FPGA_Workspace\EthernetAX7A200B\ethernet_main\ethernet_main.srcs\sources_1\new\ethernet_state_machine.v:]
WARNING: [filemgmt 56-199] Attempt to get parsing info during refresh. "On-the-fly" syntax checking information may be incorrect. [C:\01_FPGA_Workspace\EthernetAX7A200B\ethernet_main\ethernet_main.gen\sources_1\bd\design_1\hdl\design_1_wrapper.v:]
WARNING: [filemgmt 56-199] Attempt to get parsing info during refresh. "On-the-fly" syntax checking information may be incorrect. [C:\01_FPGA_Workspace\EthernetAX7A200B\ethernet_main\ethernet_main.srcs\sources_1\new\ethernet_state_machine.v:]
WARNING: [filemgmt 56-199] Attempt to get parsing info during refresh. "On-the-fly" syntax checking information may be incorrect. [C:\01_FPGA_Workspace\EthernetAX7A200B\ethernet_main\ethernet_main.srcs\sources_1\new\ethernet_state_machine.v:]
ERROR: [Common 17-180] Spawn failed: Der Vorgang wurde erfolgreich beendet.

WARNING: [filemgmt 56-199] Attempt to get parsing info during refresh. "On-the-fly" syntax checking information may be incorrect. [C:\01_FPGA_Workspace\EthernetAX7A200B\ethernet_main\ethernet_main.srcs\sources_1\new\ethernet_state_machine.v:]
WARNING: [filemgmt 56-199] Attempt to get parsing info during refresh. "On-the-fly" syntax checking information may be incorrect. [C:\01_FPGA_Workspace\EthernetAX7A200B\ethernet_main\ethernet_main.gen\sources_1\bd\design_1\hdl\design_1_wrapper.v:]
WARNING: [filemgmt 56-199] Attempt to get parsing info during refresh. "On-the-fly" syntax checking information may be incorrect. [C:\01_FPGA_Workspace\EthernetAX7A200B\ethernet_main\ethernet_main.gen\sources_1\bd\design_1\hdl\design_1_wrapper.v:]
WARNING: [filemgmt 56-199] Attempt to get parsing info during refresh. "On-the-fly" syntax checking information may be incorrect. [C:\01_FPGA_Workspace\EthernetAX7A200B\ethernet_main\ethernet_main.gen\sources_1\bd\design_1\hdl\design_1_wrapper.v:]
ERROR: [Common 17-180] Spawn failed: Der Vorgang wurde erfolgreich beendet.

WARNING: [filemgmt 56-199] Attempt to get parsing info during refresh. "On-the-fly" syntax checking information may be incorrect. [C:\01_FPGA_Workspace\EthernetAX7A200B\ethernet_main\ethernet_main.srcs\sources_1\new\ethernet_state_machine.v:]
WARNING: [filemgmt 56-199] Attempt to get parsing info during refresh. "On-the-fly" syntax checking information may be incorrect. [C:\01_FPGA_Workspace\EthernetAX7A200B\ethernet_main\ethernet_main.gen\sources_1\bd\design_1\hdl\design_1_wrapper.v:]
WARNING: [filemgmt 56-199] Attempt to get parsing info during refresh. "On-the-fly" syntax checking information may be incorrect. [C:\01_FPGA_Workspace\EthernetAX7A200B\ethernet_main\ethernet_main.srcs\sources_1\new\ethernet_state_machine.v:]
WARNING: [filemgmt 56-199] Attempt to get parsing info during refresh. "On-the-fly" syntax checking information may be incorrect. [C:\01_FPGA_Workspace\EthernetAX7A200B\ethernet_main\ethernet_main.srcs\sources_1\new\ethernet_state_machine.v:]
ERROR: [Common 17-180] Spawn failed: Der Vorgang wurde erfolgreich beendet.

WARNING: [filemgmt 56-199] Attempt to get parsing info during refresh. "On-the-fly" syntax checking information may be incorrect. [C:\01_FPGA_Workspace\EthernetAX7A200B\ethernet_main\ethernet_main.srcs\sources_1\new\ethernet_state_machine.v:]
WARNING: [filemgmt 56-199] Attempt to get parsing info during refresh. "On-the-fly" syntax checking information may be incorrect. [C:\01_FPGA_Workspace\EthernetAX7A200B\ethernet_main\ethernet_main.gen\sources_1\bd\design_1\hdl\design_1_wrapper.v:]
WARNING: [filemgmt 56-199] Attempt to get parsing info during refresh. "On-the-fly" syntax checking information may be incorrect. [C:\01_FPGA_Workspace\EthernetAX7A200B\ethernet_main\ethernet_main.gen\sources_1\bd\design_1\hdl\design_1_wrapper.v:]
WARNING: [filemgmt 56-199] Attempt to get parsing info during refresh. "On-the-fly" syntax checking information may be incorrect. [C:\01_FPGA_Workspace\EthernetAX7A200B\ethernet_main\ethernet_main.gen\sources_1\bd\design_1\hdl\design_1_wrapper.v:]
ERROR: [Common 17-180] Spawn failed: Der Vorgang wurde erfolgreich beendet.

WARNING: [filemgmt 56-199] Attempt to get parsing info during refresh. "On-the-fly" syntax checking information may be incorrect. [C:\01_FPGA_Workspace\EthernetAX7A200B\ethernet_main\ethernet_main.srcs\sources_1\new\ethernet_state_machine.v:]
WARNING: [filemgmt 56-199] Attempt to get parsing info during refresh. "On-the-fly" syntax checking information may be incorrect. [C:\01_FPGA_Workspace\EthernetAX7A200B\ethernet_main\ethernet_main.gen\sources_1\bd\design_1\hdl\design_1_wrapper.v:]
WARNING: [filemgmt 56-199] Attempt to get parsing info during refresh. "On-the-fly" syntax checking information may be incorrect. [C:\01_FPGA_Workspace\EthernetAX7A200B\ethernet_main\ethernet_main.gen\sources_1\bd\design_1\hdl\design_1_wrapper.v:]
WARNING: [filemgmt 56-199] Attempt to get parsing info during refresh. "On-the-fly" syntax checking information may be incorrect. [C:\01_FPGA_Workspace\EthernetAX7A200B\ethernet_main\ethernet_main.gen\sources_1\bd\design_1\hdl\design_1_wrapper.v:]
ERROR: [Common 17-180] Spawn failed: Der Vorgang wurde erfolgreich beendet.

WARNING: [filemgmt 56-199] Attempt to get parsing info during refresh. "On-the-fly" syntax checking information may be incorrect. [C:\01_FPGA_Workspace\EthernetAX7A200B\ethernet_main\ethernet_main.srcs\sources_1\new\ethernet_state_machine.v:]
WARNING: [filemgmt 56-199] Attempt to get parsing info during refresh. "On-the-fly" syntax checking information may be incorrect. [C:\01_FPGA_Workspace\EthernetAX7A200B\ethernet_main\ethernet_main.gen\sources_1\bd\design_1\hdl\design_1_wrapper.v:]
WARNING: [filemgmt 56-199] Attempt to get parsing info during refresh. "On-the-fly" syntax checking information may be incorrect. [C:\01_FPGA_Workspace\EthernetAX7A200B\ethernet_main\ethernet_main.gen\sources_1\bd\design_1\hdl\design_1_wrapper.v:]
WARNING: [filemgmt 56-199] Attempt to get parsing info during refresh. "On-the-fly" syntax checking information may be incorrect. [C:\01_FPGA_Workspace\EthernetAX7A200B\ethernet_main\ethernet_main.gen\sources_1\bd\design_1\hdl\design_1_wrapper.v:]
ERROR: [Common 17-180] Spawn failed: Der Vorgang wurde erfolgreich beendet.

WARNING: [filemgmt 56-199] Attempt to get parsing info during refresh. "On-the-fly" syntax checking information may be incorrect. [C:\01_FPGA_Workspace\EthernetAX7A200B\ethernet_main\ethernet_main.srcs\sources_1\new\ethernet_state_machine.v:]
WARNING: [filemgmt 56-199] Attempt to get parsing info during refresh. "On-the-fly" syntax checking information may be incorrect. [C:\01_FPGA_Workspace\EthernetAX7A200B\ethernet_main\ethernet_main.gen\sources_1\bd\design_1\hdl\design_1_wrapper.v:]
WARNING: [filemgmt 56-199] Attempt to get parsing info during refresh. "On-the-fly" syntax checking information may be incorrect. [C:\01_FPGA_Workspace\EthernetAX7A200B\ethernet_main\ethernet_main.srcs\sources_1\new\ethernet_state_machine.v:]
WARNING: [filemgmt 56-199] Attempt to get parsing info during refresh. "On-the-fly" syntax checking information may be incorrect. [C:\01_FPGA_Workspace\EthernetAX7A200B\ethernet_main\ethernet_main.srcs\sources_1\new\ethernet_state_machine.v:]
ERROR: [Common 17-180] Spawn failed: Der Vorgang wurde erfolgreich beendet.

WARNING: [filemgmt 56-199] Attempt to get parsing info during refresh. "On-the-fly" syntax checking information may be incorrect. [C:\01_FPGA_Workspace\EthernetAX7A200B\ethernet_main\ethernet_main.srcs\sources_1\new\ethernet_state_machine.v:]
WARNING: [filemgmt 56-199] Attempt to get parsing info during refresh. "On-the-fly" syntax checking information may be incorrect. [C:\01_FPGA_Workspace\EthernetAX7A200B\ethernet_main\ethernet_main.gen\sources_1\bd\design_1\hdl\design_1_wrapper.v:]
WARNING: [filemgmt 56-199] Attempt to get parsing info during refresh. "On-the-fly" syntax checking information may be incorrect. [C:\01_FPGA_Workspace\EthernetAX7A200B\ethernet_main\ethernet_main.gen\sources_1\bd\design_1\hdl\design_1_wrapper.v:]
WARNING: [filemgmt 56-199] Attempt to get parsing info during refresh. "On-the-fly" syntax checking information may be incorrect. [C:\01_FPGA_Workspace\EthernetAX7A200B\ethernet_main\ethernet_main.gen\sources_1\bd\design_1\hdl\design_1_wrapper.v:]
WARNING: [filemgmt 56-199] Attempt to get parsing info during refresh. "On-the-fly" syntax checking information may be incorrect. [C:\01_FPGA_Workspace\EthernetAX7A200B\ethernet_main\ethernet_main.srcs\sources_1\new\ethernet_state_machine.v:]
WARNING: [filemgmt 56-199] Attempt to get parsing info during refresh. "On-the-fly" syntax checking information may be incorrect. [C:\01_FPGA_Workspace\EthernetAX7A200B\ethernet_main\ethernet_main.gen\sources_1\bd\design_1\hdl\design_1_wrapper.v:]
WARNING: [filemgmt 56-199] Attempt to get parsing info during refresh. "On-the-fly" syntax checking information may be incorrect. [C:\01_FPGA_Workspace\EthernetAX7A200B\ethernet_main\ethernet_main.gen\sources_1\bd\design_1\hdl\design_1_wrapper.v:]
WARNING: [filemgmt 56-199] Attempt to get parsing info during refresh. "On-the-fly" syntax checking information may be incorrect. [C:\01_FPGA_Workspace\EthernetAX7A200B\ethernet_main\ethernet_main.gen\sources_1\bd\design_1\hdl\design_1_wrapper.v:]
ERROR: [Common 17-180] Spawn failed: Der Vorgang wurde erfolgreich beendet.

open_bd_design {C:/01_FPGA_Workspace/EthernetAX7A200B/ethernet_main/ethernet_main.srcs/sources_1/bd/design_1/design_1.bd}
create_bd_cell -type module -reference udp_state_machine udp_state_machine_0
INFO: [IP_Flow 19-5107] Inferred bus interface 'i_eth_clk' of definition 'xilinx.com:signal:clock:1.0' (from Xilinx Repository).
WARNING: [IP_Flow 19-5661] Bus Interface 'i_eth_clk' does not have any bus interfaces associated with it.
WARNING: [IP_Flow 19-11770] Clock interface 'i_eth_clk' has no FREQ_HZ parameter.
connect_bd_net [get_bd_ports i_eth_clk] [get_bd_pins udp_state_machine_0/i_eth_clk]
connect_bd_net [get_bd_pins udp_state_machine_0/i_data_byte] [get_bd_pins rgmii_rx_0/o_data]
set_property location {1.5 344 -30} [get_bd_cells udp_state_machine_0]
WARNING: [filemgmt 56-199] Attempt to get parsing info during refresh. "On-the-fly" syntax checking information may be incorrect. [C:\01_FPGA_Workspace\EthernetAX7A200B\ethernet_main\ethernet_main.srcs\sources_1\new\ethernet_state_machine.v:]
WARNING: [filemgmt 56-199] Attempt to get parsing info during refresh. "On-the-fly" syntax checking information may be incorrect. [C:\01_FPGA_Workspace\EthernetAX7A200B\ethernet_main\ethernet_main.gen\sources_1\bd\design_1\hdl\design_1_wrapper.v:]
WARNING: [filemgmt 56-199] Attempt to get parsing info during refresh. "On-the-fly" syntax checking information may be incorrect. [C:\01_FPGA_Workspace\EthernetAX7A200B\ethernet_main\ethernet_main.srcs\sources_1\new\udp_state_machine.v:]
WARNING: [filemgmt 56-199] Attempt to get parsing info during refresh. "On-the-fly" syntax checking information may be incorrect. [C:\01_FPGA_Workspace\EthernetAX7A200B\ethernet_main\ethernet_main.srcs\sources_1\new\ethernet_state_machine.v:]
WARNING: [filemgmt 56-199] Attempt to get parsing info during refresh. "On-the-fly" syntax checking information may be incorrect. [C:\01_FPGA_Workspace\EthernetAX7A200B\ethernet_main\ethernet_main.srcs\sources_1\new\ethernet_state_machine.v:]
WARNING: [filemgmt 56-199] Attempt to get parsing info during refresh. "On-the-fly" syntax checking information may be incorrect. [C:\01_FPGA_Workspace\EthernetAX7A200B\ethernet_main\ethernet_main.srcs\sources_1\new\ethernet_state_machine.v:]
WARNING: [filemgmt 56-199] Attempt to get parsing info during refresh. "On-the-fly" syntax checking information may be incorrect. [C:\01_FPGA_Workspace\EthernetAX7A200B\ethernet_main\ethernet_main.gen\sources_1\bd\design_1\hdl\design_1_wrapper.v:]
WARNING: [filemgmt 56-199] Attempt to get parsing info during refresh. "On-the-fly" syntax checking information may be incorrect. [C:\01_FPGA_Workspace\EthernetAX7A200B\ethernet_main\ethernet_main.srcs\sources_1\new\udp_state_machine.v:]
WARNING: [filemgmt 56-199] Attempt to get parsing info during refresh. "On-the-fly" syntax checking information may be incorrect. [C:\01_FPGA_Workspace\EthernetAX7A200B\ethernet_main\ethernet_main.srcs\sources_1\new\udp_state_machine.v:]
WARNING: [filemgmt 56-199] Attempt to get parsing info during refresh. "On-the-fly" syntax checking information may be incorrect. [C:\01_FPGA_Workspace\EthernetAX7A200B\ethernet_main\ethernet_main.srcs\sources_1\new\udp_state_machine.v:]
WARNING: [filemgmt 56-199] Attempt to get parsing info during refresh. "On-the-fly" syntax checking information may be incorrect. [C:\01_FPGA_Workspace\EthernetAX7A200B\ethernet_main\ethernet_main.srcs\sources_1\new\ethernet_state_machine.v:]
WARNING: [filemgmt 56-199] Attempt to get parsing info during refresh. "On-the-fly" syntax checking information may be incorrect. [C:\01_FPGA_Workspace\EthernetAX7A200B\ethernet_main\ethernet_main.gen\sources_1\bd\design_1\hdl\design_1_wrapper.v:]
WARNING: [filemgmt 56-199] Attempt to get parsing info during refresh. "On-the-fly" syntax checking information may be incorrect. [C:\01_FPGA_Workspace\EthernetAX7A200B\ethernet_main\ethernet_main.srcs\sources_1\new\udp_state_machine.v:]
WARNING: [filemgmt 56-199] Attempt to get parsing info during refresh. "On-the-fly" syntax checking information may be incorrect. [C:\01_FPGA_Workspace\EthernetAX7A200B\ethernet_main\ethernet_main.gen\sources_1\bd\design_1\hdl\design_1_wrapper.v:]
WARNING: [filemgmt 56-199] Attempt to get parsing info during refresh. "On-the-fly" syntax checking information may be incorrect. [C:\01_FPGA_Workspace\EthernetAX7A200B\ethernet_main\ethernet_main.gen\sources_1\bd\design_1\hdl\design_1_wrapper.v:]
WARNING: [filemgmt 56-199] Attempt to get parsing info during refresh. "On-the-fly" syntax checking information may be incorrect. [C:\01_FPGA_Workspace\EthernetAX7A200B\ethernet_main\ethernet_main.srcs\sources_1\new\ethernet_state_machine.v:]
WARNING: [filemgmt 56-199] Attempt to get parsing info during refresh. "On-the-fly" syntax checking information may be incorrect. [C:\01_FPGA_Workspace\EthernetAX7A200B\ethernet_main\ethernet_main.gen\sources_1\bd\design_1\hdl\design_1_wrapper.v:]
WARNING: [filemgmt 56-199] Attempt to get parsing info during refresh. "On-the-fly" syntax checking information may be incorrect. [C:\01_FPGA_Workspace\EthernetAX7A200B\ethernet_main\ethernet_main.srcs\sources_1\new\udp_state_machine.v:]
WARNING: [filemgmt 56-199] Attempt to get parsing info during refresh. "On-the-fly" syntax checking information may be incorrect. [C:\01_FPGA_Workspace\EthernetAX7A200B\ethernet_main\ethernet_main.srcs\sources_1\new\ethernet_state_machine.v:]
WARNING: [filemgmt 56-199] Attempt to get parsing info during refresh. "On-the-fly" syntax checking information may be incorrect. [C:\01_FPGA_Workspace\EthernetAX7A200B\ethernet_main\ethernet_main.srcs\sources_1\new\ethernet_state_machine.v:]
WARNING: [filemgmt 56-199] Attempt to get parsing info during refresh. "On-the-fly" syntax checking information may be incorrect. [C:\01_FPGA_Workspace\EthernetAX7A200B\ethernet_main\ethernet_main.srcs\sources_1\new\ethernet_state_machine.v:]
WARNING: [filemgmt 56-199] Attempt to get parsing info during refresh. "On-the-fly" syntax checking information may be incorrect. [C:\01_FPGA_Workspace\EthernetAX7A200B\ethernet_main\ethernet_main.gen\sources_1\bd\design_1\hdl\design_1_wrapper.v:]
WARNING: [filemgmt 56-199] Attempt to get parsing info during refresh. "On-the-fly" syntax checking information may be incorrect. [C:\01_FPGA_Workspace\EthernetAX7A200B\ethernet_main\ethernet_main.srcs\sources_1\new\udp_state_machine.v:]
WARNING: [filemgmt 56-199] Attempt to get parsing info during refresh. "On-the-fly" syntax checking information may be incorrect. [C:\01_FPGA_Workspace\EthernetAX7A200B\ethernet_main\ethernet_main.srcs\sources_1\new\ethernet_state_machine.v:]
WARNING: [filemgmt 56-199] Attempt to get parsing info during refresh. "On-the-fly" syntax checking information may be incorrect. [C:\01_FPGA_Workspace\EthernetAX7A200B\ethernet_main\ethernet_main.srcs\sources_1\new\ethernet_state_machine.v:]
WARNING: [filemgmt 56-199] Attempt to get parsing info during refresh. "On-the-fly" syntax checking information may be incorrect. [C:\01_FPGA_Workspace\EthernetAX7A200B\ethernet_main\ethernet_main.srcs\sources_1\new\ethernet_state_machine.v:]
WARNING: [filemgmt 56-199] Attempt to get parsing info during refresh. "On-the-fly" syntax checking information may be incorrect. [C:\01_FPGA_Workspace\EthernetAX7A200B\ethernet_main\ethernet_main.gen\sources_1\bd\design_1\hdl\design_1_wrapper.v:]
WARNING: [filemgmt 56-199] Attempt to get parsing info during refresh. "On-the-fly" syntax checking information may be incorrect. [C:\01_FPGA_Workspace\EthernetAX7A200B\ethernet_main\ethernet_main.srcs\sources_1\new\udp_state_machine.v:]
WARNING: [filemgmt 56-199] Attempt to get parsing info during refresh. "On-the-fly" syntax checking information may be incorrect. [C:\01_FPGA_Workspace\EthernetAX7A200B\ethernet_main\ethernet_main.gen\sources_1\bd\design_1\hdl\design_1_wrapper.v:]
WARNING: [filemgmt 56-199] Attempt to get parsing info during refresh. "On-the-fly" syntax checking information may be incorrect. [C:\01_FPGA_Workspace\EthernetAX7A200B\ethernet_main\ethernet_main.gen\sources_1\bd\design_1\hdl\design_1_wrapper.v:]
update_module_reference design_1_udp_state_machine_0_0
INFO: [IP_Flow 19-5107] Inferred bus interface 'i_eth_clk' of definition 'xilinx.com:signal:clock:1.0' (from Xilinx Repository).
WARNING: [IP_Flow 19-5661] Bus Interface 'i_eth_clk' does not have any bus interfaces associated with it.
WARNING: [IP_Flow 19-11770] Clock interface 'i_eth_clk' has no FREQ_HZ parameter.
INFO: [IP_Flow 19-5107] Inferred bus interface 'i_eth_clk' of definition 'xilinx.com:signal:clock:1.0' (from Xilinx Repository).
WARNING: [IP_Flow 19-5661] Bus Interface 'i_eth_clk' does not have any bus interfaces associated with it.
WARNING: [IP_Flow 19-11770] Clock interface 'i_eth_clk' has no FREQ_HZ parameter.
Upgrading 'C:/01_FPGA_Workspace/EthernetAX7A200B/ethernet_main/ethernet_main.srcs/sources_1/bd/design_1/design_1.bd'
INFO: [IP_Flow 19-3420] Updated design_1_udp_state_machine_0_0 to use current project options
WARNING: [IP_Flow 19-4698] Upgrade has added port 'o_state'
WARNING: [IP_Flow 19-3298] Detected external port differences while upgrading 'design_1_udp_state_machine_0_0'. These changes may impact your design.
CRITICAL WARNING: [Coretcl 2-1280] The upgrade of 'design_1_udp_state_machine_0_0' has identified issues that may require user intervention. Please verify that the instance is correctly configured, and review any upgrade messages.
Wrote  : <C:\01_FPGA_Workspace\EthernetAX7A200B\ethernet_main\ethernet_main.srcs\sources_1\bd\design_1\design_1.bd> 
Wrote  : <C:/01_FPGA_Workspace/EthernetAX7A200B/ethernet_main/ethernet_main.srcs/sources_1/bd/design_1/ui/bd_1f5defd0.ui> 
update_compile_order -fileset sources_1
WARNING: [IP_Flow 19-4067] Ignoring invalid widget type specified checkbox.Providing a default widget
startgroup
set_property -dict [list \
  CONFIG.C_NUM_OF_PROBES {4} \
  CONFIG.C_PROBE2_WIDTH {5} \
  CONFIG.C_PROBE3_WIDTH {8} \
] [get_bd_cells ila_0]
endgroup
connect_bd_net [get_bd_pins udp_state_machine_0/o_udp_data] [get_bd_pins ila_0/probe3]
connect_bd_net [get_bd_pins udp_state_machine_0/o_state] [get_bd_pins ila_0/probe2]
WARNING: [IP_Flow 19-4067] Ignoring invalid widget type specified checkbox.Providing a default widget
startgroup
set_property CONFIG.C_NUM_OF_PROBES {5} [get_bd_cells ila_0]
endgroup
connect_bd_net [get_bd_pins udp_state_machine_0/o_data_valid] [get_bd_pins ila_0/probe4]
regenerate_bd_layout
validate_bd_design
save_bd_design
Wrote  : <C:\01_FPGA_Workspace\EthernetAX7A200B\ethernet_main\ethernet_main.srcs\sources_1\bd\design_1\design_1.bd> 
Wrote  : <C:/01_FPGA_Workspace/EthernetAX7A200B/ethernet_main/ethernet_main.srcs/sources_1/bd/design_1/ui/bd_1f5defd0.ui> 
make_wrapper -files [get_files C:/01_FPGA_Workspace/EthernetAX7A200B/ethernet_main/ethernet_main.srcs/sources_1/bd/design_1/design_1.bd] -top
INFO: [BD 41-1662] The design 'design_1.bd' is already validated. Therefore parameter propagation will not be re-run.
Verilog Output written to : c:/01_FPGA_Workspace/EthernetAX7A200B/ethernet_main/ethernet_main.gen/sources_1/bd/design_1/synth/design_1.v
Verilog Output written to : c:/01_FPGA_Workspace/EthernetAX7A200B/ethernet_main/ethernet_main.gen/sources_1/bd/design_1/sim/design_1.v
Verilog Output written to : c:/01_FPGA_Workspace/EthernetAX7A200B/ethernet_main/ethernet_main.gen/sources_1/bd/design_1/hdl/design_1_wrapper.v
WARNING: [filemgmt 56-199] Attempt to get parsing info during refresh. "On-the-fly" syntax checking information may be incorrect. [C:\01_FPGA_Workspace\EthernetAX7A200B\ethernet_main\ethernet_main.srcs\sources_1\new\ethernet_state_machine.v:]
WARNING: [filemgmt 56-199] Attempt to get parsing info during refresh. "On-the-fly" syntax checking information may be incorrect. [C:\01_FPGA_Workspace\EthernetAX7A200B\ethernet_main\ethernet_main.gen\sources_1\bd\design_1\hdl\design_1_wrapper.v:]
WARNING: [filemgmt 56-199] Attempt to get parsing info during refresh. "On-the-fly" syntax checking information may be incorrect. [C:\01_FPGA_Workspace\EthernetAX7A200B\ethernet_main\ethernet_main.srcs\sources_1\new\udp_state_machine.v:]
WARNING: [filemgmt 56-199] Attempt to get parsing info during refresh. "On-the-fly" syntax checking information may be incorrect. [C:\01_FPGA_Workspace\EthernetAX7A200B\ethernet_main\ethernet_main.gen\sources_1\bd\design_1\hdl\design_1_wrapper.v:]
WARNING: [filemgmt 56-199] Attempt to get parsing info during refresh. "On-the-fly" syntax checking information may be incorrect. [C:\01_FPGA_Workspace\EthernetAX7A200B\ethernet_main\ethernet_main.gen\sources_1\bd\design_1\hdl\design_1_wrapper.v:]
WARNING: [filemgmt 56-199] Attempt to get parsing info during refresh. "On-the-fly" syntax checking information may be incorrect. [C:\01_FPGA_Workspace\EthernetAX7A200B\ethernet_main\ethernet_main.srcs\sources_1\new\ethernet_state_machine.v:]
WARNING: [filemgmt 56-199] Attempt to get parsing info during refresh. "On-the-fly" syntax checking information may be incorrect. [C:\01_FPGA_Workspace\EthernetAX7A200B\ethernet_main\ethernet_main.gen\sources_1\bd\design_1\hdl\design_1_wrapper.v:]
WARNING: [filemgmt 56-199] Attempt to get parsing info during refresh. "On-the-fly" syntax checking information may be incorrect. [C:\01_FPGA_Workspace\EthernetAX7A200B\ethernet_main\ethernet_main.srcs\sources_1\new\udp_state_machine.v:]
WARNING: [filemgmt 56-199] Attempt to get parsing info during refresh. "On-the-fly" syntax checking information may be incorrect. [C:\01_FPGA_Workspace\EthernetAX7A200B\ethernet_main\ethernet_main.srcs\sources_1\new\udp_state_machine.v:]
WARNING: [filemgmt 56-199] Attempt to get parsing info during refresh. "On-the-fly" syntax checking information may be incorrect. [C:\01_FPGA_Workspace\EthernetAX7A200B\ethernet_main\ethernet_main.srcs\sources_1\new\udp_state_machine.v:]
ERROR: [Common 17-180] Spawn failed: Der Vorgang wurde erfolgreich beendet.

reset_run synth_1
INFO: [Project 1-1161] Replacing file C:/01_FPGA_Workspace/EthernetAX7A200B/ethernet_main/ethernet_main.srcs/utils_1/imports/synth_1/design_1_wrapper.dcp with file C:/01_FPGA_Workspace/EthernetAX7A200B/ethernet_main/ethernet_main.runs/synth_1/design_1_wrapper.dcp
reset_run design_1_ila_0_0_synth_1
launch_runs impl_1 -to_step write_bitstream -jobs 10
INFO: [BD 41-1662] The design 'design_1.bd' is already validated. Therefore parameter propagation will not be re-run.
Wrote  : <C:/01_FPGA_Workspace/EthernetAX7A200B/ethernet_main/ethernet_main.srcs/sources_1/bd/design_1/ui/bd_1f5defd0.ui> 
Verilog Output written to : c:/01_FPGA_Workspace/EthernetAX7A200B/ethernet_main/ethernet_main.gen/sources_1/bd/design_1/synth/design_1.v
Verilog Output written to : c:/01_FPGA_Workspace/EthernetAX7A200B/ethernet_main/ethernet_main.gen/sources_1/bd/design_1/sim/design_1.v
Verilog Output written to : c:/01_FPGA_Workspace/EthernetAX7A200B/ethernet_main/ethernet_main.gen/sources_1/bd/design_1/hdl/design_1_wrapper.v
WARNING: [IP_Flow 19-4994] Overwriting existing constraint file 'c:/01_FPGA_Workspace/EthernetAX7A200B/ethernet_main/ethernet_main.gen/sources_1/bd/design_1/ip/design_1_ila_0_0/design_1_ila_0_0_ooc.xdc'
INFO: [BD 41-1029] Generation completed for the IP Integrator block ila_0 .
INFO: [BD 41-1029] Generation completed for the IP Integrator block udp_state_machine_0 .
WARNING: [filemgmt 56-199] Attempt to get parsing info during refresh. "On-the-fly" syntax checking information may be incorrect. [C:\01_FPGA_Workspace\EthernetAX7A200B\ethernet_main\ethernet_main.srcs\sources_1\new\ethernet_state_machine.v:]
WARNING: [filemgmt 56-199] Attempt to get parsing info during refresh. "On-the-fly" syntax checking information may be incorrect. [C:\01_FPGA_Workspace\EthernetAX7A200B\ethernet_main\ethernet_main.gen\sources_1\bd\design_1\hdl\design_1_wrapper.v:]
WARNING: [filemgmt 56-199] Attempt to get parsing info during refresh. "On-the-fly" syntax checking information may be incorrect. [C:\01_FPGA_Workspace\EthernetAX7A200B\ethernet_main\ethernet_main.srcs\sources_1\new\udp_state_machine.v:]
WARNING: [filemgmt 56-199] Attempt to get parsing info during refresh. "On-the-fly" syntax checking information may be incorrect. [C:\01_FPGA_Workspace\EthernetAX7A200B\ethernet_main\ethernet_main.srcs\sources_1\new\ethernet_state_machine.v:]
WARNING: [filemgmt 56-199] Attempt to get parsing info during refresh. "On-the-fly" syntax checking information may be incorrect. [C:\01_FPGA_Workspace\EthernetAX7A200B\ethernet_main\ethernet_main.srcs\sources_1\new\ethernet_state_machine.v:]
WARNING: [filemgmt 56-199] Attempt to get parsing info during refresh. "On-the-fly" syntax checking information may be incorrect. [C:\01_FPGA_Workspace\EthernetAX7A200B\ethernet_main\ethernet_main.srcs\sources_1\new\ethernet_state_machine.v:]
WARNING: [filemgmt 56-199] Attempt to get parsing info during refresh. "On-the-fly" syntax checking information may be incorrect. [C:\01_FPGA_Workspace\EthernetAX7A200B\ethernet_main\ethernet_main.gen\sources_1\bd\design_1\hdl\design_1_wrapper.v:]
WARNING: [filemgmt 56-199] Attempt to get parsing info during refresh. "On-the-fly" syntax checking information may be incorrect. [C:\01_FPGA_Workspace\EthernetAX7A200B\ethernet_main\ethernet_main.srcs\sources_1\new\udp_state_machine.v:]
WARNING: [filemgmt 56-199] Attempt to get parsing info during refresh. "On-the-fly" syntax checking information may be incorrect. [C:\01_FPGA_Workspace\EthernetAX7A200B\ethernet_main\ethernet_main.srcs\sources_1\new\udp_state_machine.v:]
WARNING: [filemgmt 56-199] Attempt to get parsing info during refresh. "On-the-fly" syntax checking information may be incorrect. [C:\01_FPGA_Workspace\EthernetAX7A200B\ethernet_main\ethernet_main.srcs\sources_1\new\udp_state_machine.v:]
Exporting to file c:/01_FPGA_Workspace/EthernetAX7A200B/ethernet_main/ethernet_main.gen/sources_1/bd/design_1/hw_handoff/design_1.hwh
Generated Hardware Definition File c:/01_FPGA_Workspace/EthernetAX7A200B/ethernet_main/ethernet_main.gen/sources_1/bd/design_1/synth/design_1.hwdef
WARNING: [filemgmt 56-199] Attempt to get parsing info during refresh. "On-the-fly" syntax checking information may be incorrect. [C:\01_FPGA_Workspace\EthernetAX7A200B\ethernet_main\ethernet_main.srcs\sources_1\new\ethernet_state_machine.v:]
WARNING: [filemgmt 56-199] Attempt to get parsing info during refresh. "On-the-fly" syntax checking information may be incorrect. [C:\01_FPGA_Workspace\EthernetAX7A200B\ethernet_main\ethernet_main.gen\sources_1\bd\design_1\hdl\design_1_wrapper.v:]
WARNING: [filemgmt 56-199] Attempt to get parsing info during refresh. "On-the-fly" syntax checking information may be incorrect. [C:\01_FPGA_Workspace\EthernetAX7A200B\ethernet_main\ethernet_main.srcs\sources_1\new\udp_state_machine.v:]
WARNING: [filemgmt 56-199] Attempt to get parsing info during refresh. "On-the-fly" syntax checking information may be incorrect. [C:\01_FPGA_Workspace\EthernetAX7A200B\ethernet_main\ethernet_main.srcs\sources_1\new\ethernet_state_machine.v:]
WARNING: [filemgmt 56-199] Attempt to get parsing info during refresh. "On-the-fly" syntax checking information may be incorrect. [C:\01_FPGA_Workspace\EthernetAX7A200B\ethernet_main\ethernet_main.srcs\sources_1\new\ethernet_state_machine.v:]
WARNING: [filemgmt 56-199] Attempt to get parsing info during refresh. "On-the-fly" syntax checking information may be incorrect. [C:\01_FPGA_Workspace\EthernetAX7A200B\ethernet_main\ethernet_main.srcs\sources_1\new\ethernet_state_machine.v:]
WARNING: [filemgmt 56-199] Attempt to get parsing info during refresh. "On-the-fly" syntax checking information may be incorrect. [C:\01_FPGA_Workspace\EthernetAX7A200B\ethernet_main\ethernet_main.gen\sources_1\bd\design_1\hdl\design_1_wrapper.v:]
WARNING: [filemgmt 56-199] Attempt to get parsing info during refresh. "On-the-fly" syntax checking information may be incorrect. [C:\01_FPGA_Workspace\EthernetAX7A200B\ethernet_main\ethernet_main.srcs\sources_1\new\udp_state_machine.v:]
WARNING: [filemgmt 56-199] Attempt to get parsing info during refresh. "On-the-fly" syntax checking information may be incorrect. [C:\01_FPGA_Workspace\EthernetAX7A200B\ethernet_main\ethernet_main.srcs\sources_1\new\udp_state_machine.v:]
WARNING: [filemgmt 56-199] Attempt to get parsing info during refresh. "On-the-fly" syntax checking information may be incorrect. [C:\01_FPGA_Workspace\EthernetAX7A200B\ethernet_main\ethernet_main.srcs\sources_1\new\udp_state_machine.v:]
ERROR: [Common 17-180] Spawn failed: Der Vorgang wurde erfolgreich beendet.

WARNING: [filemgmt 56-199] Attempt to get parsing info during refresh. "On-the-fly" syntax checking information may be incorrect. [C:\01_FPGA_Workspace\EthernetAX7A200B\ethernet_main\ethernet_main.srcs\sources_1\new\ethernet_state_machine.v:]
WARNING: [filemgmt 56-199] Attempt to get parsing info during refresh. "On-the-fly" syntax checking information may be incorrect. [C:\01_FPGA_Workspace\EthernetAX7A200B\ethernet_main\ethernet_main.gen\sources_1\bd\design_1\hdl\design_1_wrapper.v:]
WARNING: [filemgmt 56-199] Attempt to get parsing info during refresh. "On-the-fly" syntax checking information may be incorrect. [C:\01_FPGA_Workspace\EthernetAX7A200B\ethernet_main\ethernet_main.srcs\sources_1\new\udp_state_machine.v:]
WARNING: [filemgmt 56-199] Attempt to get parsing info during refresh. "On-the-fly" syntax checking information may be incorrect. [C:\01_FPGA_Workspace\EthernetAX7A200B\ethernet_main\ethernet_main.gen\sources_1\bd\design_1\hdl\design_1_wrapper.v:]
WARNING: [filemgmt 56-199] Attempt to get parsing info during refresh. "On-the-fly" syntax checking information may be incorrect. [C:\01_FPGA_Workspace\EthernetAX7A200B\ethernet_main\ethernet_main.gen\sources_1\bd\design_1\hdl\design_1_wrapper.v:]
ERROR: [Common 17-180] Spawn failed: Der Vorgang wurde erfolgreich beendet.

[Wed Oct  7 01:23:41 2026] Launched design_1_ila_0_0_synth_1, design_1_udp_state_machine_0_0_synth_1, synth_1...
Run output will be captured here:
design_1_ila_0_0_synth_1: C:/01_FPGA_Workspace/EthernetAX7A200B/ethernet_main/ethernet_main.runs/design_1_ila_0_0_synth_1/runme.log
design_1_udp_state_machine_0_0_synth_1: C:/01_FPGA_Workspace/EthernetAX7A200B/ethernet_main/ethernet_main.runs/design_1_udp_state_machine_0_0_synth_1/runme.log
synth_1: C:/01_FPGA_Workspace/EthernetAX7A200B/ethernet_main/ethernet_main.runs/synth_1/runme.log
[Wed Oct  7 01:23:41 2026] Launched impl_1...
Run output will be captured here: C:/01_FPGA_Workspace/EthernetAX7A200B/ethernet_main/ethernet_main.runs/impl_1/runme.log
ERROR: [Common 17-39] 'launch_runs' failed due to earlier errors.
WARNING: [filemgmt 56-199] Attempt to get parsing info during refresh. "On-the-fly" syntax checking information may be incorrect. [C:\01_FPGA_Workspace\EthernetAX7A200B\ethernet_main\ethernet_main.srcs\sources_1\new\ethernet_state_machine.v:]
WARNING: [filemgmt 56-199] Attempt to get parsing info during refresh. "On-the-fly" syntax checking information may be incorrect. [C:\01_FPGA_Workspace\EthernetAX7A200B\ethernet_main\ethernet_main.gen\sources_1\bd\design_1\hdl\design_1_wrapper.v:]
WARNING: [filemgmt 56-199] Attempt to get parsing info during refresh. "On-the-fly" syntax checking information may be incorrect. [C:\01_FPGA_Workspace\EthernetAX7A200B\ethernet_main\ethernet_main.srcs\sources_1\new\udp_state_machine.v:]
WARNING: [filemgmt 56-199] Attempt to get parsing info during refresh. "On-the-fly" syntax checking information may be incorrect. [C:\01_FPGA_Workspace\EthernetAX7A200B\ethernet_main\ethernet_main.srcs\sources_1\new\udp_state_machine.v:]
WARNING: [filemgmt 56-199] Attempt to get parsing info during refresh. "On-the-fly" syntax checking information may be incorrect. [C:\01_FPGA_Workspace\EthernetAX7A200B\ethernet_main\ethernet_main.srcs\sources_1\new\udp_state_machine.v:]
ERROR: [Common 17-180] Spawn failed: Der Vorgang wurde erfolgreich beendet.

WARNING: [filemgmt 56-199] Attempt to get parsing info during refresh. "On-the-fly" syntax checking information may be incorrect. [C:\01_FPGA_Workspace\EthernetAX7A200B\ethernet_main\ethernet_main.srcs\sources_1\new\ethernet_state_machine.v:]
WARNING: [filemgmt 56-199] Attempt to get parsing info during refresh. "On-the-fly" syntax checking information may be incorrect. [C:\01_FPGA_Workspace\EthernetAX7A200B\ethernet_main\ethernet_main.gen\sources_1\bd\design_1\hdl\design_1_wrapper.v:]
WARNING: [filemgmt 56-199] Attempt to get parsing info during refresh. "On-the-fly" syntax checking information may be incorrect. [C:\01_FPGA_Workspace\EthernetAX7A200B\ethernet_main\ethernet_main.srcs\sources_1\new\udp_state_machine.v:]
WARNING: [filemgmt 56-199] Attempt to get parsing info during refresh. "On-the-fly" syntax checking information may be incorrect. [C:\01_FPGA_Workspace\EthernetAX7A200B\ethernet_main\ethernet_main.gen\sources_1\bd\design_1\hdl\design_1_wrapper.v:]
WARNING: [filemgmt 56-199] Attempt to get parsing info during refresh. "On-the-fly" syntax checking information may be incorrect. [C:\01_FPGA_Workspace\EthernetAX7A200B\ethernet_main\ethernet_main.gen\sources_1\bd\design_1\hdl\design_1_wrapper.v:]
WARNING: [filemgmt 56-199] Attempt to get parsing info during refresh. "On-the-fly" syntax checking information may be incorrect. [C:\01_FPGA_Workspace\EthernetAX7A200B\ethernet_main\ethernet_main.srcs\sources_1\new\ethernet_state_machine.v:]
WARNING: [filemgmt 56-199] Attempt to get parsing info during refresh. "On-the-fly" syntax checking information may be incorrect. [C:\01_FPGA_Workspace\EthernetAX7A200B\ethernet_main\ethernet_main.gen\sources_1\bd\design_1\hdl\design_1_wrapper.v:]
WARNING: [filemgmt 56-199] Attempt to get parsing info during refresh. "On-the-fly" syntax checking information may be incorrect. [C:\01_FPGA_Workspace\EthernetAX7A200B\ethernet_main\ethernet_main.srcs\sources_1\new\udp_state_machine.v:]
WARNING: [filemgmt 56-199] Attempt to get parsing info during refresh. "On-the-fly" syntax checking information may be incorrect. [C:\01_FPGA_Workspace\EthernetAX7A200B\ethernet_main\ethernet_main.srcs\sources_1\new\udp_state_machine.v:]
WARNING: [filemgmt 56-199] Attempt to get parsing info during refresh. "On-the-fly" syntax checking information may be incorrect. [C:\01_FPGA_Workspace\EthernetAX7A200B\ethernet_main\ethernet_main.srcs\sources_1\new\udp_state_machine.v:]
WARNING: [filemgmt 56-199] Attempt to get parsing info during refresh. "On-the-fly" syntax checking information may be incorrect. [C:\01_FPGA_Workspace\EthernetAX7A200B\ethernet_main\ethernet_main.srcs\sources_1\new\ethernet_state_machine.v:]
WARNING: [filemgmt 56-199] Attempt to get parsing info during refresh. "On-the-fly" syntax checking information may be incorrect. [C:\01_FPGA_Workspace\EthernetAX7A200B\ethernet_main\ethernet_main.gen\sources_1\bd\design_1\hdl\design_1_wrapper.v:]
WARNING: [filemgmt 56-199] Attempt to get parsing info during refresh. "On-the-fly" syntax checking information may be incorrect. [C:\01_FPGA_Workspace\EthernetAX7A200B\ethernet_main\ethernet_main.srcs\sources_1\new\udp_state_machine.v:]
WARNING: [filemgmt 56-199] Attempt to get parsing info during refresh. "On-the-fly" syntax checking information may be incorrect. [C:\01_FPGA_Workspace\EthernetAX7A200B\ethernet_main\ethernet_main.gen\sources_1\bd\design_1\hdl\design_1_wrapper.v:]
WARNING: [filemgmt 56-199] Attempt to get parsing info during refresh. "On-the-fly" syntax checking information may be incorrect. [C:\01_FPGA_Workspace\EthernetAX7A200B\ethernet_main\ethernet_main.gen\sources_1\bd\design_1\hdl\design_1_wrapper.v:]
WARNING: [filemgmt 56-199] Attempt to get parsing info during refresh. "On-the-fly" syntax checking information may be incorrect. [C:\01_FPGA_Workspace\EthernetAX7A200B\ethernet_main\ethernet_main.srcs\sources_1\new\ethernet_state_machine.v:]
WARNING: [filemgmt 56-199] Attempt to get parsing info during refresh. "On-the-fly" syntax checking information may be incorrect. [C:\01_FPGA_Workspace\EthernetAX7A200B\ethernet_main\ethernet_main.gen\sources_1\bd\design_1\hdl\design_1_wrapper.v:]
WARNING: [filemgmt 56-199] Attempt to get parsing info during refresh. "On-the-fly" syntax checking information may be incorrect. [C:\01_FPGA_Workspace\EthernetAX7A200B\ethernet_main\ethernet_main.srcs\sources_1\new\udp_state_machine.v:]
WARNING: [filemgmt 56-199] Attempt to get parsing info during refresh. "On-the-fly" syntax checking information may be incorrect. [C:\01_FPGA_Workspace\EthernetAX7A200B\ethernet_main\ethernet_main.srcs\sources_1\new\udp_state_machine.v:]
WARNING: [filemgmt 56-199] Attempt to get parsing info during refresh. "On-the-fly" syntax checking information may be incorrect. [C:\01_FPGA_Workspace\EthernetAX7A200B\ethernet_main\ethernet_main.srcs\sources_1\new\udp_state_machine.v:]
ERROR: [Common 17-180] Spawn failed: Der Vorgang wurde erfolgreich beendet.

set_property PROBES.FILE {C:/01_FPGA_Workspace/EthernetAX7A200B/ethernet_main/ethernet_main.runs/impl_1/design_1_wrapper.ltx} [get_hw_devices xc7a200t_0]
set_property FULL_PROBES.FILE {C:/01_FPGA_Workspace/EthernetAX7A200B/ethernet_main/ethernet_main.runs/impl_1/design_1_wrapper.ltx} [get_hw_devices xc7a200t_0]
set_property PROGRAM.FILE {C:/01_FPGA_Workspace/EthernetAX7A200B/ethernet_main/ethernet_main.runs/impl_1/design_1_wrapper.bit} [get_hw_devices xc7a200t_0]
program_hw_devices [get_hw_devices xc7a200t_0]
INFO: [Labtools 27-3164] End of startup status: HIGH
program_hw_devices: Time (s): cpu = 00:00:09 ; elapsed = 00:00:08 . Memory (MB): peak = 5024.137 ; gain = 0.000
refresh_hw_device [lindex [get_hw_devices xc7a200t_0] 0]
INFO: [Labtools 27-2302] Device xc7a200t (JTAG device index = 0) is programmed with a design that has 1 ILA core(s).
add_wave -into {hw_ila_data_1.wcfg} -radix hex { {design_1_i/udp_state_machine_0_o_data_valid} {design_1_i/udp_state_machine_0_o_state} {design_1_i/udp_state_machine_0_o_udp_data} }
run_hw_ila [get_hw_ilas -of_objects [get_hw_devices xc7a200t_0] -filter {CELL_NAME=~"design_1_i/ila_0"}]
INFO: [Labtools 27-1964] The ILA core 'hw_ila_1' trigger was armed at 2026-Oct-07 01:29:54
wait_on_hw_ila [get_hw_ilas -of_objects [get_hw_devices xc7a200t_0] -filter {CELL_NAME=~"design_1_i/ila_0"}]
display_hw_ila_data [upload_hw_ila_data [get_hw_ilas -of_objects [get_hw_devices xc7a200t_0] -filter {CELL_NAME=~"design_1_i/ila_0"}]]
INFO: [Labtools 27-1966] The ILA core 'hw_ila_1' triggered at 2026-Oct-07 01:29:54
INFO: [Labtools 27-3304] ILA Waveform data saved to file C:/01_FPGA_Workspace/EthernetAX7A200B/ethernet_main/ethernet_main.hw/backup/hw_ila_data_1.ila. Use Tcl command 'read_hw_ila_data' or Vivado File->Import->Import ILA Data menu item to import the previously saved data.
WARNING: [filemgmt 56-199] Attempt to get parsing info during refresh. "On-the-fly" syntax checking information may be incorrect. [C:\01_FPGA_Workspace\EthernetAX7A200B\ethernet_main\ethernet_main.srcs\sources_1\new\ethernet_state_machine.v:]
WARNING: [filemgmt 56-199] Attempt to get parsing info during refresh. "On-the-fly" syntax checking information may be incorrect. [C:\01_FPGA_Workspace\EthernetAX7A200B\ethernet_main\ethernet_main.gen\sources_1\bd\design_1\hdl\design_1_wrapper.v:]
WARNING: [filemgmt 56-199] Attempt to get parsing info during refresh. "On-the-fly" syntax checking information may be incorrect. [C:\01_FPGA_Workspace\EthernetAX7A200B\ethernet_main\ethernet_main.srcs\sources_1\new\udp_state_machine.v:]
WARNING: [filemgmt 56-199] Attempt to get parsing info during refresh. "On-the-fly" syntax checking information may be incorrect. [C:\01_FPGA_Workspace\EthernetAX7A200B\ethernet_main\ethernet_main.gen\sources_1\bd\design_1\hdl\design_1_wrapper.v:]
WARNING: [filemgmt 56-199] Attempt to get parsing info during refresh. "On-the-fly" syntax checking information may be incorrect. [C:\01_FPGA_Workspace\EthernetAX7A200B\ethernet_main\ethernet_main.gen\sources_1\bd\design_1\hdl\design_1_wrapper.v:]
WARNING: [filemgmt 56-199] Attempt to get parsing info during refresh. "On-the-fly" syntax checking information may be incorrect. [C:\01_FPGA_Workspace\EthernetAX7A200B\ethernet_main\ethernet_main.srcs\sources_1\new\ethernet_state_machine.v:]
WARNING: [filemgmt 56-199] Attempt to get parsing info during refresh. "On-the-fly" syntax checking information may be incorrect. [C:\01_FPGA_Workspace\EthernetAX7A200B\ethernet_main\ethernet_main.gen\sources_1\bd\design_1\hdl\design_1_wrapper.v:]
WARNING: [filemgmt 56-199] Attempt to get parsing info during refresh. "On-the-fly" syntax checking information may be incorrect. [C:\01_FPGA_Workspace\EthernetAX7A200B\ethernet_main\ethernet_main.srcs\sources_1\new\udp_state_machine.v:]
WARNING: [filemgmt 56-199] Attempt to get parsing info during refresh. "On-the-fly" syntax checking information may be incorrect. [C:\01_FPGA_Workspace\EthernetAX7A200B\ethernet_main\ethernet_main.srcs\sources_1\new\udp_state_machine.v:]
WARNING: [filemgmt 56-199] Attempt to get parsing info during refresh. "On-the-fly" syntax checking information may be incorrect. [C:\01_FPGA_Workspace\EthernetAX7A200B\ethernet_main\ethernet_main.srcs\sources_1\new\udp_state_machine.v:]
WARNING: [filemgmt 56-199] Attempt to get parsing info during refresh. "On-the-fly" syntax checking information may be incorrect. [C:\01_FPGA_Workspace\EthernetAX7A200B\ethernet_main\ethernet_main.srcs\sources_1\new\ethernet_state_machine.v:]
WARNING: [filemgmt 56-199] Attempt to get parsing info during refresh. "On-the-fly" syntax checking information may be incorrect. [C:\01_FPGA_Workspace\EthernetAX7A200B\ethernet_main\ethernet_main.gen\sources_1\bd\design_1\hdl\design_1_wrapper.v:]
WARNING: [filemgmt 56-199] Attempt to get parsing info during refresh. "On-the-fly" syntax checking information may be incorrect. [C:\01_FPGA_Workspace\EthernetAX7A200B\ethernet_main\ethernet_main.srcs\sources_1\new\udp_state_machine.v:]
WARNING: [filemgmt 56-199] Attempt to get parsing info during refresh. "On-the-fly" syntax checking information may be incorrect. [C:\01_FPGA_Workspace\EthernetAX7A200B\ethernet_main\ethernet_main.gen\sources_1\bd\design_1\hdl\design_1_wrapper.v:]
WARNING: [filemgmt 56-199] Attempt to get parsing info during refresh. "On-the-fly" syntax checking information may be incorrect. [C:\01_FPGA_Workspace\EthernetAX7A200B\ethernet_main\ethernet_main.gen\sources_1\bd\design_1\hdl\design_1_wrapper.v:]
WARNING: [filemgmt 56-199] Attempt to get parsing info during refresh. "On-the-fly" syntax checking information may be incorrect. [C:\01_FPGA_Workspace\EthernetAX7A200B\ethernet_main\ethernet_main.srcs\sources_1\new\ethernet_state_machine.v:]
WARNING: [filemgmt 56-199] Attempt to get parsing info during refresh. "On-the-fly" syntax checking information may be incorrect. [C:\01_FPGA_Workspace\EthernetAX7A200B\ethernet_main\ethernet_main.gen\sources_1\bd\design_1\hdl\design_1_wrapper.v:]
WARNING: [filemgmt 56-199] Attempt to get parsing info during refresh. "On-the-fly" syntax checking information may be incorrect. [C:\01_FPGA_Workspace\EthernetAX7A200B\ethernet_main\ethernet_main.srcs\sources_1\new\udp_state_machine.v:]
WARNING: [filemgmt 56-199] Attempt to get parsing info during refresh. "On-the-fly" syntax checking information may be incorrect. [C:\01_FPGA_Workspace\EthernetAX7A200B\ethernet_main\ethernet_main.srcs\sources_1\new\udp_state_machine.v:]
WARNING: [filemgmt 56-199] Attempt to get parsing info during refresh. "On-the-fly" syntax checking information may be incorrect. [C:\01_FPGA_Workspace\EthernetAX7A200B\ethernet_main\ethernet_main.srcs\sources_1\new\udp_state_machine.v:]
ERROR: [Common 17-180] Spawn failed: Der Vorgang wurde erfolgreich beendet.

open_bd_design {C:/01_FPGA_Workspace/EthernetAX7A200B/ethernet_main/ethernet_main.srcs/sources_1/bd/design_1/design_1.bd}
update_module_reference design_1_udp_state_machine_0_0
INFO: [IP_Flow 19-5107] Inferred bus interface 'i_eth_clk' of definition 'xilinx.com:signal:clock:1.0' (from Xilinx Repository).
WARNING: [IP_Flow 19-5661] Bus Interface 'i_eth_clk' does not have any bus interfaces associated with it.
WARNING: [IP_Flow 19-11770] Clock interface 'i_eth_clk' has no FREQ_HZ parameter.
INFO: [IP_Flow 19-5107] Inferred bus interface 'i_eth_clk' of definition 'xilinx.com:signal:clock:1.0' (from Xilinx Repository).
WARNING: [IP_Flow 19-5661] Bus Interface 'i_eth_clk' does not have any bus interfaces associated with it.
WARNING: [IP_Flow 19-11770] Clock interface 'i_eth_clk' has no FREQ_HZ parameter.
Upgrading 'C:/01_FPGA_Workspace/EthernetAX7A200B/ethernet_main/ethernet_main.srcs/sources_1/bd/design_1/design_1.bd'
INFO: [IP_Flow 19-3420] Updated design_1_udp_state_machine_0_0 to use current project options
WARNING: [IP_Flow 19-4698] Upgrade has added port 'o_cnt'
WARNING: [IP_Flow 19-3298] Detected external port differences while upgrading 'design_1_udp_state_machine_0_0'. These changes may impact your design.
CRITICAL WARNING: [Coretcl 2-1280] The upgrade of 'design_1_udp_state_machine_0_0' has identified issues that may require user intervention. Please verify that the instance is correctly configured, and review any upgrade messages.
Wrote  : <C:\01_FPGA_Workspace\EthernetAX7A200B\ethernet_main\ethernet_main.srcs\sources_1\bd\design_1\design_1.bd> 
Wrote  : <C:/01_FPGA_Workspace/EthernetAX7A200B/ethernet_main/ethernet_main.srcs/sources_1/bd/design_1/ui/bd_1f5defd0.ui> 
WARNING: [IP_Flow 19-4067] Ignoring invalid widget type specified checkbox.Providing a default widget
startgroup
set_property -dict [list \
  CONFIG.C_NUM_OF_PROBES {6} \
  CONFIG.C_PROBE5_WIDTH {16} \
] [get_bd_cells ila_0]
endgroup
connect_bd_net [get_bd_pins udp_state_machine_0/o_cnt] [get_bd_pins ila_0/probe5]
save_bd_design
Wrote  : <C:\01_FPGA_Workspace\EthernetAX7A200B\ethernet_main\ethernet_main.srcs\sources_1\bd\design_1\design_1.bd> 
Wrote  : <C:/01_FPGA_Workspace/EthernetAX7A200B/ethernet_main/ethernet_main.srcs/sources_1/bd/design_1/ui/bd_1f5defd0.ui> 
validate_bd_design
make_wrapper -files [get_files C:/01_FPGA_Workspace/EthernetAX7A200B/ethernet_main/ethernet_main.srcs/sources_1/bd/design_1/design_1.bd] -top
INFO: [BD 41-1662] The design 'design_1.bd' is already validated. Therefore parameter propagation will not be re-run.
Wrote  : <C:\01_FPGA_Workspace\EthernetAX7A200B\ethernet_main\ethernet_main.srcs\sources_1\bd\design_1\design_1.bd> 
Verilog Output written to : c:/01_FPGA_Workspace/EthernetAX7A200B/ethernet_main/ethernet_main.gen/sources_1/bd/design_1/synth/design_1.v
Verilog Output written to : c:/01_FPGA_Workspace/EthernetAX7A200B/ethernet_main/ethernet_main.gen/sources_1/bd/design_1/sim/design_1.v
Verilog Output written to : c:/01_FPGA_Workspace/EthernetAX7A200B/ethernet_main/ethernet_main.gen/sources_1/bd/design_1/hdl/design_1_wrapper.v
WARNING: [filemgmt 56-199] Attempt to get parsing info during refresh. "On-the-fly" syntax checking information may be incorrect. [C:\01_FPGA_Workspace\EthernetAX7A200B\ethernet_main\ethernet_main.srcs\sources_1\new\ethernet_state_machine.v:]
WARNING: [filemgmt 56-199] Attempt to get parsing info during refresh. "On-the-fly" syntax checking information may be incorrect. [C:\01_FPGA_Workspace\EthernetAX7A200B\ethernet_main\ethernet_main.srcs\sources_1\new\rgmii_rx.v:]
WARNING: [filemgmt 56-199] Attempt to get parsing info during refresh. "On-the-fly" syntax checking information may be incorrect. [C:\01_FPGA_Workspace\EthernetAX7A200B\ethernet_main\ethernet_main.gen\sources_1\bd\design_1\hdl\design_1_wrapper.v:]
WARNING: [filemgmt 56-199] Attempt to get parsing info during refresh. "On-the-fly" syntax checking information may be incorrect. [C:\01_FPGA_Workspace\EthernetAX7A200B\ethernet_main\ethernet_main.srcs\sources_1\new\udp_state_machine.v:]
WARNING: [filemgmt 56-199] Attempt to get parsing info during refresh. "On-the-fly" syntax checking information may be incorrect. [C:\01_FPGA_Workspace\EthernetAX7A200B\ethernet_main\ethernet_main.srcs\sources_1\new\ethernet_state_machine.v:]
WARNING: [filemgmt 56-199] Attempt to get parsing info during refresh. "On-the-fly" syntax checking information may be incorrect. [C:\01_FPGA_Workspace\EthernetAX7A200B\ethernet_main\ethernet_main.srcs\sources_1\new\ethernet_state_machine.v:]
WARNING: [filemgmt 56-199] Attempt to get parsing info during refresh. "On-the-fly" syntax checking information may be incorrect. [C:\01_FPGA_Workspace\EthernetAX7A200B\ethernet_main\ethernet_main.srcs\sources_1\new\ethernet_state_machine.v:]
WARNING: [filemgmt 56-199] Attempt to get parsing info during refresh. "On-the-fly" syntax checking information may be incorrect. [C:\01_FPGA_Workspace\EthernetAX7A200B\ethernet_main\ethernet_main.srcs\sources_1\new\rgmii_rx.v:]
WARNING: [filemgmt 56-199] Attempt to get parsing info during refresh. "On-the-fly" syntax checking information may be incorrect. [C:\01_FPGA_Workspace\EthernetAX7A200B\ethernet_main\ethernet_main.gen\sources_1\bd\design_1\hdl\design_1_wrapper.v:]
WARNING: [filemgmt 56-199] Attempt to get parsing info during refresh. "On-the-fly" syntax checking information may be incorrect. [C:\01_FPGA_Workspace\EthernetAX7A200B\ethernet_main\ethernet_main.srcs\sources_1\new\udp_state_machine.v:]
WARNING: [filemgmt 56-199] Attempt to get parsing info during refresh. "On-the-fly" syntax checking information may be incorrect. [C:\01_FPGA_Workspace\EthernetAX7A200B\ethernet_main\ethernet_main.srcs\sources_1\new\udp_state_machine.v:]
WARNING: [filemgmt 56-199] Attempt to get parsing info during refresh. "On-the-fly" syntax checking information may be incorrect. [C:\01_FPGA_Workspace\EthernetAX7A200B\ethernet_main\ethernet_main.srcs\sources_1\new\udp_state_machine.v:]
ERROR: [Common 17-180] Spawn failed: Der Vorgang wurde erfolgreich beendet.

WARNING: [filemgmt 56-199] Attempt to get parsing info during refresh. "On-the-fly" syntax checking information may be incorrect. [C:\01_FPGA_Workspace\EthernetAX7A200B\ethernet_main\ethernet_main.srcs\sources_1\new\ethernet_state_machine.v:]
WARNING: [filemgmt 56-199] Attempt to get parsing info during refresh. "On-the-fly" syntax checking information may be incorrect. [C:\01_FPGA_Workspace\EthernetAX7A200B\ethernet_main\ethernet_main.srcs\sources_1\new\rgmii_rx.v:]
WARNING: [filemgmt 56-199] Attempt to get parsing info during refresh. "On-the-fly" syntax checking information may be incorrect. [C:\01_FPGA_Workspace\EthernetAX7A200B\ethernet_main\ethernet_main.gen\sources_1\bd\design_1\hdl\design_1_wrapper.v:]
WARNING: [filemgmt 56-199] Attempt to get parsing info during refresh. "On-the-fly" syntax checking information may be incorrect. [C:\01_FPGA_Workspace\EthernetAX7A200B\ethernet_main\ethernet_main.srcs\sources_1\new\udp_state_machine.v:]
WARNING: [filemgmt 56-199] Attempt to get parsing info during refresh. "On-the-fly" syntax checking information may be incorrect. [C:\01_FPGA_Workspace\EthernetAX7A200B\ethernet_main\ethernet_main.gen\sources_1\bd\design_1\hdl\design_1_wrapper.v:]
WARNING: [filemgmt 56-199] Attempt to get parsing info during refresh. "On-the-fly" syntax checking information may be incorrect. [C:\01_FPGA_Workspace\EthernetAX7A200B\ethernet_main\ethernet_main.gen\sources_1\bd\design_1\hdl\design_1_wrapper.v:]
reset_run synth_1
INFO: [Project 1-1161] Replacing file C:/01_FPGA_Workspace/EthernetAX7A200B/ethernet_main/ethernet_main.srcs/utils_1/imports/synth_1/design_1_wrapper.dcp with file C:/01_FPGA_Workspace/EthernetAX7A200B/ethernet_main/ethernet_main.runs/synth_1/design_1_wrapper.dcp
reset_run design_1_ila_0_0_synth_1
launch_runs impl_1 -to_step write_bitstream -jobs 10
INFO: [BD 41-1662] The design 'design_1.bd' is already validated. Therefore parameter propagation will not be re-run.
Verilog Output written to : c:/01_FPGA_Workspace/EthernetAX7A200B/ethernet_main/ethernet_main.gen/sources_1/bd/design_1/synth/design_1.v
Verilog Output written to : c:/01_FPGA_Workspace/EthernetAX7A200B/ethernet_main/ethernet_main.gen/sources_1/bd/design_1/sim/design_1.v
Verilog Output written to : c:/01_FPGA_Workspace/EthernetAX7A200B/ethernet_main/ethernet_main.gen/sources_1/bd/design_1/hdl/design_1_wrapper.v
WARNING: [IP_Flow 19-4994] Overwriting existing constraint file 'c:/01_FPGA_Workspace/EthernetAX7A200B/ethernet_main/ethernet_main.gen/sources_1/bd/design_1/ip/design_1_ila_0_0/design_1_ila_0_0_ooc.xdc'
INFO: [BD 41-1029] Generation completed for the IP Integrator block ila_0 .
INFO: [BD 41-1029] Generation completed for the IP Integrator block udp_state_machine_0 .
Exporting to file c:/01_FPGA_Workspace/EthernetAX7A200B/ethernet_main/ethernet_main.gen/sources_1/bd/design_1/hw_handoff/design_1.hwh
Generated Hardware Definition File c:/01_FPGA_Workspace/EthernetAX7A200B/ethernet_main/ethernet_main.gen/sources_1/bd/design_1/synth/design_1.hwdef
WARNING: [filemgmt 56-199] Attempt to get parsing info during refresh. "On-the-fly" syntax checking information may be incorrect. [C:\01_FPGA_Workspace\EthernetAX7A200B\ethernet_main\ethernet_main.srcs\sources_1\new\ethernet_state_machine.v:]
WARNING: [filemgmt 56-199] Attempt to get parsing info during refresh. "On-the-fly" syntax checking information may be incorrect. [C:\01_FPGA_Workspace\EthernetAX7A200B\ethernet_main\ethernet_main.srcs\sources_1\new\rgmii_rx.v:]
WARNING: [filemgmt 56-199] Attempt to get parsing info during refresh. "On-the-fly" syntax checking information may be incorrect. [C:\01_FPGA_Workspace\EthernetAX7A200B\ethernet_main\ethernet_main.gen\sources_1\bd\design_1\hdl\design_1_wrapper.v:]
WARNING: [filemgmt 56-199] Attempt to get parsing info during refresh. "On-the-fly" syntax checking information may be incorrect. [C:\01_FPGA_Workspace\EthernetAX7A200B\ethernet_main\ethernet_main.srcs\sources_1\new\udp_state_machine.v:]
WARNING: [filemgmt 56-199] Attempt to get parsing info during refresh. "On-the-fly" syntax checking information may be incorrect. [C:\01_FPGA_Workspace\EthernetAX7A200B\ethernet_main\ethernet_main.gen\sources_1\bd\design_1\hdl\design_1_wrapper.v:]
WARNING: [filemgmt 56-199] Attempt to get parsing info during refresh. "On-the-fly" syntax checking information may be incorrect. [C:\01_FPGA_Workspace\EthernetAX7A200B\ethernet_main\ethernet_main.gen\sources_1\bd\design_1\hdl\design_1_wrapper.v:]
WARNING: [filemgmt 56-199] Attempt to get parsing info during refresh. "On-the-fly" syntax checking information may be incorrect. [C:\01_FPGA_Workspace\EthernetAX7A200B\ethernet_main\ethernet_main.srcs\sources_1\new\ethernet_state_machine.v:]
WARNING: [filemgmt 56-199] Attempt to get parsing info during refresh. "On-the-fly" syntax checking information may be incorrect. [C:\01_FPGA_Workspace\EthernetAX7A200B\ethernet_main\ethernet_main.srcs\sources_1\new\rgmii_rx.v:]
WARNING: [filemgmt 56-199] Attempt to get parsing info during refresh. "On-the-fly" syntax checking information may be incorrect. [C:\01_FPGA_Workspace\EthernetAX7A200B\ethernet_main\ethernet_main.gen\sources_1\bd\design_1\hdl\design_1_wrapper.v:]
WARNING: [filemgmt 56-199] Attempt to get parsing info during refresh. "On-the-fly" syntax checking information may be incorrect. [C:\01_FPGA_Workspace\EthernetAX7A200B\ethernet_main\ethernet_main.srcs\sources_1\new\udp_state_machine.v:]
WARNING: [filemgmt 56-199] Attempt to get parsing info during refresh. "On-the-fly" syntax checking information may be incorrect. [C:\01_FPGA_Workspace\EthernetAX7A200B\ethernet_main\ethernet_main.srcs\sources_1\new\udp_state_machine.v:]
WARNING: [filemgmt 56-199] Attempt to get parsing info during refresh. "On-the-fly" syntax checking information may be incorrect. [C:\01_FPGA_Workspace\EthernetAX7A200B\ethernet_main\ethernet_main.srcs\sources_1\new\udp_state_machine.v:]
WARNING: [filemgmt 56-199] Attempt to get parsing info during refresh. "On-the-fly" syntax checking information may be incorrect. [C:\01_FPGA_Workspace\EthernetAX7A200B\ethernet_main\ethernet_main.srcs\sources_1\new\ethernet_state_machine.v:]
WARNING: [filemgmt 56-199] Attempt to get parsing info during refresh. "On-the-fly" syntax checking information may be incorrect. [C:\01_FPGA_Workspace\EthernetAX7A200B\ethernet_main\ethernet_main.srcs\sources_1\new\rgmii_rx.v:]
WARNING: [filemgmt 56-199] Attempt to get parsing info during refresh. "On-the-fly" syntax checking information may be incorrect. [C:\01_FPGA_Workspace\EthernetAX7A200B\ethernet_main\ethernet_main.gen\sources_1\bd\design_1\hdl\design_1_wrapper.v:]
WARNING: [filemgmt 56-199] Attempt to get parsing info during refresh. "On-the-fly" syntax checking information may be incorrect. [C:\01_FPGA_Workspace\EthernetAX7A200B\ethernet_main\ethernet_main.srcs\sources_1\new\udp_state_machine.v:]
WARNING: [filemgmt 56-199] Attempt to get parsing info during refresh. "On-the-fly" syntax checking information may be incorrect. [C:\01_FPGA_Workspace\EthernetAX7A200B\ethernet_main\ethernet_main.srcs\sources_1\new\rgmii_rx.v:]
WARNING: [filemgmt 56-199] Attempt to get parsing info during refresh. "On-the-fly" syntax checking information may be incorrect. [C:\01_FPGA_Workspace\EthernetAX7A200B\ethernet_main\ethernet_main.srcs\sources_1\new\rgmii_rx.v:]
[Wed Oct  7 01:39:53 2026] Launched design_1_ila_0_0_synth_1, design_1_udp_state_machine_0_0_synth_1, synth_1...
Run output will be captured here:
design_1_ila_0_0_synth_1: C:/01_FPGA_Workspace/EthernetAX7A200B/ethernet_main/ethernet_main.runs/design_1_ila_0_0_synth_1/runme.log
design_1_udp_state_machine_0_0_synth_1: C:/01_FPGA_Workspace/EthernetAX7A200B/ethernet_main/ethernet_main.runs/design_1_udp_state_machine_0_0_synth_1/runme.log
synth_1: C:/01_FPGA_Workspace/EthernetAX7A200B/ethernet_main/ethernet_main.runs/synth_1/runme.log
[Wed Oct  7 01:39:53 2026] Launched impl_1...
Run output will be captured here: C:/01_FPGA_Workspace/EthernetAX7A200B/ethernet_main/ethernet_main.runs/impl_1/runme.log
WARNING: [filemgmt 56-199] Attempt to get parsing info during refresh. "On-the-fly" syntax checking information may be incorrect. [C:\01_FPGA_Workspace\EthernetAX7A200B\ethernet_main\ethernet_main.srcs\sources_1\new\ethernet_state_machine.v:]
WARNING: [filemgmt 56-199] Attempt to get parsing info during refresh. "On-the-fly" syntax checking information may be incorrect. [C:\01_FPGA_Workspace\EthernetAX7A200B\ethernet_main\ethernet_main.srcs\sources_1\new\rgmii_rx.v:]
WARNING: [filemgmt 56-199] Attempt to get parsing info during refresh. "On-the-fly" syntax checking information may be incorrect. [C:\01_FPGA_Workspace\EthernetAX7A200B\ethernet_main\ethernet_main.gen\sources_1\bd\design_1\hdl\design_1_wrapper.v:]
WARNING: [filemgmt 56-199] Attempt to get parsing info during refresh. "On-the-fly" syntax checking information may be incorrect. [C:\01_FPGA_Workspace\EthernetAX7A200B\ethernet_main\ethernet_main.srcs\sources_1\new\udp_state_machine.v:]
WARNING: [filemgmt 56-199] Attempt to get parsing info during refresh. "On-the-fly" syntax checking information may be incorrect. [C:\01_FPGA_Workspace\EthernetAX7A200B\ethernet_main\ethernet_main.gen\sources_1\bd\design_1\hdl\design_1_wrapper.v:]
WARNING: [filemgmt 56-199] Attempt to get parsing info during refresh. "On-the-fly" syntax checking information may be incorrect. [C:\01_FPGA_Workspace\EthernetAX7A200B\ethernet_main\ethernet_main.gen\sources_1\bd\design_1\hdl\design_1_wrapper.v:]
WARNING: [filemgmt 56-199] Attempt to get parsing info during refresh. "On-the-fly" syntax checking information may be incorrect. [C:\01_FPGA_Workspace\EthernetAX7A200B\ethernet_main\ethernet_main.srcs\sources_1\new\ethernet_state_machine.v:]
WARNING: [filemgmt 56-199] Attempt to get parsing info during refresh. "On-the-fly" syntax checking information may be incorrect. [C:\01_FPGA_Workspace\EthernetAX7A200B\ethernet_main\ethernet_main.srcs\sources_1\new\rgmii_rx.v:]
WARNING: [filemgmt 56-199] Attempt to get parsing info during refresh. "On-the-fly" syntax checking information may be incorrect. [C:\01_FPGA_Workspace\EthernetAX7A200B\ethernet_main\ethernet_main.gen\sources_1\bd\design_1\hdl\design_1_wrapper.v:]
WARNING: [filemgmt 56-199] Attempt to get parsing info during refresh. "On-the-fly" syntax checking information may be incorrect. [C:\01_FPGA_Workspace\EthernetAX7A200B\ethernet_main\ethernet_main.srcs\sources_1\new\udp_state_machine.v:]
WARNING: [filemgmt 56-199] Attempt to get parsing info during refresh. "On-the-fly" syntax checking information may be incorrect. [C:\01_FPGA_Workspace\EthernetAX7A200B\ethernet_main\ethernet_main.srcs\sources_1\new\rgmii_rx.v:]
WARNING: [filemgmt 56-199] Attempt to get parsing info during refresh. "On-the-fly" syntax checking information may be incorrect. [C:\01_FPGA_Workspace\EthernetAX7A200B\ethernet_main\ethernet_main.srcs\sources_1\new\rgmii_rx.v:]
WARNING: [filemgmt 56-199] Attempt to get parsing info during refresh. "On-the-fly" syntax checking information may be incorrect. [C:\01_FPGA_Workspace\EthernetAX7A200B\ethernet_main\ethernet_main.srcs\sources_1\new\ethernet_state_machine.v:]
WARNING: [filemgmt 56-199] Attempt to get parsing info during refresh. "On-the-fly" syntax checking information may be incorrect. [C:\01_FPGA_Workspace\EthernetAX7A200B\ethernet_main\ethernet_main.srcs\sources_1\new\rgmii_rx.v:]
WARNING: [filemgmt 56-199] Attempt to get parsing info during refresh. "On-the-fly" syntax checking information may be incorrect. [C:\01_FPGA_Workspace\EthernetAX7A200B\ethernet_main\ethernet_main.gen\sources_1\bd\design_1\hdl\design_1_wrapper.v:]
WARNING: [filemgmt 56-199] Attempt to get parsing info during refresh. "On-the-fly" syntax checking information may be incorrect. [C:\01_FPGA_Workspace\EthernetAX7A200B\ethernet_main\ethernet_main.srcs\sources_1\new\udp_state_machine.v:]
WARNING: [filemgmt 56-199] Attempt to get parsing info during refresh. "On-the-fly" syntax checking information may be incorrect. [C:\01_FPGA_Workspace\EthernetAX7A200B\ethernet_main\ethernet_main.srcs\sources_1\new\udp_state_machine.v:]
WARNING: [filemgmt 56-199] Attempt to get parsing info during refresh. "On-the-fly" syntax checking information may be incorrect. [C:\01_FPGA_Workspace\EthernetAX7A200B\ethernet_main\ethernet_main.srcs\sources_1\new\udp_state_machine.v:]
ERROR: [Common 17-180] Spawn failed: Der Vorgang wurde erfolgreich beendet.

WARNING: [filemgmt 56-199] Attempt to get parsing info during refresh. "On-the-fly" syntax checking information may be incorrect. [C:\01_FPGA_Workspace\EthernetAX7A200B\ethernet_main\ethernet_main.srcs\sources_1\new\ethernet_state_machine.v:]
WARNING: [filemgmt 56-199] Attempt to get parsing info during refresh. "On-the-fly" syntax checking information may be incorrect. [C:\01_FPGA_Workspace\EthernetAX7A200B\ethernet_main\ethernet_main.srcs\sources_1\new\rgmii_rx.v:]
WARNING: [filemgmt 56-199] Attempt to get parsing info during refresh. "On-the-fly" syntax checking information may be incorrect. [C:\01_FPGA_Workspace\EthernetAX7A200B\ethernet_main\ethernet_main.gen\sources_1\bd\design_1\hdl\design_1_wrapper.v:]
WARNING: [filemgmt 56-199] Attempt to get parsing info during refresh. "On-the-fly" syntax checking information may be incorrect. [C:\01_FPGA_Workspace\EthernetAX7A200B\ethernet_main\ethernet_main.srcs\sources_1\new\udp_state_machine.v:]
WARNING: [filemgmt 56-199] Attempt to get parsing info during refresh. "On-the-fly" syntax checking information may be incorrect. [C:\01_FPGA_Workspace\EthernetAX7A200B\ethernet_main\ethernet_main.gen\sources_1\bd\design_1\hdl\design_1_wrapper.v:]
WARNING: [filemgmt 56-199] Attempt to get parsing info during refresh. "On-the-fly" syntax checking information may be incorrect. [C:\01_FPGA_Workspace\EthernetAX7A200B\ethernet_main\ethernet_main.gen\sources_1\bd\design_1\hdl\design_1_wrapper.v:]
ERROR: [Common 17-180] Spawn failed: Der Vorgang wurde erfolgreich beendet.

WARNING: [filemgmt 56-199] Attempt to get parsing info during refresh. "On-the-fly" syntax checking information may be incorrect. [C:\01_FPGA_Workspace\EthernetAX7A200B\ethernet_main\ethernet_main.srcs\sources_1\new\ethernet_state_machine.v:]
WARNING: [filemgmt 56-199] Attempt to get parsing info during refresh. "On-the-fly" syntax checking information may be incorrect. [C:\01_FPGA_Workspace\EthernetAX7A200B\ethernet_main\ethernet_main.srcs\sources_1\new\rgmii_rx.v:]
WARNING: [filemgmt 56-199] Attempt to get parsing info during refresh. "On-the-fly" syntax checking information may be incorrect. [C:\01_FPGA_Workspace\EthernetAX7A200B\ethernet_main\ethernet_main.gen\sources_1\bd\design_1\hdl\design_1_wrapper.v:]
WARNING: [filemgmt 56-199] Attempt to get parsing info during refresh. "On-the-fly" syntax checking information may be incorrect. [C:\01_FPGA_Workspace\EthernetAX7A200B\ethernet_main\ethernet_main.srcs\sources_1\new\udp_state_machine.v:]
WARNING: [filemgmt 56-199] Attempt to get parsing info during refresh. "On-the-fly" syntax checking information may be incorrect. [C:\01_FPGA_Workspace\EthernetAX7A200B\ethernet_main\ethernet_main.srcs\sources_1\new\ethernet_state_machine.v:]
WARNING: [filemgmt 56-199] Attempt to get parsing info during refresh. "On-the-fly" syntax checking information may be incorrect. [C:\01_FPGA_Workspace\EthernetAX7A200B\ethernet_main\ethernet_main.srcs\sources_1\new\ethernet_state_machine.v:]
WARNING: [filemgmt 56-199] Attempt to get parsing info during refresh. "On-the-fly" syntax checking information may be incorrect. [C:\01_FPGA_Workspace\EthernetAX7A200B\ethernet_main\ethernet_main.srcs\sources_1\new\ethernet_state_machine.v:]
WARNING: [filemgmt 56-199] Attempt to get parsing info during refresh. "On-the-fly" syntax checking information may be incorrect. [C:\01_FPGA_Workspace\EthernetAX7A200B\ethernet_main\ethernet_main.srcs\sources_1\new\rgmii_rx.v:]
WARNING: [filemgmt 56-199] Attempt to get parsing info during refresh. "On-the-fly" syntax checking information may be incorrect. [C:\01_FPGA_Workspace\EthernetAX7A200B\ethernet_main\ethernet_main.gen\sources_1\bd\design_1\hdl\design_1_wrapper.v:]
WARNING: [filemgmt 56-199] Attempt to get parsing info during refresh. "On-the-fly" syntax checking information may be incorrect. [C:\01_FPGA_Workspace\EthernetAX7A200B\ethernet_main\ethernet_main.srcs\sources_1\new\udp_state_machine.v:]
WARNING: [filemgmt 56-199] Attempt to get parsing info during refresh. "On-the-fly" syntax checking information may be incorrect. [C:\01_FPGA_Workspace\EthernetAX7A200B\ethernet_main\ethernet_main.srcs\sources_1\new\udp_state_machine.v:]
WARNING: [filemgmt 56-199] Attempt to get parsing info during refresh. "On-the-fly" syntax checking information may be incorrect. [C:\01_FPGA_Workspace\EthernetAX7A200B\ethernet_main\ethernet_main.srcs\sources_1\new\udp_state_machine.v:]
set_property PROBES.FILE {C:/01_FPGA_Workspace/EthernetAX7A200B/ethernet_main/ethernet_main.runs/impl_1/design_1_wrapper.ltx} [get_hw_devices xc7a200t_0]
set_property FULL_PROBES.FILE {C:/01_FPGA_Workspace/EthernetAX7A200B/ethernet_main/ethernet_main.runs/impl_1/design_1_wrapper.ltx} [get_hw_devices xc7a200t_0]
set_property PROGRAM.FILE {C:/01_FPGA_Workspace/EthernetAX7A200B/ethernet_main/ethernet_main.runs/impl_1/design_1_wrapper.bit} [get_hw_devices xc7a200t_0]
program_hw_devices [get_hw_devices xc7a200t_0]
INFO: [Labtools 27-3164] End of startup status: HIGH
program_hw_devices: Time (s): cpu = 00:00:09 ; elapsed = 00:00:08 . Memory (MB): peak = 5131.176 ; gain = 0.000
refresh_hw_device [lindex [get_hw_devices xc7a200t_0] 0]
INFO: [Labtools 27-2302] Device xc7a200t (JTAG device index = 0) is programmed with a design that has 1 ILA core(s).
add_wave -into {hw_ila_data_1.wcfg} -radix hex { {design_1_i/udp_state_machine_0_o_cnt} }
run_hw_ila [get_hw_ilas -of_objects [get_hw_devices xc7a200t_0] -filter {CELL_NAME=~"design_1_i/ila_0"}]
INFO: [Labtools 27-1964] The ILA core 'hw_ila_1' trigger was armed at 2026-Oct-07 01:43:34
wait_on_hw_ila [get_hw_ilas -of_objects [get_hw_devices xc7a200t_0] -filter {CELL_NAME=~"design_1_i/ila_0"}]
display_hw_ila_data [upload_hw_ila_data [get_hw_ilas -of_objects [get_hw_devices xc7a200t_0] -filter {CELL_NAME=~"design_1_i/ila_0"}]]
INFO: [Labtools 27-1966] The ILA core 'hw_ila_1' triggered at 2026-Oct-07 01:43:34
INFO: [Labtools 27-3304] ILA Waveform data saved to file C:/01_FPGA_Workspace/EthernetAX7A200B/ethernet_main/ethernet_main.hw/backup/hw_ila_data_1.ila. Use Tcl command 'read_hw_ila_data' or Vivado File->Import->Import ILA Data menu item to import the previously saved data.
close [ open C:/01_FPGA_Workspace/EthernetAX7A200B/ethernet_main/ethernet_main.srcs/sources_1/new/ethernet_pipe_stage.v w ]
add_files C:/01_FPGA_Workspace/EthernetAX7A200B/ethernet_main/ethernet_main.srcs/sources_1/new/ethernet_pipe_stage.v
WARNING: [filemgmt 56-199] Attempt to get parsing info during refresh. "On-the-fly" syntax checking information may be incorrect. [C:\01_FPGA_Workspace\EthernetAX7A200B\ethernet_main\ethernet_main.srcs\sources_1\new\ethernet_state_machine.v:]
WARNING: [filemgmt 56-199] Attempt to get parsing info during refresh. "On-the-fly" syntax checking information may be incorrect. [C:\01_FPGA_Workspace\EthernetAX7A200B\ethernet_main\ethernet_main.srcs\sources_1\new\rgmii_rx.v:]
WARNING: [filemgmt 56-199] Attempt to get parsing info during refresh. "On-the-fly" syntax checking information may be incorrect. [C:\01_FPGA_Workspace\EthernetAX7A200B\ethernet_main\ethernet_main.gen\sources_1\bd\design_1\hdl\design_1_wrapper.v:]
WARNING: [filemgmt 56-199] Attempt to get parsing info during refresh. "On-the-fly" syntax checking information may be incorrect. [C:\01_FPGA_Workspace\EthernetAX7A200B\ethernet_main\ethernet_main.srcs\sources_1\new\udp_state_machine.v:]
WARNING: [filemgmt 56-199] Attempt to get parsing info during refresh. "On-the-fly" syntax checking information may be incorrect. [C:\01_FPGA_Workspace\EthernetAX7A200B\ethernet_main\ethernet_main.srcs\sources_1\new\ethernet_state_machine.v:]
WARNING: [filemgmt 56-199] Attempt to get parsing info during refresh. "On-the-fly" syntax checking information may be incorrect. [C:\01_FPGA_Workspace\EthernetAX7A200B\ethernet_main\ethernet_main.srcs\sources_1\new\ethernet_state_machine.v:]
WARNING: [filemgmt 56-199] Attempt to get parsing info during refresh. "On-the-fly" syntax checking information may be incorrect. [C:\01_FPGA_Workspace\EthernetAX7A200B\ethernet_main\ethernet_main.srcs\sources_1\new\ethernet_state_machine.v:]
WARNING: [filemgmt 56-199] Attempt to get parsing info during refresh. "On-the-fly" syntax checking information may be incorrect. [C:\01_FPGA_Workspace\EthernetAX7A200B\ethernet_main\ethernet_main.srcs\sources_1\new\rgmii_rx.v:]
WARNING: [filemgmt 56-199] Attempt to get parsing info during refresh. "On-the-fly" syntax checking information may be incorrect. [C:\01_FPGA_Workspace\EthernetAX7A200B\ethernet_main\ethernet_main.gen\sources_1\bd\design_1\hdl\design_1_wrapper.v:]
WARNING: [filemgmt 56-199] Attempt to get parsing info during refresh. "On-the-fly" syntax checking information may be incorrect. [C:\01_FPGA_Workspace\EthernetAX7A200B\ethernet_main\ethernet_main.srcs\sources_1\new\udp_state_machine.v:]
WARNING: [filemgmt 56-199] Attempt to get parsing info during refresh. "On-the-fly" syntax checking information may be incorrect. [C:\01_FPGA_Workspace\EthernetAX7A200B\ethernet_main\ethernet_main.srcs\sources_1\new\rgmii_rx.v:]
WARNING: [filemgmt 56-199] Attempt to get parsing info during refresh. "On-the-fly" syntax checking information may be incorrect. [C:\01_FPGA_Workspace\EthernetAX7A200B\ethernet_main\ethernet_main.srcs\sources_1\new\rgmii_rx.v:]
WARNING: [filemgmt 56-199] Attempt to get parsing info during refresh. "On-the-fly" syntax checking information may be incorrect. [C:\01_FPGA_Workspace\EthernetAX7A200B\ethernet_main\ethernet_main.srcs\sources_1\new\ethernet_state_machine.v:]
WARNING: [filemgmt 56-199] Attempt to get parsing info during refresh. "On-the-fly" syntax checking information may be incorrect. [C:\01_FPGA_Workspace\EthernetAX7A200B\ethernet_main\ethernet_main.srcs\sources_1\new\rgmii_rx.v:]
WARNING: [filemgmt 56-199] Attempt to get parsing info during refresh. "On-the-fly" syntax checking information may be incorrect. [C:\01_FPGA_Workspace\EthernetAX7A200B\ethernet_main\ethernet_main.gen\sources_1\bd\design_1\hdl\design_1_wrapper.v:]
WARNING: [filemgmt 56-199] Attempt to get parsing info during refresh. "On-the-fly" syntax checking information may be incorrect. [C:\01_FPGA_Workspace\EthernetAX7A200B\ethernet_main\ethernet_main.srcs\sources_1\new\udp_state_machine.v:]
WARNING: [filemgmt 56-199] Attempt to get parsing info during refresh. "On-the-fly" syntax checking information may be incorrect. [C:\01_FPGA_Workspace\EthernetAX7A200B\ethernet_main\ethernet_main.srcs\sources_1\new\udp_state_machine.v:]
WARNING: [filemgmt 56-199] Attempt to get parsing info during refresh. "On-the-fly" syntax checking information may be incorrect. [C:\01_FPGA_Workspace\EthernetAX7A200B\ethernet_main\ethernet_main.srcs\sources_1\new\udp_state_machine.v:]
ERROR: [Common 17-180] Spawn failed: Der Vorgang wurde erfolgreich beendet.

WARNING: [filemgmt 56-199] Attempt to get parsing info during refresh. "On-the-fly" syntax checking information may be incorrect. [C:\01_FPGA_Workspace\EthernetAX7A200B\ethernet_main\ethernet_main.srcs\sources_1\new\ethernet_state_machine.v:]
WARNING: [filemgmt 56-199] Attempt to get parsing info during refresh. "On-the-fly" syntax checking information may be incorrect. [C:\01_FPGA_Workspace\EthernetAX7A200B\ethernet_main\ethernet_main.srcs\sources_1\new\rgmii_rx.v:]
WARNING: [filemgmt 56-199] Attempt to get parsing info during refresh. "On-the-fly" syntax checking information may be incorrect. [C:\01_FPGA_Workspace\EthernetAX7A200B\ethernet_main\ethernet_main.gen\sources_1\bd\design_1\hdl\design_1_wrapper.v:]
WARNING: [filemgmt 56-199] Attempt to get parsing info during refresh. "On-the-fly" syntax checking information may be incorrect. [C:\01_FPGA_Workspace\EthernetAX7A200B\ethernet_main\ethernet_main.srcs\sources_1\new\udp_state_machine.v:]
WARNING: [filemgmt 56-199] Attempt to get parsing info during refresh. "On-the-fly" syntax checking information may be incorrect. [C:\01_FPGA_Workspace\EthernetAX7A200B\ethernet_main\ethernet_main.srcs\sources_1\new\udp_state_machine.v:]
WARNING: [filemgmt 56-199] Attempt to get parsing info during refresh. "On-the-fly" syntax checking information may be incorrect. [C:\01_FPGA_Workspace\EthernetAX7A200B\ethernet_main\ethernet_main.srcs\sources_1\new\udp_state_machine.v:]
WARNING: [filemgmt 56-199] Attempt to get parsing info during refresh. "On-the-fly" syntax checking information may be incorrect. [C:\01_FPGA_Workspace\EthernetAX7A200B\ethernet_main\ethernet_main.srcs\sources_1\new\ethernet_state_machine.v:]
WARNING: [filemgmt 56-199] Attempt to get parsing info during refresh. "On-the-fly" syntax checking information may be incorrect. [C:\01_FPGA_Workspace\EthernetAX7A200B\ethernet_main\ethernet_main.srcs\sources_1\new\rgmii_rx.v:]
WARNING: [filemgmt 56-199] Attempt to get parsing info during refresh. "On-the-fly" syntax checking information may be incorrect. [C:\01_FPGA_Workspace\EthernetAX7A200B\ethernet_main\ethernet_main.gen\sources_1\bd\design_1\hdl\design_1_wrapper.v:]
WARNING: [filemgmt 56-199] Attempt to get parsing info during refresh. "On-the-fly" syntax checking information may be incorrect. [C:\01_FPGA_Workspace\EthernetAX7A200B\ethernet_main\ethernet_main.srcs\sources_1\new\udp_state_machine.v:]
WARNING: [filemgmt 56-199] Attempt to get parsing info during refresh. "On-the-fly" syntax checking information may be incorrect. [C:\01_FPGA_Workspace\EthernetAX7A200B\ethernet_main\ethernet_main.gen\sources_1\bd\design_1\hdl\design_1_wrapper.v:]
WARNING: [filemgmt 56-199] Attempt to get parsing info during refresh. "On-the-fly" syntax checking information may be incorrect. [C:\01_FPGA_Workspace\EthernetAX7A200B\ethernet_main\ethernet_main.gen\sources_1\bd\design_1\hdl\design_1_wrapper.v:]
WARNING: [filemgmt 56-199] Attempt to get parsing info during refresh. "On-the-fly" syntax checking information may be incorrect. [C:\01_FPGA_Workspace\EthernetAX7A200B\ethernet_main\ethernet_main.srcs\sources_1\new\ethernet_state_machine.v:]
WARNING: [filemgmt 56-199] Attempt to get parsing info during refresh. "On-the-fly" syntax checking information may be incorrect. [C:\01_FPGA_Workspace\EthernetAX7A200B\ethernet_main\ethernet_main.srcs\sources_1\new\rgmii_rx.v:]
WARNING: [filemgmt 56-199] Attempt to get parsing info during refresh. "On-the-fly" syntax checking information may be incorrect. [C:\01_FPGA_Workspace\EthernetAX7A200B\ethernet_main\ethernet_main.gen\sources_1\bd\design_1\hdl\design_1_wrapper.v:]
WARNING: [filemgmt 56-199] Attempt to get parsing info during refresh. "On-the-fly" syntax checking information may be incorrect. [C:\01_FPGA_Workspace\EthernetAX7A200B\ethernet_main\ethernet_main.srcs\sources_1\new\udp_state_machine.v:]
WARNING: [filemgmt 56-199] Attempt to get parsing info during refresh. "On-the-fly" syntax checking information may be incorrect. [C:\01_FPGA_Workspace\EthernetAX7A200B\ethernet_main\ethernet_main.srcs\sources_1\new\rgmii_rx.v:]
WARNING: [filemgmt 56-199] Attempt to get parsing info during refresh. "On-the-fly" syntax checking information may be incorrect. [C:\01_FPGA_Workspace\EthernetAX7A200B\ethernet_main\ethernet_main.srcs\sources_1\new\rgmii_rx.v:]
ERROR: [Common 17-180] Spawn failed: Der Vorgang wurde erfolgreich beendet.

update_compile_order -fileset sources_1
WARNING: [filemgmt 56-199] Attempt to get parsing info during refresh. "On-the-fly" syntax checking information may be incorrect. [C:\01_FPGA_Workspace\EthernetAX7A200B\ethernet_main\ethernet_main.srcs\sources_1\new\ethernet_state_machine.v:]
WARNING: [filemgmt 56-199] Attempt to get parsing info during refresh. "On-the-fly" syntax checking information may be incorrect. [C:\01_FPGA_Workspace\EthernetAX7A200B\ethernet_main\ethernet_main.srcs\sources_1\new\rgmii_rx.v:]
WARNING: [filemgmt 56-199] Attempt to get parsing info during refresh. "On-the-fly" syntax checking information may be incorrect. [C:\01_FPGA_Workspace\EthernetAX7A200B\ethernet_main\ethernet_main.gen\sources_1\bd\design_1\hdl\design_1_wrapper.v:]
WARNING: [filemgmt 56-199] Attempt to get parsing info during refresh. "On-the-fly" syntax checking information may be incorrect. [C:\01_FPGA_Workspace\EthernetAX7A200B\ethernet_main\ethernet_main.srcs\sources_1\new\udp_state_machine.v:]
WARNING: [filemgmt 56-199] Attempt to get parsing info during refresh. "On-the-fly" syntax checking information may be incorrect. [C:\01_FPGA_Workspace\EthernetAX7A200B\ethernet_main\ethernet_main.srcs\sources_1\new\ethernet_state_machine.v:]
WARNING: [filemgmt 56-199] Attempt to get parsing info during refresh. "On-the-fly" syntax checking information may be incorrect. [C:\01_FPGA_Workspace\EthernetAX7A200B\ethernet_main\ethernet_main.srcs\sources_1\new\ethernet_state_machine.v:]
WARNING: [filemgmt 56-199] Attempt to get parsing info during refresh. "On-the-fly" syntax checking information may be incorrect. [C:\01_FPGA_Workspace\EthernetAX7A200B\ethernet_main\ethernet_main.srcs\sources_1\new\ethernet_state_machine.v:]
WARNING: [filemgmt 56-199] Attempt to get parsing info during refresh. "On-the-fly" syntax checking information may be incorrect. [C:\01_FPGA_Workspace\EthernetAX7A200B\ethernet_main\ethernet_main.srcs\sources_1\new\rgmii_rx.v:]
WARNING: [filemgmt 56-199] Attempt to get parsing info during refresh. "On-the-fly" syntax checking information may be incorrect. [C:\01_FPGA_Workspace\EthernetAX7A200B\ethernet_main\ethernet_main.gen\sources_1\bd\design_1\hdl\design_1_wrapper.v:]
WARNING: [filemgmt 56-199] Attempt to get parsing info during refresh. "On-the-fly" syntax checking information may be incorrect. [C:\01_FPGA_Workspace\EthernetAX7A200B\ethernet_main\ethernet_main.srcs\sources_1\new\udp_state_machine.v:]
WARNING: [filemgmt 56-199] Attempt to get parsing info during refresh. "On-the-fly" syntax checking information may be incorrect. [C:\01_FPGA_Workspace\EthernetAX7A200B\ethernet_main\ethernet_main.srcs\sources_1\new\udp_state_machine.v:]
WARNING: [filemgmt 56-199] Attempt to get parsing info during refresh. "On-the-fly" syntax checking information may be incorrect. [C:\01_FPGA_Workspace\EthernetAX7A200B\ethernet_main\ethernet_main.srcs\sources_1\new\udp_state_machine.v:]
WARNING: [filemgmt 56-199] Attempt to get parsing info during refresh. "On-the-fly" syntax checking information may be incorrect. [C:\01_FPGA_Workspace\EthernetAX7A200B\ethernet_main\ethernet_main.srcs\sources_1\new\ethernet_state_machine.v:]
WARNING: [filemgmt 56-199] Attempt to get parsing info during refresh. "On-the-fly" syntax checking information may be incorrect. [C:\01_FPGA_Workspace\EthernetAX7A200B\ethernet_main\ethernet_main.srcs\sources_1\new\rgmii_rx.v:]
WARNING: [filemgmt 56-199] Attempt to get parsing info during refresh. "On-the-fly" syntax checking information may be incorrect. [C:\01_FPGA_Workspace\EthernetAX7A200B\ethernet_main\ethernet_main.gen\sources_1\bd\design_1\hdl\design_1_wrapper.v:]
WARNING: [filemgmt 56-199] Attempt to get parsing info during refresh. "On-the-fly" syntax checking information may be incorrect. [C:\01_FPGA_Workspace\EthernetAX7A200B\ethernet_main\ethernet_main.srcs\sources_1\new\udp_state_machine.v:]
WARNING: [filemgmt 56-199] Attempt to get parsing info during refresh. "On-the-fly" syntax checking information may be incorrect. [C:\01_FPGA_Workspace\EthernetAX7A200B\ethernet_main\ethernet_main.srcs\sources_1\new\rgmii_rx.v:]
WARNING: [filemgmt 56-199] Attempt to get parsing info during refresh. "On-the-fly" syntax checking information may be incorrect. [C:\01_FPGA_Workspace\EthernetAX7A200B\ethernet_main\ethernet_main.srcs\sources_1\new\rgmii_rx.v:]
ERROR: [Common 17-180] Spawn failed: Der Vorgang wurde erfolgreich beendet.

WARNING: [filemgmt 56-199] Attempt to get parsing info during refresh. "On-the-fly" syntax checking information may be incorrect. [C:\01_FPGA_Workspace\EthernetAX7A200B\ethernet_main\ethernet_main.srcs\sources_1\new\ethernet_state_machine.v:]
WARNING: [filemgmt 56-199] Attempt to get parsing info during refresh. "On-the-fly" syntax checking information may be incorrect. [C:\01_FPGA_Workspace\EthernetAX7A200B\ethernet_main\ethernet_main.srcs\sources_1\new\ethernet_pipe_stage.v:]
WARNING: [filemgmt 56-199] Attempt to get parsing info during refresh. "On-the-fly" syntax checking information may be incorrect. [C:\01_FPGA_Workspace\EthernetAX7A200B\ethernet_main\ethernet_main.srcs\sources_1\new\rgmii_rx.v:]
WARNING: [filemgmt 56-199] Attempt to get parsing info during refresh. "On-the-fly" syntax checking information may be incorrect. [C:\01_FPGA_Workspace\EthernetAX7A200B\ethernet_main\ethernet_main.gen\sources_1\bd\design_1\hdl\design_1_wrapper.v:]
WARNING: [filemgmt 56-199] Attempt to get parsing info during refresh. "On-the-fly" syntax checking information may be incorrect. [C:\01_FPGA_Workspace\EthernetAX7A200B\ethernet_main\ethernet_main.srcs\sources_1\new\udp_state_machine.v:]
WARNING: [filemgmt 56-199] Attempt to get parsing info during refresh. "On-the-fly" syntax checking information may be incorrect. [C:\01_FPGA_Workspace\EthernetAX7A200B\ethernet_main\ethernet_main.srcs\sources_1\new\udp_state_machine.v:]
WARNING: [filemgmt 56-199] Attempt to get parsing info during refresh. "On-the-fly" syntax checking information may be incorrect. [C:\01_FPGA_Workspace\EthernetAX7A200B\ethernet_main\ethernet_main.srcs\sources_1\new\udp_state_machine.v:]
WARNING: [filemgmt 56-199] Attempt to get parsing info during refresh. "On-the-fly" syntax checking information may be incorrect. [C:\01_FPGA_Workspace\EthernetAX7A200B\ethernet_main\ethernet_main.srcs\sources_1\new\ethernet_state_machine.v:]
WARNING: [filemgmt 56-199] Attempt to get parsing info during refresh. "On-the-fly" syntax checking information may be incorrect. [C:\01_FPGA_Workspace\EthernetAX7A200B\ethernet_main\ethernet_main.srcs\sources_1\new\ethernet_pipe_stage.v:]
WARNING: [filemgmt 56-199] Attempt to get parsing info during refresh. "On-the-fly" syntax checking information may be incorrect. [C:\01_FPGA_Workspace\EthernetAX7A200B\ethernet_main\ethernet_main.srcs\sources_1\new\rgmii_rx.v:]
WARNING: [filemgmt 56-199] Attempt to get parsing info during refresh. "On-the-fly" syntax checking information may be incorrect. [C:\01_FPGA_Workspace\EthernetAX7A200B\ethernet_main\ethernet_main.gen\sources_1\bd\design_1\hdl\design_1_wrapper.v:]
WARNING: [filemgmt 56-199] Attempt to get parsing info during refresh. "On-the-fly" syntax checking information may be incorrect. [C:\01_FPGA_Workspace\EthernetAX7A200B\ethernet_main\ethernet_main.srcs\sources_1\new\udp_state_machine.v:]
WARNING: [filemgmt 56-199] Attempt to get parsing info during refresh. "On-the-fly" syntax checking information may be incorrect. [C:\01_FPGA_Workspace\EthernetAX7A200B\ethernet_main\ethernet_main.gen\sources_1\bd\design_1\hdl\design_1_wrapper.v:]
WARNING: [filemgmt 56-199] Attempt to get parsing info during refresh. "On-the-fly" syntax checking information may be incorrect. [C:\01_FPGA_Workspace\EthernetAX7A200B\ethernet_main\ethernet_main.gen\sources_1\bd\design_1\hdl\design_1_wrapper.v:]
WARNING: [filemgmt 56-199] Attempt to get parsing info during refresh. "On-the-fly" syntax checking information may be incorrect. [C:\01_FPGA_Workspace\EthernetAX7A200B\ethernet_main\ethernet_main.srcs\sources_1\new\ethernet_state_machine.v:]
WARNING: [filemgmt 56-199] Attempt to get parsing info during refresh. "On-the-fly" syntax checking information may be incorrect. [C:\01_FPGA_Workspace\EthernetAX7A200B\ethernet_main\ethernet_main.srcs\sources_1\new\ethernet_pipe_stage.v:]
WARNING: [filemgmt 56-199] Attempt to get parsing info during refresh. "On-the-fly" syntax checking information may be incorrect. [C:\01_FPGA_Workspace\EthernetAX7A200B\ethernet_main\ethernet_main.srcs\sources_1\new\rgmii_rx.v:]
WARNING: [filemgmt 56-199] Attempt to get parsing info during refresh. "On-the-fly" syntax checking information may be incorrect. [C:\01_FPGA_Workspace\EthernetAX7A200B\ethernet_main\ethernet_main.gen\sources_1\bd\design_1\hdl\design_1_wrapper.v:]
WARNING: [filemgmt 56-199] Attempt to get parsing info during refresh. "On-the-fly" syntax checking information may be incorrect. [C:\01_FPGA_Workspace\EthernetAX7A200B\ethernet_main\ethernet_main.srcs\sources_1\new\udp_state_machine.v:]
WARNING: [filemgmt 56-199] Attempt to get parsing info during refresh. "On-the-fly" syntax checking information may be incorrect. [C:\01_FPGA_Workspace\EthernetAX7A200B\ethernet_main\ethernet_main.srcs\sources_1\new\ethernet_pipe_stage.v:]
WARNING: [filemgmt 56-199] Attempt to get parsing info during refresh. "On-the-fly" syntax checking information may be incorrect. [C:\01_FPGA_Workspace\EthernetAX7A200B\ethernet_main\ethernet_main.srcs\sources_1\new\ethernet_pipe_stage.v:]
ERROR: [Common 17-180] Spawn failed: Der Vorgang wurde erfolgreich beendet.

WARNING: [filemgmt 56-199] Attempt to get parsing info during refresh. "On-the-fly" syntax checking information may be incorrect. [C:\01_FPGA_Workspace\EthernetAX7A200B\ethernet_main\ethernet_main.srcs\sources_1\new\ethernet_state_machine.v:]
WARNING: [filemgmt 56-199] Attempt to get parsing info during refresh. "On-the-fly" syntax checking information may be incorrect. [C:\01_FPGA_Workspace\EthernetAX7A200B\ethernet_main\ethernet_main.srcs\sources_1\new\ethernet_pipe_stage.v:]
WARNING: [filemgmt 56-199] Attempt to get parsing info during refresh. "On-the-fly" syntax checking information may be incorrect. [C:\01_FPGA_Workspace\EthernetAX7A200B\ethernet_main\ethernet_main.srcs\sources_1\new\rgmii_rx.v:]
WARNING: [filemgmt 56-199] Attempt to get parsing info during refresh. "On-the-fly" syntax checking information may be incorrect. [C:\01_FPGA_Workspace\EthernetAX7A200B\ethernet_main\ethernet_main.gen\sources_1\bd\design_1\hdl\design_1_wrapper.v:]
WARNING: [filemgmt 56-199] Attempt to get parsing info during refresh. "On-the-fly" syntax checking information may be incorrect. [C:\01_FPGA_Workspace\EthernetAX7A200B\ethernet_main\ethernet_main.srcs\sources_1\new\udp_state_machine.v:]
WARNING: [filemgmt 56-199] Attempt to get parsing info during refresh. "On-the-fly" syntax checking information may be incorrect. [C:\01_FPGA_Workspace\EthernetAX7A200B\ethernet_main\ethernet_main.srcs\sources_1\new\ethernet_state_machine.v:]
WARNING: [filemgmt 56-199] Attempt to get parsing info during refresh. "On-the-fly" syntax checking information may be incorrect. [C:\01_FPGA_Workspace\EthernetAX7A200B\ethernet_main\ethernet_main.srcs\sources_1\new\ethernet_state_machine.v:]
WARNING: [filemgmt 56-199] Attempt to get parsing info during refresh. "On-the-fly" syntax checking information may be incorrect. [C:\01_FPGA_Workspace\EthernetAX7A200B\ethernet_main\ethernet_main.srcs\sources_1\new\ethernet_state_machine.v:]
WARNING: [filemgmt 56-199] Attempt to get parsing info during refresh. "On-the-fly" syntax checking information may be incorrect. [C:\01_FPGA_Workspace\EthernetAX7A200B\ethernet_main\ethernet_main.srcs\sources_1\new\ethernet_pipe_stage.v:]
WARNING: [filemgmt 56-199] Attempt to get parsing info during refresh. "On-the-fly" syntax checking information may be incorrect. [C:\01_FPGA_Workspace\EthernetAX7A200B\ethernet_main\ethernet_main.srcs\sources_1\new\rgmii_rx.v:]
WARNING: [filemgmt 56-199] Attempt to get parsing info during refresh. "On-the-fly" syntax checking information may be incorrect. [C:\01_FPGA_Workspace\EthernetAX7A200B\ethernet_main\ethernet_main.gen\sources_1\bd\design_1\hdl\design_1_wrapper.v:]
WARNING: [filemgmt 56-199] Attempt to get parsing info during refresh. "On-the-fly" syntax checking information may be incorrect. [C:\01_FPGA_Workspace\EthernetAX7A200B\ethernet_main\ethernet_main.srcs\sources_1\new\udp_state_machine.v:]
WARNING: [filemgmt 56-199] Attempt to get parsing info during refresh. "On-the-fly" syntax checking information may be incorrect. [C:\01_FPGA_Workspace\EthernetAX7A200B\ethernet_main\ethernet_main.gen\sources_1\bd\design_1\hdl\design_1_wrapper.v:]
WARNING: [filemgmt 56-199] Attempt to get parsing info during refresh. "On-the-fly" syntax checking information may be incorrect. [C:\01_FPGA_Workspace\EthernetAX7A200B\ethernet_main\ethernet_main.gen\sources_1\bd\design_1\hdl\design_1_wrapper.v:]
WARNING: [filemgmt 56-199] Attempt to get parsing info during refresh. "On-the-fly" syntax checking information may be incorrect. [C:\01_FPGA_Workspace\EthernetAX7A200B\ethernet_main\ethernet_main.srcs\sources_1\new\ethernet_state_machine.v:]
WARNING: [filemgmt 56-199] Attempt to get parsing info during refresh. "On-the-fly" syntax checking information may be incorrect. [C:\01_FPGA_Workspace\EthernetAX7A200B\ethernet_main\ethernet_main.srcs\sources_1\new\ethernet_state_machine.v:]
WARNING: [filemgmt 56-199] Attempt to get parsing info during refresh. "On-the-fly" syntax checking information may be incorrect. [C:\01_FPGA_Workspace\EthernetAX7A200B\ethernet_main\ethernet_main.srcs\sources_1\new\ethernet_pipe_stage.v:]
WARNING: [filemgmt 56-199] Attempt to get parsing info during refresh. "On-the-fly" syntax checking information may be incorrect. [C:\01_FPGA_Workspace\EthernetAX7A200B\ethernet_main\ethernet_main.srcs\sources_1\new\rgmii_rx.v:]
WARNING: [filemgmt 56-199] Attempt to get parsing info during refresh. "On-the-fly" syntax checking information may be incorrect. [C:\01_FPGA_Workspace\EthernetAX7A200B\ethernet_main\ethernet_main.gen\sources_1\bd\design_1\hdl\design_1_wrapper.v:]
WARNING: [filemgmt 56-199] Attempt to get parsing info during refresh. "On-the-fly" syntax checking information may be incorrect. [C:\01_FPGA_Workspace\EthernetAX7A200B\ethernet_main\ethernet_main.srcs\sources_1\new\udp_state_machine.v:]
WARNING: [filemgmt 56-199] Attempt to get parsing info during refresh. "On-the-fly" syntax checking information may be incorrect. [C:\01_FPGA_Workspace\EthernetAX7A200B\ethernet_main\ethernet_main.srcs\sources_1\new\rgmii_rx.v:]
WARNING: [filemgmt 56-199] Attempt to get parsing info during refresh. "On-the-fly" syntax checking information may be incorrect. [C:\01_FPGA_Workspace\EthernetAX7A200B\ethernet_main\ethernet_main.srcs\sources_1\new\rgmii_rx.v:]
WARNING: [filemgmt 56-199] Attempt to get parsing info during refresh. "On-the-fly" syntax checking information may be incorrect. [C:\01_FPGA_Workspace\EthernetAX7A200B\ethernet_main\ethernet_main.srcs\sources_1\new\ethernet_state_machine.v:]
WARNING: [filemgmt 56-199] Attempt to get parsing info during refresh. "On-the-fly" syntax checking information may be incorrect. [C:\01_FPGA_Workspace\EthernetAX7A200B\ethernet_main\ethernet_main.srcs\sources_1\new\ethernet_pipe_stage.v:]
WARNING: [filemgmt 56-199] Attempt to get parsing info during refresh. "On-the-fly" syntax checking information may be incorrect. [C:\01_FPGA_Workspace\EthernetAX7A200B\ethernet_main\ethernet_main.srcs\sources_1\new\rgmii_rx.v:]
WARNING: [filemgmt 56-199] Attempt to get parsing info during refresh. "On-the-fly" syntax checking information may be incorrect. [C:\01_FPGA_Workspace\EthernetAX7A200B\ethernet_main\ethernet_main.gen\sources_1\bd\design_1\hdl\design_1_wrapper.v:]
WARNING: [filemgmt 56-199] Attempt to get parsing info during refresh. "On-the-fly" syntax checking information may be incorrect. [C:\01_FPGA_Workspace\EthernetAX7A200B\ethernet_main\ethernet_main.srcs\sources_1\new\udp_state_machine.v:]
WARNING: [filemgmt 56-199] Attempt to get parsing info during refresh. "On-the-fly" syntax checking information may be incorrect. [C:\01_FPGA_Workspace\EthernetAX7A200B\ethernet_main\ethernet_main.srcs\sources_1\new\udp_state_machine.v:]
WARNING: [filemgmt 56-199] Attempt to get parsing info during refresh. "On-the-fly" syntax checking information may be incorrect. [C:\01_FPGA_Workspace\EthernetAX7A200B\ethernet_main\ethernet_main.srcs\sources_1\new\udp_state_machine.v:]
WARNING: [filemgmt 56-199] Attempt to get parsing info during refresh. "On-the-fly" syntax checking information may be incorrect. [C:\01_FPGA_Workspace\EthernetAX7A200B\ethernet_main\ethernet_main.srcs\sources_1\new\ethernet_state_machine.v:]
WARNING: [filemgmt 56-199] Attempt to get parsing info during refresh. "On-the-fly" syntax checking information may be incorrect. [C:\01_FPGA_Workspace\EthernetAX7A200B\ethernet_main\ethernet_main.srcs\sources_1\new\ethernet_pipe_stage.v:]
WARNING: [filemgmt 56-199] Attempt to get parsing info during refresh. "On-the-fly" syntax checking information may be incorrect. [C:\01_FPGA_Workspace\EthernetAX7A200B\ethernet_main\ethernet_main.srcs\sources_1\new\rgmii_rx.v:]
WARNING: [filemgmt 56-199] Attempt to get parsing info during refresh. "On-the-fly" syntax checking information may be incorrect. [C:\01_FPGA_Workspace\EthernetAX7A200B\ethernet_main\ethernet_main.gen\sources_1\bd\design_1\hdl\design_1_wrapper.v:]
WARNING: [filemgmt 56-199] Attempt to get parsing info during refresh. "On-the-fly" syntax checking information may be incorrect. [C:\01_FPGA_Workspace\EthernetAX7A200B\ethernet_main\ethernet_main.srcs\sources_1\new\udp_state_machine.v:]
WARNING: [filemgmt 56-199] Attempt to get parsing info during refresh. "On-the-fly" syntax checking information may be incorrect. [C:\01_FPGA_Workspace\EthernetAX7A200B\ethernet_main\ethernet_main.gen\sources_1\bd\design_1\hdl\design_1_wrapper.v:]
WARNING: [filemgmt 56-199] Attempt to get parsing info during refresh. "On-the-fly" syntax checking information may be incorrect. [C:\01_FPGA_Workspace\EthernetAX7A200B\ethernet_main\ethernet_main.gen\sources_1\bd\design_1\hdl\design_1_wrapper.v:]
WARNING: [filemgmt 56-199] Attempt to get parsing info during refresh. "On-the-fly" syntax checking information may be incorrect. [C:\01_FPGA_Workspace\EthernetAX7A200B\ethernet_main\ethernet_main.srcs\sources_1\new\ethernet_state_machine.v:]
WARNING: [filemgmt 56-199] Attempt to get parsing info during refresh. "On-the-fly" syntax checking information may be incorrect. [C:\01_FPGA_Workspace\EthernetAX7A200B\ethernet_main\ethernet_main.srcs\sources_1\new\ethernet_pipe_stage.v:]
WARNING: [filemgmt 56-199] Attempt to get parsing info during refresh. "On-the-fly" syntax checking information may be incorrect. [C:\01_FPGA_Workspace\EthernetAX7A200B\ethernet_main\ethernet_main.srcs\sources_1\new\rgmii_rx.v:]
WARNING: [filemgmt 56-199] Attempt to get parsing info during refresh. "On-the-fly" syntax checking information may be incorrect. [C:\01_FPGA_Workspace\EthernetAX7A200B\ethernet_main\ethernet_main.gen\sources_1\bd\design_1\hdl\design_1_wrapper.v:]
WARNING: [filemgmt 56-199] Attempt to get parsing info during refresh. "On-the-fly" syntax checking information may be incorrect. [C:\01_FPGA_Workspace\EthernetAX7A200B\ethernet_main\ethernet_main.srcs\sources_1\new\udp_state_machine.v:]
WARNING: [filemgmt 56-199] Attempt to get parsing info during refresh. "On-the-fly" syntax checking information may be incorrect. [C:\01_FPGA_Workspace\EthernetAX7A200B\ethernet_main\ethernet_main.srcs\sources_1\new\ethernet_state_machine.v:]
WARNING: [filemgmt 56-199] Attempt to get parsing info during refresh. "On-the-fly" syntax checking information may be incorrect. [C:\01_FPGA_Workspace\EthernetAX7A200B\ethernet_main\ethernet_main.srcs\sources_1\new\ethernet_pipe_stage.v:]
WARNING: [filemgmt 56-199] Attempt to get parsing info during refresh. "On-the-fly" syntax checking information may be incorrect. [C:\01_FPGA_Workspace\EthernetAX7A200B\ethernet_main\ethernet_main.srcs\sources_1\new\rgmii_rx.v:]
WARNING: [filemgmt 56-199] Attempt to get parsing info during refresh. "On-the-fly" syntax checking information may be incorrect. [C:\01_FPGA_Workspace\EthernetAX7A200B\ethernet_main\ethernet_main.gen\sources_1\bd\design_1\hdl\design_1_wrapper.v:]
WARNING: [filemgmt 56-199] Attempt to get parsing info during refresh. "On-the-fly" syntax checking information may be incorrect. [C:\01_FPGA_Workspace\EthernetAX7A200B\ethernet_main\ethernet_main.srcs\sources_1\new\udp_state_machine.v:]
WARNING: [filemgmt 56-199] Attempt to get parsing info during refresh. "On-the-fly" syntax checking information may be incorrect. [C:\01_FPGA_Workspace\EthernetAX7A200B\ethernet_main\ethernet_main.srcs\sources_1\new\rgmii_rx.v:]
WARNING: [filemgmt 56-199] Attempt to get parsing info during refresh. "On-the-fly" syntax checking information may be incorrect. [C:\01_FPGA_Workspace\EthernetAX7A200B\ethernet_main\ethernet_main.srcs\sources_1\new\rgmii_rx.v:]
WARNING: [filemgmt 56-199] Attempt to get parsing info during refresh. "On-the-fly" syntax checking information may be incorrect. [C:\01_FPGA_Workspace\EthernetAX7A200B\ethernet_main\ethernet_main.srcs\sources_1\new\ethernet_state_machine.v:]
WARNING: [filemgmt 56-199] Attempt to get parsing info during refresh. "On-the-fly" syntax checking information may be incorrect. [C:\01_FPGA_Workspace\EthernetAX7A200B\ethernet_main\ethernet_main.srcs\sources_1\new\ethernet_pipe_stage.v:]
WARNING: [filemgmt 56-199] Attempt to get parsing info during refresh. "On-the-fly" syntax checking information may be incorrect. [C:\01_FPGA_Workspace\EthernetAX7A200B\ethernet_main\ethernet_main.srcs\sources_1\new\rgmii_rx.v:]
WARNING: [filemgmt 56-199] Attempt to get parsing info during refresh. "On-the-fly" syntax checking information may be incorrect. [C:\01_FPGA_Workspace\EthernetAX7A200B\ethernet_main\ethernet_main.gen\sources_1\bd\design_1\hdl\design_1_wrapper.v:]
WARNING: [filemgmt 56-199] Attempt to get parsing info during refresh. "On-the-fly" syntax checking information may be incorrect. [C:\01_FPGA_Workspace\EthernetAX7A200B\ethernet_main\ethernet_main.srcs\sources_1\new\udp_state_machine.v:]
WARNING: [filemgmt 56-199] Attempt to get parsing info during refresh. "On-the-fly" syntax checking information may be incorrect. [C:\01_FPGA_Workspace\EthernetAX7A200B\ethernet_main\ethernet_main.srcs\sources_1\new\udp_state_machine.v:]
WARNING: [filemgmt 56-199] Attempt to get parsing info during refresh. "On-the-fly" syntax checking information may be incorrect. [C:\01_FPGA_Workspace\EthernetAX7A200B\ethernet_main\ethernet_main.srcs\sources_1\new\udp_state_machine.v:]
ERROR: [Common 17-180] Spawn failed: Der Vorgang wurde erfolgreich beendet.

WARNING: [filemgmt 56-199] Attempt to get parsing info during refresh. "On-the-fly" syntax checking information may be incorrect. [C:\01_FPGA_Workspace\EthernetAX7A200B\ethernet_main\ethernet_main.srcs\sources_1\new\ethernet_state_machine.v:]
WARNING: [filemgmt 56-199] Attempt to get parsing info during refresh. "On-the-fly" syntax checking information may be incorrect. [C:\01_FPGA_Workspace\EthernetAX7A200B\ethernet_main\ethernet_main.srcs\sources_1\new\ethernet_pipe_stage.v:]
WARNING: [filemgmt 56-199] Attempt to get parsing info during refresh. "On-the-fly" syntax checking information may be incorrect. [C:\01_FPGA_Workspace\EthernetAX7A200B\ethernet_main\ethernet_main.srcs\sources_1\new\rgmii_rx.v:]
WARNING: [filemgmt 56-199] Attempt to get parsing info during refresh. "On-the-fly" syntax checking information may be incorrect. [C:\01_FPGA_Workspace\EthernetAX7A200B\ethernet_main\ethernet_main.gen\sources_1\bd\design_1\hdl\design_1_wrapper.v:]
WARNING: [filemgmt 56-199] Attempt to get parsing info during refresh. "On-the-fly" syntax checking information may be incorrect. [C:\01_FPGA_Workspace\EthernetAX7A200B\ethernet_main\ethernet_main.srcs\sources_1\new\udp_state_machine.v:]
WARNING: [filemgmt 56-199] Attempt to get parsing info during refresh. "On-the-fly" syntax checking information may be incorrect. [C:\01_FPGA_Workspace\EthernetAX7A200B\ethernet_main\ethernet_main.gen\sources_1\bd\design_1\hdl\design_1_wrapper.v:]
WARNING: [filemgmt 56-199] Attempt to get parsing info during refresh. "On-the-fly" syntax checking information may be incorrect. [C:\01_FPGA_Workspace\EthernetAX7A200B\ethernet_main\ethernet_main.gen\sources_1\bd\design_1\hdl\design_1_wrapper.v:]
open_bd_design {C:/01_FPGA_Workspace/EthernetAX7A200B/ethernet_main/ethernet_main.srcs/sources_1/bd/design_1/design_1.bd}
create_bd_cell -type module -reference ethernet_pipe_stage ethernet_pipe_stage_0
INFO: [IP_Flow 19-5107] Inferred bus interface 'i_eth_clk' of definition 'xilinx.com:signal:clock:1.0' (from Xilinx Repository).
WARNING: [IP_Flow 19-5661] Bus Interface 'i_eth_clk' does not have any bus interfaces associated with it.
WARNING: [IP_Flow 19-11770] Clock interface 'i_eth_clk' has no FREQ_HZ parameter.
delete_bd_objs [get_bd_nets rgmii_rx_0_o_data]
set_property location {2 443 -99} [get_bd_cells ethernet_pipe_stage_0]
delete_bd_objs [get_bd_nets udp_state_machine_0_o_state] [get_bd_nets udp_state_machine_0_o_data_valid] [get_bd_nets udp_state_machine_0_o_cnt] [get_bd_nets udp_state_machine_0_o_udp_data] [get_bd_cells udp_state_machine_0]
update_compile_order -fileset sources_1
WARNING: [filemgmt 56-199] Attempt to get parsing info during refresh. "On-the-fly" syntax checking information may be incorrect. [C:\01_FPGA_Workspace\EthernetAX7A200B\ethernet_main\ethernet_main.srcs\sources_1\new\ethernet_state_machine.v:]
WARNING: [filemgmt 56-199] Attempt to get parsing info during refresh. "On-the-fly" syntax checking information may be incorrect. [C:\01_FPGA_Workspace\EthernetAX7A200B\ethernet_main\ethernet_main.srcs\sources_1\new\ethernet_pipe_stage.v:]
WARNING: [filemgmt 56-199] Attempt to get parsing info during refresh. "On-the-fly" syntax checking information may be incorrect. [C:\01_FPGA_Workspace\EthernetAX7A200B\ethernet_main\ethernet_main.srcs\sources_1\new\rgmii_rx.v:]
WARNING: [filemgmt 56-199] Attempt to get parsing info during refresh. "On-the-fly" syntax checking information may be incorrect. [C:\01_FPGA_Workspace\EthernetAX7A200B\ethernet_main\ethernet_main.gen\sources_1\bd\design_1\hdl\design_1_wrapper.v:]
WARNING: [filemgmt 56-199] Attempt to get parsing info during refresh. "On-the-fly" syntax checking information may be incorrect. [C:\01_FPGA_Workspace\EthernetAX7A200B\ethernet_main\ethernet_main.srcs\sources_1\new\udp_state_machine.v:]
WARNING: [filemgmt 56-199] Attempt to get parsing info during refresh. "On-the-fly" syntax checking information may be incorrect. [C:\01_FPGA_Workspace\EthernetAX7A200B\ethernet_main\ethernet_main.srcs\sources_1\new\rgmii_rx.v:]
WARNING: [filemgmt 56-199] Attempt to get parsing info during refresh. "On-the-fly" syntax checking information may be incorrect. [C:\01_FPGA_Workspace\EthernetAX7A200B\ethernet_main\ethernet_main.srcs\sources_1\new\rgmii_rx.v:]
WARNING: [filemgmt 56-199] Attempt to get parsing info during refresh. "On-the-fly" syntax checking information may be incorrect. [C:\01_FPGA_Workspace\EthernetAX7A200B\ethernet_main\ethernet_main.srcs\sources_1\new\ethernet_state_machine.v:]
WARNING: [filemgmt 56-199] Attempt to get parsing info during refresh. "On-the-fly" syntax checking information may be incorrect. [C:\01_FPGA_Workspace\EthernetAX7A200B\ethernet_main\ethernet_main.srcs\sources_1\new\ethernet_pipe_stage.v:]
WARNING: [filemgmt 56-199] Attempt to get parsing info during refresh. "On-the-fly" syntax checking information may be incorrect. [C:\01_FPGA_Workspace\EthernetAX7A200B\ethernet_main\ethernet_main.srcs\sources_1\new\rgmii_rx.v:]
WARNING: [filemgmt 56-199] Attempt to get parsing info during refresh. "On-the-fly" syntax checking information may be incorrect. [C:\01_FPGA_Workspace\EthernetAX7A200B\ethernet_main\ethernet_main.gen\sources_1\bd\design_1\hdl\design_1_wrapper.v:]
WARNING: [filemgmt 56-199] Attempt to get parsing info during refresh. "On-the-fly" syntax checking information may be incorrect. [C:\01_FPGA_Workspace\EthernetAX7A200B\ethernet_main\ethernet_main.srcs\sources_1\new\udp_state_machine.v:]
WARNING: [filemgmt 56-199] Attempt to get parsing info during refresh. "On-the-fly" syntax checking information may be incorrect. [C:\01_FPGA_Workspace\EthernetAX7A200B\ethernet_main\ethernet_main.gen\sources_1\bd\design_1\hdl\design_1_wrapper.v:]
WARNING: [filemgmt 56-199] Attempt to get parsing info during refresh. "On-the-fly" syntax checking information may be incorrect. [C:\01_FPGA_Workspace\EthernetAX7A200B\ethernet_main\ethernet_main.gen\sources_1\bd\design_1\hdl\design_1_wrapper.v:]
WARNING: [filemgmt 56-199] Attempt to get parsing info during refresh. "On-the-fly" syntax checking information may be incorrect. [C:\01_FPGA_Workspace\EthernetAX7A200B\ethernet_main\ethernet_main.srcs\sources_1\new\ethernet_state_machine.v:]
WARNING: [filemgmt 56-199] Attempt to get parsing info during refresh. "On-the-fly" syntax checking information may be incorrect. [C:\01_FPGA_Workspace\EthernetAX7A200B\ethernet_main\ethernet_main.srcs\sources_1\new\ethernet_pipe_stage.v:]
WARNING: [filemgmt 56-199] Attempt to get parsing info during refresh. "On-the-fly" syntax checking information may be incorrect. [C:\01_FPGA_Workspace\EthernetAX7A200B\ethernet_main\ethernet_main.srcs\sources_1\new\rgmii_rx.v:]
WARNING: [filemgmt 56-199] Attempt to get parsing info during refresh. "On-the-fly" syntax checking information may be incorrect. [C:\01_FPGA_Workspace\EthernetAX7A200B\ethernet_main\ethernet_main.gen\sources_1\bd\design_1\hdl\design_1_wrapper.v:]
WARNING: [filemgmt 56-199] Attempt to get parsing info during refresh. "On-the-fly" syntax checking information may be incorrect. [C:\01_FPGA_Workspace\EthernetAX7A200B\ethernet_main\ethernet_main.srcs\sources_1\new\udp_state_machine.v:]
WARNING: [filemgmt 56-199] Attempt to get parsing info during refresh. "On-the-fly" syntax checking information may be incorrect. [C:\01_FPGA_Workspace\EthernetAX7A200B\ethernet_main\ethernet_main.srcs\sources_1\new\udp_state_machine.v:]
WARNING: [filemgmt 56-199] Attempt to get parsing info during refresh. "On-the-fly" syntax checking information may be incorrect. [C:\01_FPGA_Workspace\EthernetAX7A200B\ethernet_main\ethernet_main.srcs\sources_1\new\udp_state_machine.v:]
ERROR: [Common 17-180] Spawn failed: Der Vorgang wurde erfolgreich beendet.

WARNING: [filemgmt 56-199] Attempt to get parsing info during refresh. "On-the-fly" syntax checking information may be incorrect. [C:\01_FPGA_Workspace\EthernetAX7A200B\ethernet_main\ethernet_main.srcs\sources_1\new\ethernet_state_machine.v:]
WARNING: [filemgmt 56-199] Attempt to get parsing info during refresh. "On-the-fly" syntax checking information may be incorrect. [C:\01_FPGA_Workspace\EthernetAX7A200B\ethernet_main\ethernet_main.srcs\sources_1\new\ethernet_pipe_stage.v:]
WARNING: [filemgmt 56-199] Attempt to get parsing info during refresh. "On-the-fly" syntax checking information may be incorrect. [C:\01_FPGA_Workspace\EthernetAX7A200B\ethernet_main\ethernet_main.srcs\sources_1\new\rgmii_rx.v:]
WARNING: [filemgmt 56-199] Attempt to get parsing info during refresh. "On-the-fly" syntax checking information may be incorrect. [C:\01_FPGA_Workspace\EthernetAX7A200B\ethernet_main\ethernet_main.gen\sources_1\bd\design_1\hdl\design_1_wrapper.v:]
WARNING: [filemgmt 56-199] Attempt to get parsing info during refresh. "On-the-fly" syntax checking information may be incorrect. [C:\01_FPGA_Workspace\EthernetAX7A200B\ethernet_main\ethernet_main.srcs\sources_1\new\udp_state_machine.v:]
WARNING: [filemgmt 56-199] Attempt to get parsing info during refresh. "On-the-fly" syntax checking information may be incorrect. [C:\01_FPGA_Workspace\EthernetAX7A200B\ethernet_main\ethernet_main.srcs\sources_1\new\ethernet_state_machine.v:]
WARNING: [filemgmt 56-199] Attempt to get parsing info during refresh. "On-the-fly" syntax checking information may be incorrect. [C:\01_FPGA_Workspace\EthernetAX7A200B\ethernet_main\ethernet_main.srcs\sources_1\new\ethernet_state_machine.v:]
undo
INFO: [Common 17-17] undo 'delete_bd_objs [get_bd_nets udp_state_machine_0_o_state] [get_bd_nets udp_state_machine_0_o_data_valid] [get_bd_nets udp_state_machine_0_o_cnt] [get_bd_nets udp_state_machine_0_o_udp_data] [get_bd_cells udp_state_machine_0]'
update_compile_order -fileset sources_1
WARNING: [filemgmt 56-199] Attempt to get parsing info during refresh. "On-the-fly" syntax checking information may be incorrect. [C:\01_FPGA_Workspace\EthernetAX7A200B\ethernet_main\ethernet_main.srcs\sources_1\new\ethernet_state_machine.v:]
WARNING: [filemgmt 56-199] Attempt to get parsing info during refresh. "On-the-fly" syntax checking information may be incorrect. [C:\01_FPGA_Workspace\EthernetAX7A200B\ethernet_main\ethernet_main.srcs\sources_1\new\ethernet_pipe_stage.v:]
WARNING: [filemgmt 56-199] Attempt to get parsing info during refresh. "On-the-fly" syntax checking information may be incorrect. [C:\01_FPGA_Workspace\EthernetAX7A200B\ethernet_main\ethernet_main.srcs\sources_1\new\rgmii_rx.v:]
WARNING: [filemgmt 56-199] Attempt to get parsing info during refresh. "On-the-fly" syntax checking information may be incorrect. [C:\01_FPGA_Workspace\EthernetAX7A200B\ethernet_main\ethernet_main.gen\sources_1\bd\design_1\hdl\design_1_wrapper.v:]
WARNING: [filemgmt 56-199] Attempt to get parsing info during refresh. "On-the-fly" syntax checking information may be incorrect. [C:\01_FPGA_Workspace\EthernetAX7A200B\ethernet_main\ethernet_main.srcs\sources_1\new\udp_state_machine.v:]
WARNING: [filemgmt 56-199] Attempt to get parsing info during refresh. "On-the-fly" syntax checking information may be incorrect. [C:\01_FPGA_Workspace\EthernetAX7A200B\ethernet_main\ethernet_main.srcs\sources_1\new\rgmii_rx.v:]
WARNING: [filemgmt 56-199] Attempt to get parsing info during refresh. "On-the-fly" syntax checking information may be incorrect. [C:\01_FPGA_Workspace\EthernetAX7A200B\ethernet_main\ethernet_main.srcs\sources_1\new\rgmii_rx.v:]
WARNING: [filemgmt 56-199] Attempt to get parsing info during refresh. "On-the-fly" syntax checking information may be incorrect. [C:\01_FPGA_Workspace\EthernetAX7A200B\ethernet_main\ethernet_main.srcs\sources_1\new\ethernet_state_machine.v:]
WARNING: [filemgmt 56-199] Attempt to get parsing info during refresh. "On-the-fly" syntax checking information may be incorrect. [C:\01_FPGA_Workspace\EthernetAX7A200B\ethernet_main\ethernet_main.srcs\sources_1\new\ethernet_pipe_stage.v:]
WARNING: [filemgmt 56-199] Attempt to get parsing info during refresh. "On-the-fly" syntax checking information may be incorrect. [C:\01_FPGA_Workspace\EthernetAX7A200B\ethernet_main\ethernet_main.srcs\sources_1\new\rgmii_rx.v:]
WARNING: [filemgmt 56-199] Attempt to get parsing info during refresh. "On-the-fly" syntax checking information may be incorrect. [C:\01_FPGA_Workspace\EthernetAX7A200B\ethernet_main\ethernet_main.gen\sources_1\bd\design_1\hdl\design_1_wrapper.v:]
WARNING: [filemgmt 56-199] Attempt to get parsing info during refresh. "On-the-fly" syntax checking information may be incorrect. [C:\01_FPGA_Workspace\EthernetAX7A200B\ethernet_main\ethernet_main.srcs\sources_1\new\udp_state_machine.v:]
WARNING: [filemgmt 56-199] Attempt to get parsing info during refresh. "On-the-fly" syntax checking information may be incorrect. [C:\01_FPGA_Workspace\EthernetAX7A200B\ethernet_main\ethernet_main.srcs\sources_1\new\ethernet_pipe_stage.v:]
WARNING: [filemgmt 56-199] Attempt to get parsing info during refresh. "On-the-fly" syntax checking information may be incorrect. [C:\01_FPGA_Workspace\EthernetAX7A200B\ethernet_main\ethernet_main.srcs\sources_1\new\ethernet_pipe_stage.v:]
WARNING: [filemgmt 56-199] Attempt to get parsing info during refresh. "On-the-fly" syntax checking information may be incorrect. [C:\01_FPGA_Workspace\EthernetAX7A200B\ethernet_main\ethernet_main.srcs\sources_1\new\ethernet_state_machine.v:]
WARNING: [filemgmt 56-199] Attempt to get parsing info during refresh. "On-the-fly" syntax checking information may be incorrect. [C:\01_FPGA_Workspace\EthernetAX7A200B\ethernet_main\ethernet_main.srcs\sources_1\new\ethernet_pipe_stage.v:]
WARNING: [filemgmt 56-199] Attempt to get parsing info during refresh. "On-the-fly" syntax checking information may be incorrect. [C:\01_FPGA_Workspace\EthernetAX7A200B\ethernet_main\ethernet_main.srcs\sources_1\new\rgmii_rx.v:]
WARNING: [filemgmt 56-199] Attempt to get parsing info during refresh. "On-the-fly" syntax checking information may be incorrect. [C:\01_FPGA_Workspace\EthernetAX7A200B\ethernet_main\ethernet_main.gen\sources_1\bd\design_1\hdl\design_1_wrapper.v:]
WARNING: [filemgmt 56-199] Attempt to get parsing info during refresh. "On-the-fly" syntax checking information may be incorrect. [C:\01_FPGA_Workspace\EthernetAX7A200B\ethernet_main\ethernet_main.srcs\sources_1\new\udp_state_machine.v:]
WARNING: [filemgmt 56-199] Attempt to get parsing info during refresh. "On-the-fly" syntax checking information may be incorrect. [C:\01_FPGA_Workspace\EthernetAX7A200B\ethernet_main\ethernet_main.gen\sources_1\bd\design_1\hdl\design_1_wrapper.v:]
WARNING: [filemgmt 56-199] Attempt to get parsing info during refresh. "On-the-fly" syntax checking information may be incorrect. [C:\01_FPGA_Workspace\EthernetAX7A200B\ethernet_main\ethernet_main.gen\sources_1\bd\design_1\hdl\design_1_wrapper.v:]
WARNING: [filemgmt 56-199] Attempt to get parsing info during refresh. "On-the-fly" syntax checking information may be incorrect. [C:\01_FPGA_Workspace\EthernetAX7A200B\ethernet_main\ethernet_main.srcs\sources_1\new\ethernet_state_machine.v:]
WARNING: [filemgmt 56-199] Attempt to get parsing info during refresh. "On-the-fly" syntax checking information may be incorrect. [C:\01_FPGA_Workspace\EthernetAX7A200B\ethernet_main\ethernet_main.srcs\sources_1\new\ethernet_pipe_stage.v:]
WARNING: [filemgmt 56-199] Attempt to get parsing info during refresh. "On-the-fly" syntax checking information may be incorrect. [C:\01_FPGA_Workspace\EthernetAX7A200B\ethernet_main\ethernet_main.srcs\sources_1\new\rgmii_rx.v:]
WARNING: [filemgmt 56-199] Attempt to get parsing info during refresh. "On-the-fly" syntax checking information may be incorrect. [C:\01_FPGA_Workspace\EthernetAX7A200B\ethernet_main\ethernet_main.gen\sources_1\bd\design_1\hdl\design_1_wrapper.v:]
WARNING: [filemgmt 56-199] Attempt to get parsing info during refresh. "On-the-fly" syntax checking information may be incorrect. [C:\01_FPGA_Workspace\EthernetAX7A200B\ethernet_main\ethernet_main.srcs\sources_1\new\udp_state_machine.v:]
WARNING: [filemgmt 56-199] Attempt to get parsing info during refresh. "On-the-fly" syntax checking information may be incorrect. [C:\01_FPGA_Workspace\EthernetAX7A200B\ethernet_main\ethernet_main.srcs\sources_1\new\udp_state_machine.v:]
WARNING: [filemgmt 56-199] Attempt to get parsing info during refresh. "On-the-fly" syntax checking information may be incorrect. [C:\01_FPGA_Workspace\EthernetAX7A200B\ethernet_main\ethernet_main.srcs\sources_1\new\udp_state_machine.v:]
connect_bd_net [get_bd_ports i_eth_clk] [get_bd_pins ethernet_pipe_stage_0/i_eth_clk]
ERROR: [Common 17-180] Spawn failed: Der Vorgang wurde erfolgreich beendet.

connect_bd_net [get_bd_pins rgmii_rx_0/o_data] [get_bd_pins ethernet_pipe_stage_0/i_data_byte]
connect_bd_net [get_bd_pins ethernet_pipe_stage_0/o_piped_byte] [get_bd_pins udp_state_machine_0/i_data_byte]
regenerate_bd_layout
save_bd_design
Wrote  : <C:\01_FPGA_Workspace\EthernetAX7A200B\ethernet_main\ethernet_main.srcs\sources_1\bd\design_1\design_1.bd> 
Wrote  : <C:/01_FPGA_Workspace/EthernetAX7A200B/ethernet_main/ethernet_main.srcs/sources_1/bd/design_1/ui/bd_1f5defd0.ui> 
validate_bd_design
ERROR: [Common 17-161] Invalid option value '' specified for 'object'.
ERROR: [BD 41-1273] Error running propagate TCL procedure: ERROR: [Common 17-161] Invalid option value '' specified for 'object'.
    ::xilinx.com_ip_ila_6.2::propagate Line 95
ERROR: [Common 17-39] 'validate_bd_design' failed due to earlier errors.
update_compile_order -fileset sources_1
WARNING: [filemgmt 56-199] Attempt to get parsing info during refresh. "On-the-fly" syntax checking information may be incorrect. [C:\01_FPGA_Workspace\EthernetAX7A200B\ethernet_main\ethernet_main.srcs\sources_1\new\ethernet_state_machine.v:]
WARNING: [filemgmt 56-199] Attempt to get parsing info during refresh. "On-the-fly" syntax checking information may be incorrect. [C:\01_FPGA_Workspace\EthernetAX7A200B\ethernet_main\ethernet_main.srcs\sources_1\new\ethernet_pipe_stage.v:]
WARNING: [filemgmt 56-199] Attempt to get parsing info during refresh. "On-the-fly" syntax checking information may be incorrect. [C:\01_FPGA_Workspace\EthernetAX7A200B\ethernet_main\ethernet_main.srcs\sources_1\new\rgmii_rx.v:]
WARNING: [filemgmt 56-199] Attempt to get parsing info during refresh. "On-the-fly" syntax checking information may be incorrect. [C:\01_FPGA_Workspace\EthernetAX7A200B\ethernet_main\ethernet_main.gen\sources_1\bd\design_1\hdl\design_1_wrapper.v:]
WARNING: [filemgmt 56-199] Attempt to get parsing info during refresh. "On-the-fly" syntax checking information may be incorrect. [C:\01_FPGA_Workspace\EthernetAX7A200B\ethernet_main\ethernet_main.srcs\sources_1\new\udp_state_machine.v:]
WARNING: [filemgmt 56-199] Attempt to get parsing info during refresh. "On-the-fly" syntax checking information may be incorrect. [C:\01_FPGA_Workspace\EthernetAX7A200B\ethernet_main\ethernet_main.srcs\sources_1\new\ethernet_pipe_stage.v:]
WARNING: [filemgmt 56-199] Attempt to get parsing info during refresh. "On-the-fly" syntax checking information may be incorrect. [C:\01_FPGA_Workspace\EthernetAX7A200B\ethernet_main\ethernet_main.srcs\sources_1\new\ethernet_pipe_stage.v:]
WARNING: [filemgmt 56-199] Attempt to get parsing info during refresh. "On-the-fly" syntax checking information may be incorrect. [C:\01_FPGA_Workspace\EthernetAX7A200B\ethernet_main\ethernet_main.srcs\sources_1\new\ethernet_state_machine.v:]
WARNING: [filemgmt 56-199] Attempt to get parsing info during refresh. "On-the-fly" syntax checking information may be incorrect. [C:\01_FPGA_Workspace\EthernetAX7A200B\ethernet_main\ethernet_main.srcs\sources_1\new\ethernet_pipe_stage.v:]
WARNING: [filemgmt 56-199] Attempt to get parsing info during refresh. "On-the-fly" syntax checking information may be incorrect. [C:\01_FPGA_Workspace\EthernetAX7A200B\ethernet_main\ethernet_main.srcs\sources_1\new\rgmii_rx.v:]
WARNING: [filemgmt 56-199] Attempt to get parsing info during refresh. "On-the-fly" syntax checking information may be incorrect. [C:\01_FPGA_Workspace\EthernetAX7A200B\ethernet_main\ethernet_main.gen\sources_1\bd\design_1\hdl\design_1_wrapper.v:]
WARNING: [filemgmt 56-199] Attempt to get parsing info during refresh. "On-the-fly" syntax checking information may be incorrect. [C:\01_FPGA_Workspace\EthernetAX7A200B\ethernet_main\ethernet_main.srcs\sources_1\new\udp_state_machine.v:]
WARNING: [filemgmt 56-199] Attempt to get parsing info during refresh. "On-the-fly" syntax checking information may be incorrect. [C:\01_FPGA_Workspace\EthernetAX7A200B\ethernet_main\ethernet_main.srcs\sources_1\new\udp_state_machine.v:]
WARNING: [filemgmt 56-199] Attempt to get parsing info during refresh. "On-the-fly" syntax checking information may be incorrect. [C:\01_FPGA_Workspace\EthernetAX7A200B\ethernet_main\ethernet_main.srcs\sources_1\new\udp_state_machine.v:]
WARNING: [filemgmt 56-199] Attempt to get parsing info during refresh. "On-the-fly" syntax checking information may be incorrect. [C:\01_FPGA_Workspace\EthernetAX7A200B\ethernet_main\ethernet_main.srcs\sources_1\new\ethernet_state_machine.v:]
WARNING: [filemgmt 56-199] Attempt to get parsing info during refresh. "On-the-fly" syntax checking information may be incorrect. [C:\01_FPGA_Workspace\EthernetAX7A200B\ethernet_main\ethernet_main.srcs\sources_1\new\ethernet_pipe_stage.v:]
WARNING: [filemgmt 56-199] Attempt to get parsing info during refresh. "On-the-fly" syntax checking information may be incorrect. [C:\01_FPGA_Workspace\EthernetAX7A200B\ethernet_main\ethernet_main.srcs\sources_1\new\rgmii_rx.v:]
WARNING: [filemgmt 56-199] Attempt to get parsing info during refresh. "On-the-fly" syntax checking information may be incorrect. [C:\01_FPGA_Workspace\EthernetAX7A200B\ethernet_main\ethernet_main.gen\sources_1\bd\design_1\hdl\design_1_wrapper.v:]
WARNING: [filemgmt 56-199] Attempt to get parsing info during refresh. "On-the-fly" syntax checking information may be incorrect. [C:\01_FPGA_Workspace\EthernetAX7A200B\ethernet_main\ethernet_main.srcs\sources_1\new\udp_state_machine.v:]
WARNING: [filemgmt 56-199] Attempt to get parsing info during refresh. "On-the-fly" syntax checking information may be incorrect. [C:\01_FPGA_Workspace\EthernetAX7A200B\ethernet_main\ethernet_main.srcs\sources_1\new\rgmii_rx.v:]
WARNING: [filemgmt 56-199] Attempt to get parsing info during refresh. "On-the-fly" syntax checking information may be incorrect. [C:\01_FPGA_Workspace\EthernetAX7A200B\ethernet_main\ethernet_main.srcs\sources_1\new\rgmii_rx.v:]
WARNING: [filemgmt 56-199] Attempt to get parsing info during refresh. "On-the-fly" syntax checking information may be incorrect. [C:\01_FPGA_Workspace\EthernetAX7A200B\ethernet_main\ethernet_main.srcs\sources_1\new\ethernet_state_machine.v:]
WARNING: [filemgmt 56-199] Attempt to get parsing info during refresh. "On-the-fly" syntax checking information may be incorrect. [C:\01_FPGA_Workspace\EthernetAX7A200B\ethernet_main\ethernet_main.srcs\sources_1\new\ethernet_pipe_stage.v:]
WARNING: [filemgmt 56-199] Attempt to get parsing info during refresh. "On-the-fly" syntax checking information may be incorrect. [C:\01_FPGA_Workspace\EthernetAX7A200B\ethernet_main\ethernet_main.srcs\sources_1\new\rgmii_rx.v:]
WARNING: [filemgmt 56-199] Attempt to get parsing info during refresh. "On-the-fly" syntax checking information may be incorrect. [C:\01_FPGA_Workspace\EthernetAX7A200B\ethernet_main\ethernet_main.gen\sources_1\bd\design_1\hdl\design_1_wrapper.v:]
WARNING: [filemgmt 56-199] Attempt to get parsing info during refresh. "On-the-fly" syntax checking information may be incorrect. [C:\01_FPGA_Workspace\EthernetAX7A200B\ethernet_main\ethernet_main.srcs\sources_1\new\udp_state_machine.v:]
WARNING: [filemgmt 56-199] Attempt to get parsing info during refresh. "On-the-fly" syntax checking information may be incorrect. [C:\01_FPGA_Workspace\EthernetAX7A200B\ethernet_main\ethernet_main.gen\sources_1\bd\design_1\hdl\design_1_wrapper.v:]
WARNING: [filemgmt 56-199] Attempt to get parsing info during refresh. "On-the-fly" syntax checking information may be incorrect. [C:\01_FPGA_Workspace\EthernetAX7A200B\ethernet_main\ethernet_main.gen\sources_1\bd\design_1\hdl\design_1_wrapper.v:]
ERROR: [Common 17-180] Spawn failed: Der Vorgang wurde erfolgreich beendet.

connect_bd_net [get_bd_pins ila_0/probe0] [get_bd_pins rgmii_rx_0/o_data]
WARNING: [IP_Flow 19-4067] Ignoring invalid widget type specified checkbox.Providing a default widget
startgroup
set_property -dict [list \
  CONFIG.C_NUM_OF_PROBES {7} \
  CONFIG.C_PROBE6_WIDTH {8} \
] [get_bd_cells ila_0]
endgroup
connect_bd_net [get_bd_pins ila_0/probe6] [get_bd_pins ethernet_pipe_stage_0/o_piped_byte]
save_bd_design
Wrote  : <C:\01_FPGA_Workspace\EthernetAX7A200B\ethernet_main\ethernet_main.srcs\sources_1\bd\design_1\design_1.bd> 
Wrote  : <C:/01_FPGA_Workspace/EthernetAX7A200B/ethernet_main/ethernet_main.srcs/sources_1/bd/design_1/ui/bd_1f5defd0.ui> 
validate_bd_design
make_wrapper -files [get_files C:/01_FPGA_Workspace/EthernetAX7A200B/ethernet_main/ethernet_main.srcs/sources_1/bd/design_1/design_1.bd] -top
INFO: [BD 41-1662] The design 'design_1.bd' is already validated. Therefore parameter propagation will not be re-run.
Wrote  : <C:\01_FPGA_Workspace\EthernetAX7A200B\ethernet_main\ethernet_main.srcs\sources_1\bd\design_1\design_1.bd> 
Wrote  : <C:/01_FPGA_Workspace/EthernetAX7A200B/ethernet_main/ethernet_main.srcs/sources_1/bd/design_1/ui/bd_1f5defd0.ui> 
Verilog Output written to : c:/01_FPGA_Workspace/EthernetAX7A200B/ethernet_main/ethernet_main.gen/sources_1/bd/design_1/synth/design_1.v
Verilog Output written to : c:/01_FPGA_Workspace/EthernetAX7A200B/ethernet_main/ethernet_main.gen/sources_1/bd/design_1/sim/design_1.v
Verilog Output written to : c:/01_FPGA_Workspace/EthernetAX7A200B/ethernet_main/ethernet_main.gen/sources_1/bd/design_1/hdl/design_1_wrapper.v
WARNING: [filemgmt 56-199] Attempt to get parsing info during refresh. "On-the-fly" syntax checking information may be incorrect. [C:\01_FPGA_Workspace\EthernetAX7A200B\ethernet_main\ethernet_main.srcs\sources_1\new\ethernet_state_machine.v:]
WARNING: [filemgmt 56-199] Attempt to get parsing info during refresh. "On-the-fly" syntax checking information may be incorrect. [C:\01_FPGA_Workspace\EthernetAX7A200B\ethernet_main\ethernet_main.srcs\sources_1\new\ethernet_pipe_stage.v:]
WARNING: [filemgmt 56-199] Attempt to get parsing info during refresh. "On-the-fly" syntax checking information may be incorrect. [C:\01_FPGA_Workspace\EthernetAX7A200B\ethernet_main\ethernet_main.srcs\sources_1\new\rgmii_rx.v:]
WARNING: [filemgmt 56-199] Attempt to get parsing info during refresh. "On-the-fly" syntax checking information may be incorrect. [C:\01_FPGA_Workspace\EthernetAX7A200B\ethernet_main\ethernet_main.gen\sources_1\bd\design_1\hdl\design_1_wrapper.v:]
WARNING: [filemgmt 56-199] Attempt to get parsing info during refresh. "On-the-fly" syntax checking information may be incorrect. [C:\01_FPGA_Workspace\EthernetAX7A200B\ethernet_main\ethernet_main.srcs\sources_1\new\udp_state_machine.v:]
WARNING: [filemgmt 56-199] Attempt to get parsing info during refresh. "On-the-fly" syntax checking information may be incorrect. [C:\01_FPGA_Workspace\EthernetAX7A200B\ethernet_main\ethernet_main.gen\sources_1\bd\design_1\hdl\design_1_wrapper.v:]
WARNING: [filemgmt 56-199] Attempt to get parsing info during refresh. "On-the-fly" syntax checking information may be incorrect. [C:\01_FPGA_Workspace\EthernetAX7A200B\ethernet_main\ethernet_main.gen\sources_1\bd\design_1\hdl\design_1_wrapper.v:]
WARNING: [filemgmt 56-199] Attempt to get parsing info during refresh. "On-the-fly" syntax checking information may be incorrect. [C:\01_FPGA_Workspace\EthernetAX7A200B\ethernet_main\ethernet_main.srcs\sources_1\new\ethernet_state_machine.v:]
WARNING: [filemgmt 56-199] Attempt to get parsing info during refresh. "On-the-fly" syntax checking information may be incorrect. [C:\01_FPGA_Workspace\EthernetAX7A200B\ethernet_main\ethernet_main.srcs\sources_1\new\ethernet_pipe_stage.v:]
WARNING: [filemgmt 56-199] Attempt to get parsing info during refresh. "On-the-fly" syntax checking information may be incorrect. [C:\01_FPGA_Workspace\EthernetAX7A200B\ethernet_main\ethernet_main.srcs\sources_1\new\rgmii_rx.v:]
WARNING: [filemgmt 56-199] Attempt to get parsing info during refresh. "On-the-fly" syntax checking information may be incorrect. [C:\01_FPGA_Workspace\EthernetAX7A200B\ethernet_main\ethernet_main.gen\sources_1\bd\design_1\hdl\design_1_wrapper.v:]
WARNING: [filemgmt 56-199] Attempt to get parsing info during refresh. "On-the-fly" syntax checking information may be incorrect. [C:\01_FPGA_Workspace\EthernetAX7A200B\ethernet_main\ethernet_main.srcs\sources_1\new\udp_state_machine.v:]
WARNING: [filemgmt 56-199] Attempt to get parsing info during refresh. "On-the-fly" syntax checking information may be incorrect. [C:\01_FPGA_Workspace\EthernetAX7A200B\ethernet_main\ethernet_main.srcs\sources_1\new\ethernet_pipe_stage.v:]
WARNING: [filemgmt 56-199] Attempt to get parsing info during refresh. "On-the-fly" syntax checking information may be incorrect. [C:\01_FPGA_Workspace\EthernetAX7A200B\ethernet_main\ethernet_main.srcs\sources_1\new\ethernet_pipe_stage.v:]
WARNING: [filemgmt 56-199] Attempt to get parsing info during refresh. "On-the-fly" syntax checking information may be incorrect. [C:\01_FPGA_Workspace\EthernetAX7A200B\ethernet_main\ethernet_main.srcs\sources_1\new\ethernet_state_machine.v:]
WARNING: [filemgmt 56-199] Attempt to get parsing info during refresh. "On-the-fly" syntax checking information may be incorrect. [C:\01_FPGA_Workspace\EthernetAX7A200B\ethernet_main\ethernet_main.srcs\sources_1\new\ethernet_pipe_stage.v:]
WARNING: [filemgmt 56-199] Attempt to get parsing info during refresh. "On-the-fly" syntax checking information may be incorrect. [C:\01_FPGA_Workspace\EthernetAX7A200B\ethernet_main\ethernet_main.srcs\sources_1\new\rgmii_rx.v:]
WARNING: [filemgmt 56-199] Attempt to get parsing info during refresh. "On-the-fly" syntax checking information may be incorrect. [C:\01_FPGA_Workspace\EthernetAX7A200B\ethernet_main\ethernet_main.gen\sources_1\bd\design_1\hdl\design_1_wrapper.v:]
WARNING: [filemgmt 56-199] Attempt to get parsing info during refresh. "On-the-fly" syntax checking information may be incorrect. [C:\01_FPGA_Workspace\EthernetAX7A200B\ethernet_main\ethernet_main.srcs\sources_1\new\udp_state_machine.v:]
WARNING: [filemgmt 56-199] Attempt to get parsing info during refresh. "On-the-fly" syntax checking information may be incorrect. [C:\01_FPGA_Workspace\EthernetAX7A200B\ethernet_main\ethernet_main.srcs\sources_1\new\rgmii_rx.v:]
WARNING: [filemgmt 56-199] Attempt to get parsing info during refresh. "On-the-fly" syntax checking information may be incorrect. [C:\01_FPGA_Workspace\EthernetAX7A200B\ethernet_main\ethernet_main.srcs\sources_1\new\rgmii_rx.v:]
WARNING: [filemgmt 56-199] Attempt to get parsing info during refresh. "On-the-fly" syntax checking information may be incorrect. [C:\01_FPGA_Workspace\EthernetAX7A200B\ethernet_main\ethernet_main.srcs\sources_1\new\ethernet_state_machine.v:]
WARNING: [filemgmt 56-199] Attempt to get parsing info during refresh. "On-the-fly" syntax checking information may be incorrect. [C:\01_FPGA_Workspace\EthernetAX7A200B\ethernet_main\ethernet_main.srcs\sources_1\new\ethernet_pipe_stage.v:]
WARNING: [filemgmt 56-199] Attempt to get parsing info during refresh. "On-the-fly" syntax checking information may be incorrect. [C:\01_FPGA_Workspace\EthernetAX7A200B\ethernet_main\ethernet_main.srcs\sources_1\new\rgmii_rx.v:]
WARNING: [filemgmt 56-199] Attempt to get parsing info during refresh. "On-the-fly" syntax checking information may be incorrect. [C:\01_FPGA_Workspace\EthernetAX7A200B\ethernet_main\ethernet_main.gen\sources_1\bd\design_1\hdl\design_1_wrapper.v:]
WARNING: [filemgmt 56-199] Attempt to get parsing info during refresh. "On-the-fly" syntax checking information may be incorrect. [C:\01_FPGA_Workspace\EthernetAX7A200B\ethernet_main\ethernet_main.srcs\sources_1\new\udp_state_machine.v:]
WARNING: [filemgmt 56-199] Attempt to get parsing info during refresh. "On-the-fly" syntax checking information may be incorrect. [C:\01_FPGA_Workspace\EthernetAX7A200B\ethernet_main\ethernet_main.srcs\sources_1\new\udp_state_machine.v:]
WARNING: [filemgmt 56-199] Attempt to get parsing info during refresh. "On-the-fly" syntax checking information may be incorrect. [C:\01_FPGA_Workspace\EthernetAX7A200B\ethernet_main\ethernet_main.srcs\sources_1\new\udp_state_machine.v:]
ERROR: [Common 17-180] Spawn failed: Der Vorgang wurde erfolgreich beendet.

reset_run synth_1
INFO: [Project 1-1161] Replacing file C:/01_FPGA_Workspace/EthernetAX7A200B/ethernet_main/ethernet_main.srcs/utils_1/imports/synth_1/design_1_wrapper.dcp with file C:/01_FPGA_Workspace/EthernetAX7A200B/ethernet_main/ethernet_main.runs/synth_1/design_1_wrapper.dcp
reset_run design_1_ila_0_0_synth_1
launch_runs impl_1 -to_step write_bitstream -jobs 10
INFO: [BD 41-1662] The design 'design_1.bd' is already validated. Therefore parameter propagation will not be re-run.
Verilog Output written to : c:/01_FPGA_Workspace/EthernetAX7A200B/ethernet_main/ethernet_main.gen/sources_1/bd/design_1/synth/design_1.v
Verilog Output written to : c:/01_FPGA_Workspace/EthernetAX7A200B/ethernet_main/ethernet_main.gen/sources_1/bd/design_1/sim/design_1.v
Verilog Output written to : c:/01_FPGA_Workspace/EthernetAX7A200B/ethernet_main/ethernet_main.gen/sources_1/bd/design_1/hdl/design_1_wrapper.v
WARNING: [IP_Flow 19-4994] Overwriting existing constraint file 'c:/01_FPGA_Workspace/EthernetAX7A200B/ethernet_main/ethernet_main.gen/sources_1/bd/design_1/ip/design_1_ila_0_0/design_1_ila_0_0_ooc.xdc'
INFO: [BD 41-1029] Generation completed for the IP Integrator block ila_0 .
INFO: [BD 41-1029] Generation completed for the IP Integrator block ethernet_pipe_stage_0 .
WARNING: [filemgmt 56-199] Attempt to get parsing info during refresh. "On-the-fly" syntax checking information may be incorrect. [C:\01_FPGA_Workspace\EthernetAX7A200B\ethernet_main\ethernet_main.srcs\sources_1\new\ethernet_state_machine.v:]
WARNING: [filemgmt 56-199] Attempt to get parsing info during refresh. "On-the-fly" syntax checking information may be incorrect. [C:\01_FPGA_Workspace\EthernetAX7A200B\ethernet_main\ethernet_main.srcs\sources_1\new\ethernet_pipe_stage.v:]
WARNING: [filemgmt 56-199] Attempt to get parsing info during refresh. "On-the-fly" syntax checking information may be incorrect. [C:\01_FPGA_Workspace\EthernetAX7A200B\ethernet_main\ethernet_main.srcs\sources_1\new\rgmii_rx.v:]
WARNING: [filemgmt 56-199] Attempt to get parsing info during refresh. "On-the-fly" syntax checking information may be incorrect. [C:\01_FPGA_Workspace\EthernetAX7A200B\ethernet_main\ethernet_main.gen\sources_1\bd\design_1\hdl\design_1_wrapper.v:]
WARNING: [filemgmt 56-199] Attempt to get parsing info during refresh. "On-the-fly" syntax checking information may be incorrect. [C:\01_FPGA_Workspace\EthernetAX7A200B\ethernet_main\ethernet_main.srcs\sources_1\new\udp_state_machine.v:]
WARNING: [filemgmt 56-199] Attempt to get parsing info during refresh. "On-the-fly" syntax checking information may be incorrect. [C:\01_FPGA_Workspace\EthernetAX7A200B\ethernet_main\ethernet_main.srcs\sources_1\new\ethernet_state_machine.v:]
WARNING: [filemgmt 56-199] Attempt to get parsing info during refresh. "On-the-fly" syntax checking information may be incorrect. [C:\01_FPGA_Workspace\EthernetAX7A200B\ethernet_main\ethernet_main.srcs\sources_1\new\ethernet_state_machine.v:]
Exporting to file c:/01_FPGA_Workspace/EthernetAX7A200B/ethernet_main/ethernet_main.gen/sources_1/bd/design_1/hw_handoff/design_1.hwh
Generated Hardware Definition File c:/01_FPGA_Workspace/EthernetAX7A200B/ethernet_main/ethernet_main.gen/sources_1/bd/design_1/synth/design_1.hwdef
WARNING: [filemgmt 56-199] Attempt to get parsing info during refresh. "On-the-fly" syntax checking information may be incorrect. [C:\01_FPGA_Workspace\EthernetAX7A200B\ethernet_main\ethernet_main.srcs\sources_1\new\ethernet_state_machine.v:]
WARNING: [filemgmt 56-199] Attempt to get parsing info during refresh. "On-the-fly" syntax checking information may be incorrect. [C:\01_FPGA_Workspace\EthernetAX7A200B\ethernet_main\ethernet_main.srcs\sources_1\new\ethernet_pipe_stage.v:]
WARNING: [filemgmt 56-199] Attempt to get parsing info during refresh. "On-the-fly" syntax checking information may be incorrect. [C:\01_FPGA_Workspace\EthernetAX7A200B\ethernet_main\ethernet_main.srcs\sources_1\new\rgmii_rx.v:]
WARNING: [filemgmt 56-199] Attempt to get parsing info during refresh. "On-the-fly" syntax checking information may be incorrect. [C:\01_FPGA_Workspace\EthernetAX7A200B\ethernet_main\ethernet_main.gen\sources_1\bd\design_1\hdl\design_1_wrapper.v:]
WARNING: [filemgmt 56-199] Attempt to get parsing info during refresh. "On-the-fly" syntax checking information may be incorrect. [C:\01_FPGA_Workspace\EthernetAX7A200B\ethernet_main\ethernet_main.srcs\sources_1\new\udp_state_machine.v:]
WARNING: [filemgmt 56-199] Attempt to get parsing info during refresh. "On-the-fly" syntax checking information may be incorrect. [C:\01_FPGA_Workspace\EthernetAX7A200B\ethernet_main\ethernet_main.srcs\sources_1\new\udp_state_machine.v:]
WARNING: [filemgmt 56-199] Attempt to get parsing info during refresh. "On-the-fly" syntax checking information may be incorrect. [C:\01_FPGA_Workspace\EthernetAX7A200B\ethernet_main\ethernet_main.srcs\sources_1\new\udp_state_machine.v:]
WARNING: [filemgmt 56-199] Attempt to get parsing info during refresh. "On-the-fly" syntax checking information may be incorrect. [C:\01_FPGA_Workspace\EthernetAX7A200B\ethernet_main\ethernet_main.srcs\sources_1\new\ethernet_state_machine.v:]
WARNING: [filemgmt 56-199] Attempt to get parsing info during refresh. "On-the-fly" syntax checking information may be incorrect. [C:\01_FPGA_Workspace\EthernetAX7A200B\ethernet_main\ethernet_main.srcs\sources_1\new\ethernet_pipe_stage.v:]
WARNING: [filemgmt 56-199] Attempt to get parsing info during refresh. "On-the-fly" syntax checking information may be incorrect. [C:\01_FPGA_Workspace\EthernetAX7A200B\ethernet_main\ethernet_main.srcs\sources_1\new\rgmii_rx.v:]
WARNING: [filemgmt 56-199] Attempt to get parsing info during refresh. "On-the-fly" syntax checking information may be incorrect. [C:\01_FPGA_Workspace\EthernetAX7A200B\ethernet_main\ethernet_main.gen\sources_1\bd\design_1\hdl\design_1_wrapper.v:]
WARNING: [filemgmt 56-199] Attempt to get parsing info during refresh. "On-the-fly" syntax checking information may be incorrect. [C:\01_FPGA_Workspace\EthernetAX7A200B\ethernet_main\ethernet_main.srcs\sources_1\new\udp_state_machine.v:]
WARNING: [filemgmt 56-199] Attempt to get parsing info during refresh. "On-the-fly" syntax checking information may be incorrect. [C:\01_FPGA_Workspace\EthernetAX7A200B\ethernet_main\ethernet_main.gen\sources_1\bd\design_1\hdl\design_1_wrapper.v:]
WARNING: [filemgmt 56-199] Attempt to get parsing info during refresh. "On-the-fly" syntax checking information may be incorrect. [C:\01_FPGA_Workspace\EthernetAX7A200B\ethernet_main\ethernet_main.gen\sources_1\bd\design_1\hdl\design_1_wrapper.v:]
WARNING: [filemgmt 56-199] Attempt to get parsing info during refresh. "On-the-fly" syntax checking information may be incorrect. [C:\01_FPGA_Workspace\EthernetAX7A200B\ethernet_main\ethernet_main.srcs\sources_1\new\ethernet_state_machine.v:]
WARNING: [filemgmt 56-199] Attempt to get parsing info during refresh. "On-the-fly" syntax checking information may be incorrect. [C:\01_FPGA_Workspace\EthernetAX7A200B\ethernet_main\ethernet_main.srcs\sources_1\new\ethernet_pipe_stage.v:]
WARNING: [filemgmt 56-199] Attempt to get parsing info during refresh. "On-the-fly" syntax checking information may be incorrect. [C:\01_FPGA_Workspace\EthernetAX7A200B\ethernet_main\ethernet_main.srcs\sources_1\new\rgmii_rx.v:]
WARNING: [filemgmt 56-199] Attempt to get parsing info during refresh. "On-the-fly" syntax checking information may be incorrect. [C:\01_FPGA_Workspace\EthernetAX7A200B\ethernet_main\ethernet_main.gen\sources_1\bd\design_1\hdl\design_1_wrapper.v:]
WARNING: [filemgmt 56-199] Attempt to get parsing info during refresh. "On-the-fly" syntax checking information may be incorrect. [C:\01_FPGA_Workspace\EthernetAX7A200B\ethernet_main\ethernet_main.srcs\sources_1\new\udp_state_machine.v:]
WARNING: [filemgmt 56-199] Attempt to get parsing info during refresh. "On-the-fly" syntax checking information may be incorrect. [C:\01_FPGA_Workspace\EthernetAX7A200B\ethernet_main\ethernet_main.srcs\sources_1\new\ethernet_pipe_stage.v:]
WARNING: [filemgmt 56-199] Attempt to get parsing info during refresh. "On-the-fly" syntax checking information may be incorrect. [C:\01_FPGA_Workspace\EthernetAX7A200B\ethernet_main\ethernet_main.srcs\sources_1\new\ethernet_pipe_stage.v:]
WARNING: [filemgmt 56-199] Attempt to get parsing info during refresh. "On-the-fly" syntax checking information may be incorrect. [C:\01_FPGA_Workspace\EthernetAX7A200B\ethernet_main\ethernet_main.srcs\sources_1\new\ethernet_state_machine.v:]
WARNING: [filemgmt 56-199] Attempt to get parsing info during refresh. "On-the-fly" syntax checking information may be incorrect. [C:\01_FPGA_Workspace\EthernetAX7A200B\ethernet_main\ethernet_main.srcs\sources_1\new\ethernet_pipe_stage.v:]
WARNING: [filemgmt 56-199] Attempt to get parsing info during refresh. "On-the-fly" syntax checking information may be incorrect. [C:\01_FPGA_Workspace\EthernetAX7A200B\ethernet_main\ethernet_main.srcs\sources_1\new\rgmii_rx.v:]
WARNING: [filemgmt 56-199] Attempt to get parsing info during refresh. "On-the-fly" syntax checking information may be incorrect. [C:\01_FPGA_Workspace\EthernetAX7A200B\ethernet_main\ethernet_main.gen\sources_1\bd\design_1\hdl\design_1_wrapper.v:]
WARNING: [filemgmt 56-199] Attempt to get parsing info during refresh. "On-the-fly" syntax checking information may be incorrect. [C:\01_FPGA_Workspace\EthernetAX7A200B\ethernet_main\ethernet_main.srcs\sources_1\new\udp_state_machine.v:]
WARNING: [filemgmt 56-199] Attempt to get parsing info during refresh. "On-the-fly" syntax checking information may be incorrect. [C:\01_FPGA_Workspace\EthernetAX7A200B\ethernet_main\ethernet_main.srcs\sources_1\new\rgmii_rx.v:]
WARNING: [filemgmt 56-199] Attempt to get parsing info during refresh. "On-the-fly" syntax checking information may be incorrect. [C:\01_FPGA_Workspace\EthernetAX7A200B\ethernet_main\ethernet_main.srcs\sources_1\new\rgmii_rx.v:]
ERROR: [Common 17-180] Spawn failed: Der Vorgang wurde erfolgreich beendet.

WARNING: [filemgmt 56-199] Attempt to get parsing info during refresh. "On-the-fly" syntax checking information may be incorrect. [C:\01_FPGA_Workspace\EthernetAX7A200B\ethernet_main\ethernet_main.srcs\sources_1\new\ethernet_state_machine.v:]
WARNING: [filemgmt 56-199] Attempt to get parsing info during refresh. "On-the-fly" syntax checking information may be incorrect. [C:\01_FPGA_Workspace\EthernetAX7A200B\ethernet_main\ethernet_main.srcs\sources_1\new\ethernet_pipe_stage.v:]
WARNING: [filemgmt 56-199] Attempt to get parsing info during refresh. "On-the-fly" syntax checking information may be incorrect. [C:\01_FPGA_Workspace\EthernetAX7A200B\ethernet_main\ethernet_main.srcs\sources_1\new\rgmii_rx.v:]
WARNING: [filemgmt 56-199] Attempt to get parsing info during refresh. "On-the-fly" syntax checking information may be incorrect. [C:\01_FPGA_Workspace\EthernetAX7A200B\ethernet_main\ethernet_main.gen\sources_1\bd\design_1\hdl\design_1_wrapper.v:]
WARNING: [filemgmt 56-199] Attempt to get parsing info during refresh. "On-the-fly" syntax checking information may be incorrect. [C:\01_FPGA_Workspace\EthernetAX7A200B\ethernet_main\ethernet_main.srcs\sources_1\new\udp_state_machine.v:]
WARNING: [filemgmt 56-199] Attempt to get parsing info during refresh. "On-the-fly" syntax checking information may be incorrect. [C:\01_FPGA_Workspace\EthernetAX7A200B\ethernet_main\ethernet_main.gen\sources_1\bd\design_1\hdl\design_1_wrapper.v:]
WARNING: [filemgmt 56-199] Attempt to get parsing info during refresh. "On-the-fly" syntax checking information may be incorrect. [C:\01_FPGA_Workspace\EthernetAX7A200B\ethernet_main\ethernet_main.gen\sources_1\bd\design_1\hdl\design_1_wrapper.v:]
ERROR: [Common 17-180] Spawn failed: Der Vorgang wurde erfolgreich beendet.

[Wed Oct  7 01:59:16 2026] Launched design_1_ila_0_0_synth_1, design_1_ethernet_pipe_stage_0_0_synth_1, synth_1...
Run output will be captured here:
design_1_ila_0_0_synth_1: C:/01_FPGA_Workspace/EthernetAX7A200B/ethernet_main/ethernet_main.runs/design_1_ila_0_0_synth_1/runme.log
design_1_ethernet_pipe_stage_0_0_synth_1: C:/01_FPGA_Workspace/EthernetAX7A200B/ethernet_main/ethernet_main.runs/design_1_ethernet_pipe_stage_0_0_synth_1/runme.log
synth_1: C:/01_FPGA_Workspace/EthernetAX7A200B/ethernet_main/ethernet_main.runs/synth_1/runme.log
[Wed Oct  7 01:59:16 2026] Launched impl_1...
Run output will be captured here: C:/01_FPGA_Workspace/EthernetAX7A200B/ethernet_main/ethernet_main.runs/impl_1/runme.log
launch_runs: Time (s): cpu = 00:00:01 ; elapsed = 00:00:05 . Memory (MB): peak = 5131.176 ; gain = 0.000
ERROR: [Common 17-39] 'launch_runs' failed due to earlier errors.
WARNING: [filemgmt 56-199] Attempt to get parsing info during refresh. "On-the-fly" syntax checking information may be incorrect. [C:\01_FPGA_Workspace\EthernetAX7A200B\ethernet_main\ethernet_main.srcs\sources_1\new\ethernet_state_machine.v:]
WARNING: [filemgmt 56-199] Attempt to get parsing info during refresh. "On-the-fly" syntax checking information may be incorrect. [C:\01_FPGA_Workspace\EthernetAX7A200B\ethernet_main\ethernet_main.srcs\sources_1\new\ethernet_pipe_stage.v:]
WARNING: [filemgmt 56-199] Attempt to get parsing info during refresh. "On-the-fly" syntax checking information may be incorrect. [C:\01_FPGA_Workspace\EthernetAX7A200B\ethernet_main\ethernet_main.srcs\sources_1\new\rgmii_rx.v:]
WARNING: [filemgmt 56-199] Attempt to get parsing info during refresh. "On-the-fly" syntax checking information may be incorrect. [C:\01_FPGA_Workspace\EthernetAX7A200B\ethernet_main\ethernet_main.gen\sources_1\bd\design_1\hdl\design_1_wrapper.v:]
WARNING: [filemgmt 56-199] Attempt to get parsing info during refresh. "On-the-fly" syntax checking information may be incorrect. [C:\01_FPGA_Workspace\EthernetAX7A200B\ethernet_main\ethernet_main.srcs\sources_1\new\udp_state_machine.v:]
WARNING: [filemgmt 56-199] Attempt to get parsing info during refresh. "On-the-fly" syntax checking information may be incorrect. [C:\01_FPGA_Workspace\EthernetAX7A200B\ethernet_main\ethernet_main.gen\sources_1\bd\design_1\hdl\design_1_wrapper.v:]
WARNING: [filemgmt 56-199] Attempt to get parsing info during refresh. "On-the-fly" syntax checking information may be incorrect. [C:\01_FPGA_Workspace\EthernetAX7A200B\ethernet_main\ethernet_main.gen\sources_1\bd\design_1\hdl\design_1_wrapper.v:]
WARNING: [filemgmt 56-199] Attempt to get parsing info during refresh. "On-the-fly" syntax checking information may be incorrect. [C:\01_FPGA_Workspace\EthernetAX7A200B\ethernet_main\ethernet_main.srcs\sources_1\new\ethernet_state_machine.v:]
WARNING: [filemgmt 56-199] Attempt to get parsing info during refresh. "On-the-fly" syntax checking information may be incorrect. [C:\01_FPGA_Workspace\EthernetAX7A200B\ethernet_main\ethernet_main.srcs\sources_1\new\ethernet_pipe_stage.v:]
WARNING: [filemgmt 56-199] Attempt to get parsing info during refresh. "On-the-fly" syntax checking information may be incorrect. [C:\01_FPGA_Workspace\EthernetAX7A200B\ethernet_main\ethernet_main.srcs\sources_1\new\rgmii_rx.v:]
WARNING: [filemgmt 56-199] Attempt to get parsing info during refresh. "On-the-fly" syntax checking information may be incorrect. [C:\01_FPGA_Workspace\EthernetAX7A200B\ethernet_main\ethernet_main.gen\sources_1\bd\design_1\hdl\design_1_wrapper.v:]
WARNING: [filemgmt 56-199] Attempt to get parsing info during refresh. "On-the-fly" syntax checking information may be incorrect. [C:\01_FPGA_Workspace\EthernetAX7A200B\ethernet_main\ethernet_main.srcs\sources_1\new\udp_state_machine.v:]
WARNING: [filemgmt 56-199] Attempt to get parsing info during refresh. "On-the-fly" syntax checking information may be incorrect. [C:\01_FPGA_Workspace\EthernetAX7A200B\ethernet_main\ethernet_main.srcs\sources_1\new\udp_state_machine.v:]
WARNING: [filemgmt 56-199] Attempt to get parsing info during refresh. "On-the-fly" syntax checking information may be incorrect. [C:\01_FPGA_Workspace\EthernetAX7A200B\ethernet_main\ethernet_main.srcs\sources_1\new\udp_state_machine.v:]
ERROR: [Common 17-180] Spawn failed: Der Vorgang wurde erfolgreich beendet.

WARNING: [filemgmt 56-199] Attempt to get parsing info during refresh. "On-the-fly" syntax checking information may be incorrect. [C:\01_FPGA_Workspace\EthernetAX7A200B\ethernet_main\ethernet_main.srcs\sources_1\new\ethernet_state_machine.v:]
WARNING: [filemgmt 56-199] Attempt to get parsing info during refresh. "On-the-fly" syntax checking information may be incorrect. [C:\01_FPGA_Workspace\EthernetAX7A200B\ethernet_main\ethernet_main.srcs\sources_1\new\ethernet_pipe_stage.v:]
WARNING: [filemgmt 56-199] Attempt to get parsing info during refresh. "On-the-fly" syntax checking information may be incorrect. [C:\01_FPGA_Workspace\EthernetAX7A200B\ethernet_main\ethernet_main.srcs\sources_1\new\rgmii_rx.v:]
WARNING: [filemgmt 56-199] Attempt to get parsing info during refresh. "On-the-fly" syntax checking information may be incorrect. [C:\01_FPGA_Workspace\EthernetAX7A200B\ethernet_main\ethernet_main.gen\sources_1\bd\design_1\hdl\design_1_wrapper.v:]
WARNING: [filemgmt 56-199] Attempt to get parsing info during refresh. "On-the-fly" syntax checking information may be incorrect. [C:\01_FPGA_Workspace\EthernetAX7A200B\ethernet_main\ethernet_main.srcs\sources_1\new\udp_state_machine.v:]
WARNING: [filemgmt 56-199] Attempt to get parsing info during refresh. "On-the-fly" syntax checking information may be incorrect. [C:\01_FPGA_Workspace\EthernetAX7A200B\ethernet_main\ethernet_main.srcs\sources_1\new\ethernet_state_machine.v:]
WARNING: [filemgmt 56-199] Attempt to get parsing info during refresh. "On-the-fly" syntax checking information may be incorrect. [C:\01_FPGA_Workspace\EthernetAX7A200B\ethernet_main\ethernet_main.srcs\sources_1\new\ethernet_state_machine.v:]
WARNING: [filemgmt 56-199] Attempt to get parsing info during refresh. "On-the-fly" syntax checking information may be incorrect. [C:\01_FPGA_Workspace\EthernetAX7A200B\ethernet_main\ethernet_main.srcs\sources_1\new\rgmii_rx.v:]
WARNING: [filemgmt 56-199] Attempt to get parsing info during refresh. "On-the-fly" syntax checking information may be incorrect. [C:\01_FPGA_Workspace\EthernetAX7A200B\ethernet_main\ethernet_main.srcs\sources_1\new\rgmii_rx.v:]
WARNING: [filemgmt 56-199] Attempt to get parsing info during refresh. "On-the-fly" syntax checking information may be incorrect. [C:\01_FPGA_Workspace\EthernetAX7A200B\ethernet_main\ethernet_main.srcs\sources_1\new\ethernet_state_machine.v:]
WARNING: [filemgmt 56-199] Attempt to get parsing info during refresh. "On-the-fly" syntax checking information may be incorrect. [C:\01_FPGA_Workspace\EthernetAX7A200B\ethernet_main\ethernet_main.srcs\sources_1\new\ethernet_pipe_stage.v:]
WARNING: [filemgmt 56-199] Attempt to get parsing info during refresh. "On-the-fly" syntax checking information may be incorrect. [C:\01_FPGA_Workspace\EthernetAX7A200B\ethernet_main\ethernet_main.srcs\sources_1\new\rgmii_rx.v:]
WARNING: [filemgmt 56-199] Attempt to get parsing info during refresh. "On-the-fly" syntax checking information may be incorrect. [C:\01_FPGA_Workspace\EthernetAX7A200B\ethernet_main\ethernet_main.gen\sources_1\bd\design_1\hdl\design_1_wrapper.v:]
WARNING: [filemgmt 56-199] Attempt to get parsing info during refresh. "On-the-fly" syntax checking information may be incorrect. [C:\01_FPGA_Workspace\EthernetAX7A200B\ethernet_main\ethernet_main.srcs\sources_1\new\udp_state_machine.v:]
WARNING: [filemgmt 56-199] Attempt to get parsing info during refresh. "On-the-fly" syntax checking information may be incorrect. [C:\01_FPGA_Workspace\EthernetAX7A200B\ethernet_main\ethernet_main.srcs\sources_1\new\ethernet_state_machine.v:]
WARNING: [filemgmt 56-199] Attempt to get parsing info during refresh. "On-the-fly" syntax checking information may be incorrect. [C:\01_FPGA_Workspace\EthernetAX7A200B\ethernet_main\ethernet_main.srcs\sources_1\new\ethernet_state_machine.v:]
WARNING: [filemgmt 56-199] Attempt to get parsing info during refresh. "On-the-fly" syntax checking information may be incorrect. [C:\01_FPGA_Workspace\EthernetAX7A200B\ethernet_main\ethernet_main.srcs\sources_1\new\ethernet_state_machine.v:]
WARNING: [filemgmt 56-199] Attempt to get parsing info during refresh. "On-the-fly" syntax checking information may be incorrect. [C:\01_FPGA_Workspace\EthernetAX7A200B\ethernet_main\ethernet_main.srcs\sources_1\new\ethernet_pipe_stage.v:]
WARNING: [filemgmt 56-199] Attempt to get parsing info during refresh. "On-the-fly" syntax checking information may be incorrect. [C:\01_FPGA_Workspace\EthernetAX7A200B\ethernet_main\ethernet_main.srcs\sources_1\new\rgmii_rx.v:]
WARNING: [filemgmt 56-199] Attempt to get parsing info during refresh. "On-the-fly" syntax checking information may be incorrect. [C:\01_FPGA_Workspace\EthernetAX7A200B\ethernet_main\ethernet_main.gen\sources_1\bd\design_1\hdl\design_1_wrapper.v:]
WARNING: [filemgmt 56-199] Attempt to get parsing info during refresh. "On-the-fly" syntax checking information may be incorrect. [C:\01_FPGA_Workspace\EthernetAX7A200B\ethernet_main\ethernet_main.srcs\sources_1\new\udp_state_machine.v:]
WARNING: [filemgmt 56-199] Attempt to get parsing info during refresh. "On-the-fly" syntax checking information may be incorrect. [C:\01_FPGA_Workspace\EthernetAX7A200B\ethernet_main\ethernet_main.srcs\sources_1\new\rgmii_rx.v:]
WARNING: [filemgmt 56-199] Attempt to get parsing info during refresh. "On-the-fly" syntax checking information may be incorrect. [C:\01_FPGA_Workspace\EthernetAX7A200B\ethernet_main\ethernet_main.srcs\sources_1\new\rgmii_rx.v:]
ERROR: [Common 17-180] Spawn failed: Der Vorgang wurde erfolgreich beendet.

WARNING: [filemgmt 56-199] Attempt to get parsing info during refresh. "On-the-fly" syntax checking information may be incorrect. [C:\01_FPGA_Workspace\EthernetAX7A200B\ethernet_main\ethernet_main.srcs\sources_1\new\ethernet_state_machine.v:]
WARNING: [filemgmt 56-199] Attempt to get parsing info during refresh. "On-the-fly" syntax checking information may be incorrect. [C:\01_FPGA_Workspace\EthernetAX7A200B\ethernet_main\ethernet_main.srcs\sources_1\new\ethernet_pipe_stage.v:]
WARNING: [filemgmt 56-199] Attempt to get parsing info during refresh. "On-the-fly" syntax checking information may be incorrect. [C:\01_FPGA_Workspace\EthernetAX7A200B\ethernet_main\ethernet_main.srcs\sources_1\new\rgmii_rx.v:]
WARNING: [filemgmt 56-199] Attempt to get parsing info during refresh. "On-the-fly" syntax checking information may be incorrect. [C:\01_FPGA_Workspace\EthernetAX7A200B\ethernet_main\ethernet_main.gen\sources_1\bd\design_1\hdl\design_1_wrapper.v:]
WARNING: [filemgmt 56-199] Attempt to get parsing info during refresh. "On-the-fly" syntax checking information may be incorrect. [C:\01_FPGA_Workspace\EthernetAX7A200B\ethernet_main\ethernet_main.srcs\sources_1\new\udp_state_machine.v:]
WARNING: [filemgmt 56-199] Attempt to get parsing info during refresh. "On-the-fly" syntax checking information may be incorrect. [C:\01_FPGA_Workspace\EthernetAX7A200B\ethernet_main\ethernet_main.gen\sources_1\bd\design_1\hdl\design_1_wrapper.v:]
WARNING: [filemgmt 56-199] Attempt to get parsing info during refresh. "On-the-fly" syntax checking information may be incorrect. [C:\01_FPGA_Workspace\EthernetAX7A200B\ethernet_main\ethernet_main.gen\sources_1\bd\design_1\hdl\design_1_wrapper.v:]
WARNING: [filemgmt 56-199] Attempt to get parsing info during refresh. "On-the-fly" syntax checking information may be incorrect. [C:\01_FPGA_Workspace\EthernetAX7A200B\ethernet_main\ethernet_main.srcs\sources_1\new\ethernet_pipe_stage.v:]
WARNING: [filemgmt 56-199] Attempt to get parsing info during refresh. "On-the-fly" syntax checking information may be incorrect. [C:\01_FPGA_Workspace\EthernetAX7A200B\ethernet_main\ethernet_main.srcs\sources_1\new\rgmii_rx.v:]
WARNING: [filemgmt 56-199] Attempt to get parsing info during refresh. "On-the-fly" syntax checking information may be incorrect. [C:\01_FPGA_Workspace\EthernetAX7A200B\ethernet_main\ethernet_main.gen\sources_1\bd\design_1\hdl\design_1_wrapper.v:]
WARNING: [filemgmt 56-199] Attempt to get parsing info during refresh. "On-the-fly" syntax checking information may be incorrect. [C:\01_FPGA_Workspace\EthernetAX7A200B\ethernet_main\ethernet_main.srcs\sources_1\new\udp_state_machine.v:]
WARNING: [filemgmt 56-199] Attempt to get parsing info during refresh. "On-the-fly" syntax checking information may be incorrect. [C:\01_FPGA_Workspace\EthernetAX7A200B\ethernet_main\ethernet_main.srcs\sources_1\new\udp_state_machine.v:]
WARNING: [filemgmt 56-199] Attempt to get parsing info during refresh. "On-the-fly" syntax checking information may be incorrect. [C:\01_FPGA_Workspace\EthernetAX7A200B\ethernet_main\ethernet_main.srcs\sources_1\new\udp_state_machine.v:]
set_property PROBES.FILE {C:/01_FPGA_Workspace/EthernetAX7A200B/ethernet_main/ethernet_main.runs/impl_1/design_1_wrapper.ltx} [get_hw_devices xc7a200t_0]
set_property FULL_PROBES.FILE {C:/01_FPGA_Workspace/EthernetAX7A200B/ethernet_main/ethernet_main.runs/impl_1/design_1_wrapper.ltx} [get_hw_devices xc7a200t_0]
set_property PROGRAM.FILE {C:/01_FPGA_Workspace/EthernetAX7A200B/ethernet_main/ethernet_main.runs/impl_1/design_1_wrapper.bit} [get_hw_devices xc7a200t_0]
program_hw_devices [get_hw_devices xc7a200t_0]
INFO: [Labtools 27-3164] End of startup status: HIGH
program_hw_devices: Time (s): cpu = 00:00:08 ; elapsed = 00:00:08 . Memory (MB): peak = 5131.176 ; gain = 0.000
refresh_hw_device [lindex [get_hw_devices xc7a200t_0] 0]
INFO: [Labtools 27-2302] Device xc7a200t (JTAG device index = 0) is programmed with a design that has 1 ILA core(s).
add_wave -into {hw_ila_data_1.wcfg} -radix hex { {design_1_i/ethernet_pipe_stage_0_o_piped_byte} }
run_hw_ila [get_hw_ilas -of_objects [get_hw_devices xc7a200t_0] -filter {CELL_NAME=~"design_1_i/ila_0"}]
INFO: [Labtools 27-1964] The ILA core 'hw_ila_1' trigger was armed at 2026-Oct-07 02:03:28
wait_on_hw_ila [get_hw_ilas -of_objects [get_hw_devices xc7a200t_0] -filter {CELL_NAME=~"design_1_i/ila_0"}]
display_hw_ila_data [upload_hw_ila_data [get_hw_ilas -of_objects [get_hw_devices xc7a200t_0] -filter {CELL_NAME=~"design_1_i/ila_0"}]]
INFO: [Labtools 27-1966] The ILA core 'hw_ila_1' triggered at 2026-Oct-07 02:03:28
INFO: [Labtools 27-3304] ILA Waveform data saved to file C:/01_FPGA_Workspace/EthernetAX7A200B/ethernet_main/ethernet_main.hw/backup/hw_ila_data_1.ila. Use Tcl command 'read_hw_ila_data' or Vivado File->Import->Import ILA Data menu item to import the previously saved data.
save_wave_config {C:/01_FPGA_Workspace/EthernetAX7A200B/ethernet_main/ethernet_main.hw/hw_1/wave/hw_ila_data_1/hw_ila_data_1.wcfg}
exit
INFO: [Common 17-206] Exiting Vivado at Wed Oct  7 02:12:56 2026...
